Unnamed: 0,replicate,sample_size,Ne,length,recombination_rate,mutation_rate,error_param,edges,n_trees,n_sites,seed,ARGweaver_completed,RentPlus_completed,tsinfer_completed,fastARG_completed,RentPlus_0_RFrooted,RentPlus_0_RFunrooted,RentPlus_memory,RentPlus_0_pathunrooted,RentPlus_0_wRFrooted,RentPlus_0_SPRunrooted,RentPlus_0_KCrooted,RentPlus_0_wRFunrooted,RentPlus_cputime,fastARG_0_wRFunrooted,fastARG_0_RFrooted,fastARG_0_wRFrooted,fastARG_0_RFunrooted,fastARG_memory,fastARG_0_pathunrooted,fastARG_0_SPRunrooted,fastARG_edges,fastARG_0_KCrooted,fastARG_cputime,fastARG_ts_filesize,tsinfer_memory,tsinfer_max_polytomy,tsinfer_2_wRFrooted,tsinfer_0_RFunrooted,tsinfer_2_SPRunrooted,tsinfer_2_RFrooted,tsinfer_0_wRFunrooted,tsinfer_mean_polytomy,tsinfer_2_KCrooted,tsinfer_0_SPRunrooted,tsinfer_0_KCrooted,tsinfer_2_wRFunrooted,tsinfer_0_RFrooted,tsinfer_cputime,tsinfer_var_polytomy,tsinfer_0_pathunrooted,tsinfer_edges,tsinfer_2_RFunrooted,tsinfer_0_wRFrooted,tsinfer_2_pathunrooted,tsinfer_ts_filesize,ARGweaver_0_SPRunrooted,ARGweaver_0_RFunrooted,ARGweaver_edges,ARGweaver_0_wRFrooted,ARGweaver_memory,ARGweaver_0_wRFunrooted,ARGweaver_iterations,ARGweaver_0_pathunrooted,ARGweaver_ts_filesize,ARGweaver_cputime,ARGweaver_0_KCrooted,ARGweaver_0_RFrooted
0,0,10,5000,40000,1e-08,1e-08,0,98,23,23,808716224,True,True,True,True,7.50765,5.3465,55545856.0,7.8428457560814655,,1.731375,8.303100871912285,,0.71,64240.26957856255,8.92618337686609,64241.88077302151,6.449388917910727,2121728.0,8.036729425894569,1.6523472294776818,22.0,8.42843395937419,0.0,6508.0,58019840.0,5.0,64347.903476219886,6.6950227017965895,2.0264168105389766,8.513059134302539,64346.927078868925,2.555555555555556,7.620543463905865,,7.398874789916787,64346.927078868925,7.910633215021177,1.06,0.9135802469135802,9.011512240060927,23.0,7.164543885981341,64347.903476219886,8.17861901816951,8436.0,2.3049825000000004,8.171510000000001,78.3,67189.34618339379,83968000.0,66143.22644021126,"0,20,40,60,80,100,120,140,160,180",9.46145896046744,7820.0,1249.08,9.511246672468712,10.36645
1,0,10,5000,200000,1e-08,1e-08,0,301,99,127,1137898847,True,True,True,True,4.05581,3.16195,85426176.0,5.530451963457727,,1.21817,4.841774603377086,,1.3800000000000001,59527.04576319751,5.495494506351983,59533.22553264753,3.242863698775575,2035712.0,5.1827671478766835,1.042255352768663,97.0,7.0745159727973626,0.0,13660.0,58929152.0,11.0,59789.06405170682,3.5269075771934872,1.3597956355815035,4.842546591650022,59788.35826522128,3.375,4.600458136346118,1.0849515285400229,4.35558988893145,59788.35826522128,4.38237872897573,1.14,6.546875,6.444340636003598,108.0,3.982809478554045,59789.064051706824,6.040149916712371,15844.0,1.2169889999999999,3.479042,340.5,51905.62378519212,248295424.0,51218.42157714579,"0,20,40,60,80,100,120,140,160,180",5.560230843585295,18575.2,4691.08,4.922907350346634,4.426638
2,0,20,5000,200000,1e-08,1e-08,0,315,80,98,716355064,True,True,True,True,18.29748,16.49581,101228544.0,30.60369026769759,,4.05124,21.48322314854035,,1.83,50914.21111100956,17.860919476212853,50918.63567252508,15.476271622046776,2080768.0,29.93298645493548,4.15971553630027,145.0,27.780403847555966,0.0,14700.0,58355712.0,16.0,51686.23741173707,15.511448720516805,4.988080452036668,21.591189778769184,51685.629879298016,3.71875,26.853375479205194,,23.929658021859765,51685.629879298016,17.116728812876293,1.08,9.4521484375,36.32338209651493,119.0,19.62747214968315,51686.237411737064,33.30699655855996,15460.0,4.6680684999999995,18.543241,371.0,55734.830830689265,402890752.0,55517.724391180236,"0,20,40,60,80,100,120,140,160,180",31.718510353302907,19598.666666666668,10116.47,23.08697881354064,20.324885
3,0,40,5000,200000,1e-08,1e-08,0,591,152,149,309401769,True,True,True,True,33.08347,31.63291,281296896.0,54.6101215972511,,9.192025,33.34194204294663,,5.8,78031.71998254133,34.56004985021189,78038.86653231952,32.324154843058444,2117632.0,62.266748307847344,8.913573897383273,353.0,47.678970190025595,0.0,25508.0,59363328.0,25.0,80537.2643454357,29.97986999642271,10.246185479682703,40.66662340650787,80534.4781207641,3.904109589041096,38.65062284552496,,37.03801313249153,80534.47812076412,31.48446681073189,1.26,12.525051604428597,87.30366404367727,285.0,39.097543031508096,80537.26434543572,64.05101157069274,24596.0,9.541907499999999,35.549803999999995,596.1,89098.6242741317,525869056.0,88638.46608271818,"0,20,40,60,80,100,120,140,160,180",61.535653866371526,29168.8,8505.3,35.174315622880954,36.905965
4,0,64,5000,200000,1e-08,1e-08,0,656,155,170,429519779,True,True,True,True,60.79342,59.46184,501620736.0,106.71299630764078,,15.35729,65.43040315485464,,8.09,82585.65314353588,60.879099787546046,82592.10564595314,58.736581536894924,2203648.0,104.18040033030545,15.647673220702119,412.0,77.71546554071642,0.01,29388.0,59101184.0,18.0,86999.99287269625,44.05296320819871,14.887517008179701,59.210101247897796,86996.11788744434,3.917647058823529,69.36968182601674,,63.3376758738272,86996.11788744434,45.40979265103782,1.21,7.040276816608995,158.3369590333536,333.0,57.69063244085085,86999.99287269625,108.25583951682593,28228.0,15.831504,59.88880699999999,729.4,97289.87277622744,704610304.0,96801.44694494824,"0,20,40,60,80,100,120,140,160,180",117.57920449111755,35207.2,11325.62,60.32068335011246,61.044222999999995
5,0,100,5000,200000,1e-08,1e-08,0,948,212,261,1927017078,True,True,True,True,89.0986,87.70192,714596352.0,226.27549005910612,,22.52459,124.85440934426967,,20.95,120851.1486503782,105.91709880541671,120871.34261247274,103.58750126083,2326528.0,234.95411340628064,25.008876329772782,796.0,144.55849947545457,0.03,49236.0,58843136.0,29.0,126222.3919390619,84.35774063040749,28.093490772951235,115.53418398219335,126219.84298625943,4.186046511627906,127.29322733762811,,109.90581659248707,126219.84298625939,85.53259097512226,1.44,11.980890571480082,333.7496563959089,540.0,114.15396996727208,126222.39193906193,243.6293322541871,40964.0,26.8694265,112.327941,1069.7777777777776,142273.979558655,1000386560.0,141814.23770302458,"0,20,40,60,80,100,120,140,160,180",254.49585643324107,49488.444444444445,11663.24,125.14625853315556,113.655258
6,0,10,5000,293333,1e-08,1e-08,0,410,128,169,1088278859,True,True,True,True,3.9863499844886188,2.698421248205964,109817856.0,4.660765461941476,,0.9254874153266083,5.404073025695938,,2.0,59414.45651655558,5.832730972651227,59421.15204463535,3.48057981093599,2080768.0,5.657743141159343,1.1262989112753703,121.0,7.2169487859695325,0.0,16292.0,59162624.0,29.0,59759.16997340835,3.013225218990556,1.0671543928387952,4.149447341525983,59757.908509110515,4.026315789473684,4.849449016254406,1.0335005049947288,4.660481941246682,59757.90850911053,3.9489086503818034,1.22,21.02562326869806,5.245576715087628,153.0,3.1767365923242386,59759.16997340835,5.171701976548267,19140.0,1.3816144109254669,3.802940003340913,450.33333333333326,49886.941158470916,291217408.0,49259.83138268688,"0,20,40,60,80,100,120,140,160,180",5.6684550093885635,22892.88888888889,7834.03,5.052773438440856,4.980904978301112
7,0,10,5000,546666,1e-08,1e-08,0,806,261,328,567844019,True,True,True,True,6.148364815079042,4.88323034540286,157786112.0,7.301665145671514,,1.4276852776649727,6.558765012907408,,2.96,61210.28474201082,8.602588805120224,61216.93686174607,6.503321788236972,2076672.0,8.617192448700102,1.8554848197729743,254.0,8.607420733903352,0.0,27748.0,59650048.0,42.0,61930.725480582616,6.085528662179343,1.8817577366223208,7.84648527928028,61928.736816104436,4.011111111111111,7.294820503394375,1.6184699927554431,6.784783550185299,61928.736816104465,7.188445461579425,1.29,22.47765432098765,8.797707457952328,361.0,6.649065416937847,61930.725480582616,8.974624344326964,33388.0,1.7492329868694962,6.040312000380489,876.3,52673.060515705656,529018880.0,52144.721842191524,"0,20,40,60,80,100,120,140,160,180",8.198209745651535,39901.6,16119.749999999998,6.739288320942515,7.170012036600045
8,0,10,5000,800000,1e-08,1e-08,0,1154,373,507,872000538,True,True,True,True,4.616435,3.2745275,243589120.0,5.256933107103696,,1.08565125,5.769710202229772,,4.630000000000001,64061.79302845316,7.3999791249737745,64077.13439521213,4.824982407692648,2084864.0,7.3555504796560225,1.4549683780628742,351.0,8.93610546470335,0.0,38700.0,58998784.0,62.0,65024.71339614687,3.7100144248170714,1.2937313270191786,5.141894754034841,65023.062085588215,4.152542372881356,5.8230325182277145,1.2040249448150049,5.643559279909019,65023.062085588215,4.845064877089773,1.31,39.09537489227233,6.5393592040445325,490.0,3.98381524107715,65024.71339614687,6.242754005237327,45340.0,1.45948,4.50754375,1307.5,55983.29226212201,691412992.0,55293.46246247634,"0,20,40,60,80,100,120,140,160,180",6.4594272169314895,57261.6,24167.16,5.742931201660848,5.6639452499999985
9,1,10,5000,40000,1e-08,1e-08,0,93,26,20,1492239008,True,True,True,True,4.60165,2.3964,48087040.0,4.694100808418239,,0.869825,8.482580209577375,,0.48,71276.58098441164,6.286623658036422,71279.13453034963,4.234624459201108,2072576.0,6.5150882984289575,1.6694989143895655,28.0,7.0814491382911475,0.0,6628.0,58585088.0,5.0,71402.30260389912,4.660196120468132,2.1461925297017643,7.715137804167516,71402.10105832836,3.5,6.325879028239648,,7.31999355717068,71402.10105832838,5.582855370720918,1.23,1.25,11.611031918830163,21.0,6.420773517820242,71402.30260389911,8.120078880964423,8180.0,1.7494074999999998,5.12696,80.2,70488.1018248704,96190464.0,69837.3411606434,"0,20,40,60,80,100,120,140,160,180",7.672970218034336,7935.2,1069.03,7.543028996286408,6.765305000000001
10,1,10,5000,200000,1e-08,1e-08,0,291,89,123,499387851,True,True,True,True,4.35593,3.24724,80486400.0,5.182068168179888,,1.129265,5.241620502350402,,1.7599999999999998,66587.58376254859,8.663142802692379,66597.64757949636,5.846726269483229,2088960.0,7.709125061344932,1.573373192513353,90.0,8.86975200547594,0.0,13212.0,58900480.0,16.0,66846.84168248811,3.43422772851971,1.3394193958642269,5.036117980003387,66843.47038897408,3.7,6.0328026924332026,1.2090610464179383,5.754923412406478,66843.47038897408,4.630069822992651,1.14,8.743333333333336,6.696264232273448,111.0,3.816810945560845,66846.84168248811,6.453745871106138,15756.0,1.67793,5.627535,362.5,54851.3341838616,221450240.0,53798.02392768293,"0,20,40,60,80,100,120,140,160,180",7.68743610801597,19239.2,5497.76,6.76384871625128,6.926133
11,1,20,5000,200000,1e-08,1e-08,0,483,133,135,1389054605,True,True,True,True,15.70669,14.45568,157569024.0,23.573017477676025,,4.59625,16.648547150028087,,2.81,69388.78297346362,17.57884262314625,69391.60818497959,15.715565727896873,2080768.0,25.55430711347969,4.7850716926841885,238.0,22.66033281110973,0.0,19756.0,58785792.0,22.0,70501.52438041242,15.621165961683078,5.175821996604951,20.159823311298553,70498.30838229839,4.172413793103448,21.126983421987408,,19.522602417465354,70498.30838229838,17.272230678497156,1.01,13.797859690844232,31.596710438615702,242.0,18.424425883469862,70501.52438041242,27.77939003383533,21468.0,4.8650579999999986,16.556995999999998,523.6,81300.20430803469,345493504.0,80906.3117894044,"0,20,40,60,80,100,120,140,160,180",25.38336757086726,25671.2,6894.23,18.536996993691535,17.996962
12,1,40,5000,200000,1e-08,1e-08,0,573,148,176,1972686173,True,True,True,True,43.40077,42.00414,313827328.0,73.87699082997376,,10.574055,42.955388064353095,,6.2,89686.85192741225,47.99186824791646,89691.33708339867,45.724611280245206,2183168.0,80.8718110489841,11.052490764594314,306.0,51.50030674149726,0.0,24724.0,58728448.0,23.0,92318.91472433145,33.3548111964822,11.652733503574373,47.93738783135763,92315.39313745305,4.145161290322581,45.76285717041562,,44.972547569682824,92315.39313745302,34.60704201650616,1.26,10.382154006243498,119.68279214912508,257.0,46.62719340731038,92318.91472433145,81.52081820413811,24500.0,11.7263735,48.970336,618.7,95509.51861013213,533610496.0,94856.31250264707,"0,20,40,60,80,100,120,140,160,180",86.67344469188808,30108.0,8588.54,47.74624778970029,50.23251000000001
13,1,64,5000,200000,1e-08,1e-08,0,613,145,176,1953129429,True,True,True,True,61.62219,59.5322,541999104.0,105.26861181734104,,15.25523,65.50415397264439,,7.88,80368.26508446755,56.633374478655526,80376.72008149233,54.363039559720754,2273280.0,102.8689686390232,14.481479955746892,397.0,63.93774312244898,0.0,29092.0,59396096.0,25.0,84720.02482603,45.05656938805557,16.09727708936869,61.15773796091363,84716.98835076655,3.975308641975309,61.217732362909295,,58.87276753345596,84716.98835076657,46.262981924337225,1.28,9.678402682517907,156.32108741197226,322.0,59.59137555803727,84720.02482603,113.42911393396881,27988.0,14.025653,56.281586,645.8888888888888,91516.29176551488,742350848.0,91073.74847618144,"0,20,40,60,80,100,120,140,160,180",111.38061138469698,31870.66666666667,13242.15,63.61251287164096,57.94764300000001
14,1,100,5000,200000,1e-08,1e-08,0,801,171,200,287794401,True,True,True,True,106.62425,105.00415,665997312.0,227.16439020146652,,26.716625,120.6478681313799,,12.82,101476.47415716213,117.636965610098,101482.6490677251,115.16734107370877,2256896.0,246.75908418921082,28.742755685159654,622.0,146.06421659597748,0.02,40036.0,59363328.0,34.0,107615.50494741967,82.01438636948174,28.699662356473517,120.979529892636,107613.3853119626,4.480769230769232,141.7288070430755,,111.0981536490355,107613.3853119626,83.11788258966881,1.35,15.34578402366864,398.7405144074849,466.0,119.49422733640158,107615.50494741967,252.7088114437551,35540.0,26.438321999999996,110.901554,860.0,122879.35788304053,996593664.0,122419.87736996461,"0,20,40,60,80,100,120,140,160,180",233.10956296914063,41380.0,17854.86,122.24743471183528,112.515905
15,1,10,5000,293333,1e-08,1e-08,0,239,78,98,1662864346,True,True,True,True,4.2573866561212,3.026457984611346,71155712.0,5.267487595538476,,1.237453678924635,5.094587240065447,,1.22,34796.15834197748,6.578413471747023,34800.02564688125,4.276188425672382,1966080.0,6.607988483912295,1.5293355475060977,57.0,8.147596113736931,0.0,10892.0,58998784.0,12.0,35001.35721147652,4.045351192573902,1.7519131966976629,5.393940118689726,34998.66791830345,3.695652173913044,5.131718889367831,1.6544342881190182,5.019852844934038,34998.66791830345,5.030219212095453,1.52,7.342155009451796,6.705695823252512,85.0,4.303600992034114,35001.35721147651,6.41047897442018,13772.0,1.4262125297869657,4.024369573147242,282.5,31408.333985984882,387239936.0,30836.560891851102,"0,20,40,60,80,100,120,140,160,180",5.689195747990287,16170.4,8489.47,5.270994506533562,5.116936041972775
16,1,10,5000,546666,1e-08,1e-08,0,762,240,330,392300528,True,True,True,True,5.435593214138066,3.9643072735454554,156311552.0,6.346792095691938,,1.1669648377619972,6.564184413137258,,3.0,55427.9526213655,7.275176532988148,55438.12175691904,4.9065054489433635,2101248.0,7.237110449255103,1.4214476037628954,230.0,8.640075139958027,0.0,27020.0,59342848.0,31.0,55972.80568431283,4.080990371498611,1.40409140868635,5.723791724132153,55971.1893279792,3.744186046511628,6.923948221018988,1.2864108726023855,6.5644749768824635,55971.189327979206,5.375841849826733,1.14,13.981070849107628,6.8102826497223035,322.0,4.303491921845131,55972.80568431284,6.762083137275843,32124.0,1.2998320729659425,4.290451207867327,929.5,49946.24464780868,483110912.0,49333.05122964703,"0,20,40,60,80,100,120,140,160,180",6.605217399717351,41902.0,17047.75,6.7225005526699935,5.678533510406719
17,1,10,5000,800000,1e-08,1e-08,0,1067,344,428,1125918068,True,True,True,True,4.85533,3.62296,203800576.0,5.816936588528227,,1.1854325,5.604712707676915,,3.78,53205.38903415145,6.730682787644341,53214.644037340615,4.542143394369751,2072576.0,6.572251499851247,1.3074774922693306,295.0,8.339664753950283,0.0,33476.0,58650624.0,68.0,53991.369170861384,4.2500967767179665,1.4317103633699473,5.587322240260883,53989.81451877373,4.470085470085469,5.872177952315129,1.2055168605283153,5.719551225176457,53989.81451877371,5.310991454342421,1.24,44.86448973628461,6.984351409735782,523.0,4.481635618294439,53991.36917086138,6.680217440053787,43236.0,1.38944875,4.577776,1279.4444444444443,50104.34693568653,694792192.0,49470.63921697193,"0,20,40,60,80,100,120,140,160,180",6.825497581437812,56185.33333333334,25174.58,5.993825958203992,5.6937365
18,2,10,5000,40000,1e-08,1e-08,0,89,25,19,265820473,True,True,True,True,8.5038,7.3992,48123904.0,9.598644719775772,,1.9217,6.231047645829361,,0.48,54065.78269465243,10.851092520138476,54070.83902964413,8.47846904718242,2023424.0,9.685668913719724,2.3586284336578247,44.0,8.402435330521921,0.0,7196.0,58585088.0,9.0,54205.055687790926,7.2670990725458315,2.629257601393128,10.956353427619307,54204.39769072168,3.583333333333333,8.300415326098518,,6.00599037398085,54204.39769072169,8.311262317748849,0.99,4.409722222222221,12.58377677112104,43.0,9.838350182416288,54205.05568779092,11.45430863828085,8988.0,2.540635,8.531704999999999,97.3,60741.951828882724,77942784.0,60567.91612119202,"0,20,40,60,80,100,120,140,160,180",9.793931952999026,8607.2,979.25,7.143727146011367,9.781575
19,2,10,5000,200000,1e-08,1e-08,0,197,64,85,1046743283,True,True,True,True,5.99111,5.10364,69488640.0,7.345723802971183,,1.565675,4.894620225513198,,1.1700000000000002,47259.61941072077,7.175303496203242,47263.032237854684,5.2263476266115525,2072576.0,8.810913987289439,1.685761246451856,58.0,7.440515851806738,0.0,10436.0,59015168.0,13.0,47444.321378006505,5.10735618034996,1.894163550563201,7.764618672919606,47441.629676785116,3.1904761904761907,7.493769659314418,,6.5930338549946335,47441.629676785094,6.786016976909945,0.95,7.297052154195013,8.065769852862879,67.0,6.0649834199052375,47444.32137800651,8.669622649738779,12620.0,1.7738489999999998,6.142702,229.8,34579.197513752035,284409856.0,34200.706406822515,"0,20,40,60,80,100,120,140,160,180",8.357032564767515,14084.0,5000.58,5.941972216096788,7.1603330000000005
20,2,20,5000,200000,1e-08,1e-08,0,308,91,139,1350418526,True,True,True,True,12.65253,11.55822,158961664.0,19.433765048912075,,3.65619,12.063518631936189,,3.3000000000000003,61230.60385540874,15.662265477411948,61240.03836794687,13.285261462095535,2035712.0,20.74178298114174,4.0114171422249,152.0,20.769204828676926,0.0,16556.0,58707968.0,21.0,62005.112553049716,13.829448428298411,4.572740394775719,17.118911649233006,62004.16469552054,3.8333333333333335,15.982751567839166,,14.223901057152545,62004.16469552054,14.593313525528153,1.29,13.930555555555555,28.209228628222395,184.0,16.346417744707715,62005.112553049694,25.39630386248365,19540.0,3.756355,12.66354,366.4,56542.223425718264,326840320.0,56350.90453502621,"0,20,40,60,80,100,120,140,160,180",21.526827633228873,19823.2,5531.719999999998,13.16576687891227,13.499451
21,2,40,5000,200000,1e-08,1e-08,0,545,139,194,466871037,True,True,True,True,37.61073,36.31849,339750912.0,63.30867049007218,,10.29127,34.88678846522961,,6.26,84174.33729615109,41.35252819159896,84179.10392715574,39.20070256895185,2166784.0,66.37763422033821,10.262073749821496,392.0,47.3318431977565,0.0,28780.0,58826752.0,37.0,86990.89204071763,27.505748315653538,9.378178728008647,35.33315825072216,86988.04609391808,3.953488372093023,38.45455187060698,,32.96581385075872,86988.04609391806,28.425418306689142,1.12,16.951325040562466,77.8689199879851,340.0,34.308923795846745,86990.89204071763,67.02320900111586,28452.0,9.4167085,35.902815000000004,694.6666666666665,90262.48267365992,542404608.0,89836.56517859656,"0,20,40,60,80,100,120,140,160,180",62.600903863491716,33099.11111111112,8704.18,35.17314857528036,36.873039
22,2,64,5000,200000,1e-08,1e-08,0,659,154,190,1916939455,True,True,True,True,60.84775,59.23556,558161920.0,118.64950425428653,,15.47933,72.0153085801311,,8.56,96034.79628365088,62.6132330031786,96041.69529518414,60.28223911359697,2215936.0,125.89190068827841,16.588537186531248,483.0,83.575114806647,0.01,33036.0,59424768.0,20.0,100122.52041128805,53.49273939968839,18.4717862050932,74.05007920405694,100118.7262688042,4.044943820224719,76.76002412045473,,67.3854113086752,100118.7262688042,54.80486302251071,1.3,7.88562050246181,190.75276921528894,360.0,72.56142861128157,100122.52041128805,135.40480243935664,29964.0,16.789461,67.80219,777.5,104803.76156580645,754823168.0,104115.62347591594,"0,20,40,60,80,100,120,140,160,180",130.30712202743732,36991.2,10900.08,71.61836015192921,69.213723
23,2,100,5000,200000,1e-08,1e-08,0,831,176,196,929397077,True,True,True,True,109.597,108.05915,659722240.0,217.9589658016551,,25.736535,113.20169781528436,,11.79,100525.87799993002,123.81565100979056,100529.89879702117,121.45510613634144,2338816.0,254.23191965694636,28.73351563040481,637.0,131.47885755522546,0.02,40468.0,59625472.0,35.0,101237.15658670224,85.89764900012278,30.106286997196275,128.89234509904958,101234.52331383296,4.452830188679245,129.69888397741906,,117.74441067762008,101234.52331383296,87.14486080745873,1.32,17.549661801352794,397.8259776419243,472.0,127.32211000788021,101237.15658670224,238.15013216456023,35628.0,28.175315,119.783464,866.8,111490.98066071417,946020352.0,110725.91293106553,"0,20,40,60,80,100,120,140,160,180",229.84449818916875,41551.2,15427.91,114.3529138304871,121.16871200000001
24,2,10,5000,293333,1e-08,1e-08,0,323,104,135,462359148,True,True,True,True,4.358295861699843,3.048787555440404,83791872.0,4.628425467563685,,1.134379698158748,5.041480533197509,,1.7100000000000002,46630.05415162923,6.085341600749032,46633.77002758591,4.0442079811320655,2039808.0,5.5883660403602935,1.363457973858127,92.0,6.567975552380718,0.0,13708.0,59035648.0,20.0,46934.99518732787,2.375103977471691,0.9745955379459502,3.7646037891225963,46933.29569934071,3.4054054054054053,5.123230840645438,0.6601019555841809,4.912766305584972,46933.29569934071,3.46243898652694,1.1,13.808619430241054,4.628625483813218,126.0,2.5892766187474883,46934.995187327884,4.382937436553884,16868.0,1.5576484746005392,4.4485039187544535,435.7,43349.820155665075,289988608.0,42856.46535003938,"0,20,40,60,80,100,120,140,160,180",6.308060050250012,22269.6,7882.539999999999,5.287755078153138,5.456673473492584
25,2,10,5000,546666,1e-08,1e-08,0,770,245,318,418086302,True,True,True,True,5.476181068513498,4.024819542462857,143130624.0,6.27159712371226,,1.2927454789579012,6.345890582715687,,2.92,56619.919382718865,7.396086223546348,56629.370099516025,4.494300191964765,2088960.0,7.020016230220463,1.3302402530014803,213.0,9.964093336422474,0.0,25772.0,58880000.0,46.0,57186.26162562222,4.663243655179917,1.5299376689990465,6.146294240443335,57184.0874175244,4.304347826086956,6.159747249672503,1.341870407336058,5.933128047983883,57184.08741752442,5.804765403772797,1.11,38.0957781978576,7.3266927677013705,297.0,4.958860146765037,57186.261625622195,7.159012611594571,30452.0,1.5026824422956613,5.060886171812403,864.8,51187.78110761452,495071232.0,50506.245690325115,"0,20,40,60,80,100,120,140,160,180",7.360966785189022,39548.0,16537.27,6.543899585153655,6.258699095974508
26,2,10,5000,800000,1e-08,1e-08,0,819,271,403,316767138,True,True,True,True,4.3675625,3.334135,199213056.0,5.59787615462114,,1.06965875,5.106494121713156,,3.8800000000000003,49090.78510505418,6.642562967256142,49095.8663835333,4.563636569450587,2088960.0,7.1723588701403935,1.4087942735780403,206.0,7.8260634140876695,0.0,28972.0,59203584.0,48.0,49552.87915275867,3.1102014133046527,1.0598047428546284,4.100994290100664,49551.41234750677,4.111111111111111,4.839121341407545,1.1688037080942189,4.7879609716184595,49551.412347506775,3.9249486336965136,1.41,28.81481481481481,6.1197810783608215,333.0,3.2394046960017238,49552.879152758665,5.334375121138455,35292.0,1.25552675,3.983595,1015.9,40839.75052323029,706334720.0,40215.94056451563,"0,20,40,60,80,100,120,140,160,180",6.4652320962861625,46053.6,22737.36,5.385857932241398,4.9099905
27,3,10,5000,40000,1e-08,1e-08,0,91,25,22,570841540,True,True,True,True,7.0869,6.63925,50876416.0,9.332124136728552,,1.79095,7.6019980180076905,,0.55,73670.1196519186,8.71335,73672.0303238508,7.01045,2072576.0,10.88386255892502,1.792575,22.0,9.761614610288392,0.0,6476.0,57933824.0,4.0,73779.79006182785,5.514904763348887,2.072892705131597,7.424978771915578,73779.45163936766,3.0,7.220267523786132,,6.008033512094573,73779.45163936765,5.852577686770205,2.2,0.75,10.468398588668913,24.0,7.08730584849426,73779.79006182785,9.42677038231942,8388.0,1.9755525,8.012360000000001,95.9,72213.88351531878,87400448.0,71603.35537413058,"0,20,40,60,80,100,120,140,160,180",10.287162694524698,8607.2,940.03,7.847826405311537,8.5536
28,3,10,5000,200000,1e-08,1e-08,0,382,127,166,358116354,True,True,True,True,4.09089,3.19479,90763264.0,5.1115818241685815,,1.023965,5.111545490521128,,1.46,83840.65033811063,5.352531948031832,83844.1612685896,3.3126848831252818,2052096.0,4.930333402226221,0.9678387932407536,117.0,7.1284502004867605,0.0,16012.0,58998784.0,21.0,84129.29268943728,2.7059533718924755,0.9923495360924232,3.4218884783224794,84128.46480494122,3.8809523809523814,3.944659301358988,0.7453934810819947,3.7235236604671353,84128.46480494122,3.1738624126809754,0.92,13.390589569160998,5.059400071644955,163.0,2.930118468771235,84129.29268943728,4.778237387911683,19428.0,1.2528715,4.0118670000000005,445.3,70582.2037784749,212135936.0,69254.28701903389,"0,20,40,60,80,100,120,140,160,180",6.089507766857837,22615.2,5255.24,5.11867482456029,4.8994800000000005
29,3,20,5000,200000,1e-08,1e-08,0,387,106,138,1974001566,True,True,True,True,17.41798,16.21618,153366528.0,23.682926261458082,,4.43753,15.874609485700457,,2.91,67623.52482445216,21.97237127779056,67636.50488341233,19.583046965023602,2097152.0,28.64271143753452,4.930534590920415,197.0,22.730032785877814,0.0,18348.0,59265024.0,22.0,68486.60796962962,13.126252951810244,4.268863232117134,16.792734327526848,68483.46543834057,3.8,17.901949403501572,,16.797285488295206,68483.46543834057,14.30808628309492,1.44,10.48,28.81520307642045,190.0,15.51702293734058,68486.60796962964,24.552458610954034,19748.0,4.580475,17.304510999999998,496.4,73064.21985096922,371204096.0,72576.21051182371,"0,20,40,60,80,100,120,140,160,180",26.442461011064,24727.2,7136.480000000001,17.73508436352429,18.501163000000002
30,3,40,5000,200000,1e-08,1e-08,0,682,181,181,1553621901,True,True,True,True,34.57081,33.11572,283803648.0,63.55023534717569,,9.640655,44.32657971349869,,4.86,88745.78302420683,41.25246936979156,88752.86891563256,39.04467897693112,2121728.0,72.40742341550428,10.362128631398672,414.0,48.25485800624774,0.0,29108.0,59363328.0,20.0,91442.4466672814,27.672268322172364,9.346668750689156,35.89397234664635,91440.21286029232,3.773809523809524,53.27646589100768,,35.79423231352529,91440.21286029232,28.717249241036054,1.2,8.627409297052154,70.19733114115617,317.0,34.66196497878241,91442.4466672814,69.98218880703361,27156.0,10.179949,38.750426000000004,669.8888888888888,100367.27268703944,505208832.0,99871.59389838364,"0,20,40,60,80,100,120,140,160,180",68.44657210240715,32084.0,8156.82,45.44792615325268,40.224173
31,3,64,5000,200000,1e-08,1e-08,0,523,112,132,667719760,True,True,True,True,70.5597,68.78112,417062912.0,146.12699638185958,,17.423155,74.1016924741387,,7.15,61096.528359754775,71.63225305659374,61103.88992748503,69.29589195317389,2191360.0,171.26495525633572,17.853198138433882,349.0,80.9068929336679,0.0,25508.0,58773504.0,26.0,64770.36631404456,49.843479782543355,17.603701469396274,74.29645600131775,64769.23772108276,3.9705882352941178,80.91073992629853,,65.5623241355746,64769.237721082776,51.25266264926459,1.17,12.499134948096886,184.87490633622932,270.0,72.54631615139681,64770.36631404455,147.9510710110116,24252.0,17.114276500000003,68.245676,552.7,78623.92597306153,762834944.0,78141.01655264481,"0,20,40,60,80,100,120,140,160,180",131.19185211623721,28117.6,16032.49,68.8192067069706,69.95702800000001
32,3,100,5000,200000,1e-08,1e-08,0,891,206,244,667699277,True,True,True,True,109.83354,108.33302,713125888.0,211.20595096225102,,26.66457,106.21851967405394,,15.08,107373.94791835864,117.88570701257777,107380.52361278566,115.82930485108709,2297856.0,234.98159657963458,26.78037173900667,664.0,122.8501722316832,0.02,43364.0,59416576.0,31.0,112055.11293148276,86.06320824176191,29.1122808246374,123.94684416259466,112052.500238275,4.201834862385321,111.76926962283486,,105.35696382486559,112052.500238275,86.90367892546631,1.23,15.97761131217911,367.2623662655072,458.0,122.93520646827784,112055.11293148277,234.22924655618846,37180.0,28.871552,120.703024,941.9,119000.00440800506,970125312.0,118767.72700606714,"0,20,40,60,80,100,120,140,160,180",227.24864033159923,44629.6,11894.54,106.63533540405732,121.84926899999999
33,3,10,5000,293333,1e-08,1e-08,0,321,104,118,134906351,True,True,True,True,4.248325282187821,3.024078436452769,75530240.0,4.7131129543334485,,1.0527693781470207,4.674529465593357,,1.54,45406.50938115818,6.987384532837037,45414.3017405845,4.025391249628476,1970176.0,6.292410765767285,1.3941197997841859,65.0,9.093959617126886,0.0,11996.0,59219968.0,13.0,45625.03790922329,2.0324575861323355,0.8088656734082378,3.2335775581003574,45623.00551730501,3.294117647058824,4.185290965358236,0.8063875803651831,4.142857849837679,45623.005517305,3.201099102186143,1.12,5.3252595155709335,3.6958889126492416,112.0,2.0649360420465497,45625.03790922329,3.5268148627539158,15668.0,1.2828004350004945,3.826226166166098,378.6,40275.374441235756,324268032.0,39883.73544659197,"0,20,40,60,80,100,120,140,160,180",5.9958541315347365,20103.2,7475.39,5.448324393929463,4.976537927884007
34,3,10,5000,546666,1e-08,1e-08,0,764,236,283,1294647786,True,True,True,True,6.056348849205913,4.860686415471238,144916480.0,6.748116146695551,,1.5352207746594813,6.10127535864598,,2.91,54982.419639448795,8.296688369888173,54994.41907936387,6.097733846231973,2138112.0,7.913423120523988,1.8458160227637168,243.0,8.794449574434214,0.0,25436.0,58818560.0,44.0,55720.95871625377,4.34019014159467,1.4264208456487668,6.42353448507073,55718.834504440725,4.402985074626866,7.0374418540823305,0.9906807731460998,6.318822690651537,55718.834504440725,5.769653958190597,1.25,30.359991089329466,6.978624654152813,295.0,4.8479312259834,55720.95871625376,6.628652587699902,28940.0,1.6357757753363114,5.40839561999466,784.1111111111112,50490.15469550746,488509440.0,49880.71198736937,"0,20,40,60,80,100,120,140,160,180",7.429085288219827,36284.88888888888,16657.72,6.455043658787633,6.606705739885047
35,3,10,5000,800000,1e-08,1e-08,0,1155,375,444,906262299,True,True,True,True,4.8254125,3.6818575,217427968.0,5.5570129639516965,,1.34142625,5.273989828881784,,4.0200000000000005,51954.93863136307,7.555352100746398,51970.282975074864,4.937307336979843,2138112.0,7.162880538821863,1.7010240881151415,255.0,8.787922346642656,0.0,32532.0,59138048.0,66.0,52649.840562713034,4.300322366535017,1.645775319398759,5.707435929608108,52647.27688990492,4.41237113402062,5.752037654062454,1.5363745386526753,5.488741314123364,52647.27688990491,5.4347140388353035,1.24,48.88149643957913,6.718613558883558,428.0,4.535805895837513,52649.840562713034,6.508320471306236,40340.0,1.41110775,4.071767,1210.4444444444443,45951.87885810139,656732160.0,45353.50119236438,"0,20,40,60,80,100,120,140,160,180",6.196417539866738,53484.88888888888,24088.74,5.675622851741305,5.17495975
36,4,10,5000,40000,1e-08,1e-08,0,80,19,21,960426798,True,True,True,True,5.48125,3.65465,49725440.0,6.501480488938206,,1.131575,6.156574149503482,,0.48,52900.793473003825,7.909429341059598,52901.815387674345,5.894464670529798,2072576.0,8.04555477040916,1.85965,22.0,8.180275982322335,0.0,6436.0,58605568.0,5.0,52998.668778455714,5.39714272969719,1.940434879156642,6.996627720316407,52997.645526058426,2.6,7.100392856265034,,6.1400053574920825,52997.645526058426,5.9074339346468845,0.97,1.0399999999999998,8.191785096009419,26.0,6.486336515366709,52998.66877845572,8.328999668881456,8460.0,2.149325,6.714920000000001,75.1,53502.018643633346,94212096.0,52435.17944804319,"0,20,40,60,80,100,120,140,160,180",8.074728143037357,7752.8,870.6899999999998,7.05026830441157,8.173355
37,4,10,5000,200000,1e-08,1e-08,0,276,85,102,1489521078,True,True,True,True,5.41008,3.90389,71520256.0,6.31240780868092,,1.511255,6.663085089673085,,1.06,57759.31609601053,8.265614788917931,57765.396678258025,5.651432407945928,2015232.0,7.711268340176185,1.832176480581844,73.0,10.070097369028874,0.0,11708.0,58867712.0,17.0,57981.911179334376,3.8739888381018233,1.6205747518897209,5.7067007721354654,57979.70580867856,3.7586206896551726,6.501801607729808,1.3668605570466896,5.883754603890755,57979.70580867858,4.995116174075031,1.2,8.803804994054698,8.016490056503402,109.0,4.530545614366484,57981.91117933436,6.676111090928974,14836.0,1.598406,5.548457,316.0,50472.57917417367,232488960.0,49878.63853075415,"0,20,40,60,80,100,120,140,160,180",7.946975197397376,17461.6,5316.869999999999,7.058147156786935,6.730569
38,4,20,5000,200000,1e-08,1e-08,0,475,135,144,1573457715,True,True,True,True,18.7771,17.29605,165715968.0,27.04273026857874,,4.86477,18.716668252838907,,3.0900000000000003,80676.80007395483,22.25382101857905,80684.30425590272,19.930230589781637,2101248.0,28.304691789458214,5.047962542488005,187.0,21.97522656418981,0.0,18180.0,59047936.0,20.0,81545.11584842695,15.698312267000539,5.097527985622227,20.270302991513997,81541.83056912027,4.0,18.535569599775233,,18.35309655294697,81541.83056912025,17.092302816270188,1.21,9.407407407407408,32.41512223766371,216.0,18.79880255959664,81545.11584842697,27.96852018517405,20900.0,5.1057765,18.051702,444.1,76236.03227195647,346202112.0,75120.12896294192,"0,20,40,60,80,100,120,140,160,180",27.079912843360944,22728.8,6278.030000000002,18.29116060879397,19.285165
39,4,40,5000,200000,1e-08,1e-08,0,583,153,170,745819123,True,True,True,True,31.02755,29.72089,297689088.0,61.70349763870422,,8.280315,37.12306533894815,,5.63,84017.97360170151,34.001158995025,84022.57112794011,32.28432995358676,2203648.0,60.97325783357164,8.041165794212839,284.0,41.26389289348857,0.0,23708.0,58769408.0,17.0,85508.16482111883,25.664948651541103,8.969041317835437,36.274835143832725,85503.13148265624,3.753846153846154,46.81504759862655,,35.791629544000884,85503.13148265624,26.94324357394143,1.45,8.49325443786982,85.31761639769842,244.0,34.97643912740374,85508.16482111884,70.7353515485233,23924.0,8.492849,33.064492,556.1,84349.491337248,532320256.0,83701.32164514407,"0,20,40,60,80,100,120,140,160,180",62.72219757705865,27756.0,8650.64,37.183043139229326,34.268428
40,4,64,5000,200000,1e-08,1e-08,0,693,167,198,621137568,True,True,True,True,63.30767,61.93494,588300288.0,144.75421453550675,,15.684705,79.12197243207505,,9.13,96198.51233812957,69.96002700877608,96205.63000162534,67.78727833929324,2240512.0,140.36959957346946,16.3538904179662,419.0,79.35478571172123,0.0,30844.0,59318272.0,30.0,100293.8310081902,53.15299988765007,17.816632777341987,74.2862213899599,100289.73867044324,4.0,77.09179927438684,,69.48278280251863,100289.7386704432,54.50180429273848,1.28,13.033707865168537,205.24836468549637,356.0,72.85571237372633,100293.83100819023,150.04525506046042,30156.0,17.413652,72.982576,789.25,115112.44639052216,771506176.0,114454.50283957276,"0,20,40,60,80,100,120,140,160,180",155.13314101301546,37440.0,11185.74,79.43347614739001,74.302083
41,4,100,5000,200000,1e-08,1e-08,0,877,186,218,1917583319,True,True,True,True,98.49328,96.61711,749178880.0,212.8393424292182,,24.93766,130.28352202965493,,17.8,95387.26982383484,109.95935202944789,95388.74717769894,107.88028698751604,2273280.0,238.61949650583827,26.594935083873164,775.0,132.6852260430354,0.02,46780.0,59170816.0,41.0,99185.88257259507,79.98938959608145,26.41314685890451,112.10000124610822,99183.61752085939,4.355371900826446,129.03304845260465,,107.28022701830406,99183.61752085944,81.12262387775922,1.2,17.237347175739362,338.8953540338755,527.0,110.63038555873516,99185.88257259507,225.57106537678817,38660.0,25.9945375,103.575911,978.9,109045.45564695512,989540352.0,108688.80556275416,"0,20,40,60,80,100,120,140,160,180",206.74951125595717,45821.6,16481.14,118.67417487151279,104.953781
42,4,10,5000,293333,1e-08,1e-08,0,303,99,163,171685554,True,True,True,True,4.739494022152298,3.6661950752216765,104026112.0,5.89517017645792,,1.3365185642256412,5.643974708129944,,1.8099999999999998,52258.60974123923,5.565298593472557,52261.72140149354,4.005049053044888,2080768.0,6.347985074111231,1.3121535010921541,88.0,6.93261702597219,0.0,14652.0,58986496.0,14.0,52520.197345528584,3.902735171954705,1.3803336693778074,5.479208481748566,52518.08390499317,3.794117647058824,6.119227268219503,1.5068031841465102,6.181330894259952,52518.08390499315,4.990728058126526,1.15,7.516435986159171,7.497533441652548,129.0,4.294324861516016,52520.197345528584,6.7699452098646535,18028.0,1.528386168620646,4.710084443277776,407.4444444444445,40179.00045337592,276549632.0,39928.10200900417,"0,20,40,60,80,100,120,140,160,180",7.1393367843079565,21381.777777777777,7363.37,5.9685131007315535,5.5875683949640855
43,4,10,5000,546666,1e-08,1e-08,0,833,263,272,1809123449,True,True,True,True,7.589969012157332,5.877343752858235,123265024.0,8.191358208401024,,1.777760094829384,8.011324126575046,,2.47,53841.72197360005,9.104432207554074,53847.875007623436,6.942086499784285,2072576.0,9.074261414916377,1.9386784120623697,208.0,9.364388549421426,0.0,23764.0,59301888.0,39.0,54392.10812757011,4.951910654782263,1.6152935977915106,6.358369653583991,54390.13754643402,4.038961038961038,6.395125267984393,1.5196899103593249,5.879730609036143,54390.13754643402,5.96183465376221,1.07,23.12835216731321,7.81324743355362,311.0,5.30589989447851,54392.1081275701,7.4576192732037025,29244.0,1.9047200667317887,6.785152177014849,877.9,52127.83840793154,476377088.0,51308.8883822958,"0,20,40,60,80,100,120,140,160,180",8.901778933971993,39893.6,16426.64,7.787358867102277,8.2387249252743
44,4,10,5000,800000,1e-08,1e-08,0,898,287,421,1429992420,True,True,True,True,4.5419425,3.4160825,201887744.0,5.3729284780854805,,1.02179875,5.81077326665579,,4.1,49771.658424211855,6.5072957736644055,49779.885462338476,4.2944748667284705,2101248.0,6.492119750107187,1.286559459114189,230.0,8.125605828381437,0.0,30660.0,58761216.0,47.0,50345.77992670786,4.015586891159597,1.322935745117417,5.423775507536911,50343.99956748983,4.341772151898734,6.1858395688184915,1.2261315717022736,6.001940471104875,50343.99956748983,5.02360726773278,1.29,32.14901458099663,7.0161213821267205,343.0,4.35288673424391,50345.77992670786,6.651603278203285,36284.0,1.268303,4.31408375,1124.4444444444443,45027.94128473506,686788608.0,44547.92430308253,"0,20,40,60,80,100,120,140,160,180",6.557248187455281,50084.0,24456.28,6.334193718168667,5.4378845
45,5,10,5000,40000,1e-08,1e-08,0,89,21,18,1313836049,True,True,True,True,8.5012,7.25105,48635904.0,9.420994127188976,,2.39385,9.649415181170346,,0.5,50871.34820372008,10.604833499176678,50872.43557238835,8.604833499176678,2064384.0,10.98462266573797,2.0650620190160147,36.0,10.068481003381569,0.0,6860.0,58040320.0,6.0,50982.471971803636,7.305978678514459,2.5066700118233185,11.208701479176435,50981.04499744307,4.0,8.905087099795368,,8.093792528858582,50981.044997443074,8.821277321605075,0.92,2.0,14.117877384385693,28.0,9.64040826658172,50982.47197180365,11.440050437500384,8348.0,1.96803,8.019155000000001,86.1,54443.010755887626,95080448.0,54263.80864554901,"0,20,40,60,80,100,120,140,160,180",10.574897553448382,8144.8,1116.66,7.8992099390767825,9.131765
46,5,10,5000,200000,1e-08,1e-08,0,365,117,136,1698419317,True,True,True,True,7.17657,5.59168,77115392.0,8.037537393124008,,1.612495,7.56625235995015,,1.4,68283.60765753918,8.844102782629948,68294.52092481643,6.665068748946212,2080768.0,9.218461861341758,1.955788378454838,137.0,9.546725821042717,0.0,15588.0,59064320.0,22.0,68609.2291838053,5.6716766003733,1.70174809949664,7.292230217112772,68607.80473004964,3.8372093023255816,7.762225631920806,1.6457335199886067,7.268272427034501,68607.80473004965,6.780915729737619,1.3,14.322336398053,8.803324361999092,165.0,6.084389017779863,68609.2291838053,8.510758349261161,18316.0,1.86178,6.387222,426.22222222222223,68534.982713695,198111232.0,67998.82090704197,"0,20,40,60,80,100,120,140,160,180",8.412725949515421,21721.33333333333,5514.440000000001,6.728826114824668,7.564681
47,5,20,5000,200000,1e-08,1e-08,0,510,146,144,745911278,True,True,True,True,13.27032,11.73469,172421120.0,20.285468064968267,,3.47475,15.830388323973569,,3.3200000000000003,70770.15090597574,15.98075153636063,70777.57986144075,13.8820521916381,1986560.0,23.04966251059432,3.893042204494813,229.0,19.054458727603237,0.0,19812.0,58986496.0,29.0,71634.97380572872,12.089331260871143,3.654393522746262,14.936326999328694,71630.22896803515,3.8873239436619715,17.622895209584943,3.285078571548712,16.263846202905714,71630.22896803518,13.614629217938758,1.13,13.283078754215431,22.528238706766363,276.0,13.219152770328753,71634.97380572875,21.35529440768752,23236.0,3.6320155,12.515028,505.88888888888886,74872.14252702077,331911168.0,74395.9487947817,"0,20,40,60,80,100,120,140,160,180",20.837633238519302,24960.44444444444,6656.63,15.394765243917465,14.032671
48,5,40,5000,200000,1e-08,1e-08,0,499,122,143,669270988,True,True,True,True,35.15177,33.3113,278138880.0,69.07609692358751,,8.181665,45.27499094477249,,5.19,64840.021939307786,42.08892176151606,64847.99328599624,39.60716755187549,2113536.0,71.98021678836777,9.667906409535188,299.0,52.59454248473813,0.0,23116.0,58560512.0,29.0,67004.14693245583,31.620888975504474,10.177050706675148,43.212901004867945,67002.23828258997,3.7096774193548394,54.766322730333,,43.12872402197275,67002.23828258997,32.99221186896277,1.03,13.496357960457857,90.20934328236035,230.0,41.42841610087984,67004.14693245583,74.66232807885953,22300.0,10.461908,43.113158,538.0,74490.15109277963,641626112.0,73941.55621287323,"0,20,40,60,80,100,120,140,160,180",76.17923978585641,26818.4,10974.25,52.17844459266557,44.869993
49,5,64,5000,200000,1e-08,1e-08,0,730,177,197,1782501257,True,True,True,True,66.26501,64.42991,646950912.0,121.57849015404692,,15.75058,78.53317506635048,,7.9,98109.26553422901,68.13333119436678,98113.73773294721,65.84595364577932,2265088.0,130.0589369766405,16.610933808306466,417.0,83.9984885688253,0.0,30868.0,59346944.0,32.0,101988.73681889998,50.38056702932308,17.614125886838853,70.87158635225364,101985.08965520708,4.045454545454546,82.42210321553877,,71.46649400446928,101985.08965520703,51.72314697127514,1.36,13.611570247933884,160.5122820304891,356.0,69.43025593988064,101988.73681889998,128.73249337309542,30084.0,16.86469,65.43165,790.6,107147.37521041649,724238336.0,106092.90002407467,"0,20,40,60,80,100,120,140,160,180",123.31349780924977,37564.0,11189.81,66.81181640216171,66.911866
50,5,100,5000,200000,1e-08,1e-08,0,834,177,206,1554950652,True,True,True,True,107.63588,106.16239,716013568.0,249.47939219386421,,28.03907,125.19580376048964,,14.370000000000001,95987.67531855783,107.79677367521556,95995.52801185386,105.53848710784264,2428928.0,236.1683646267353,26.59915684512187,557.0,122.10640880401242,0.02,37772.0,59383808.0,13.0,98715.66789291018,82.37620893824995,29.699393546306357,121.54336369899045,98713.906383569,4.094736842105264,112.38815154669909,,111.77034676938374,98713.906383569,84.00578243314106,1.24,6.569972299168974,391.99762899793035,389.0,119.87510719888208,98715.66789291016,256.55969841838765,33132.0,29.594086,122.337623,876.4444444444445,115857.71552739565,987815936.0,115393.1721390794,"0,20,40,60,80,100,120,140,160,180",257.19196423568644,42050.22222222222,16446.22,127.38060579362872,123.94693799999999
51,5,10,5000,293333,1e-08,1e-08,0,421,132,177,1619036622,True,True,True,True,5.261460524386959,4.22916616950701,102010880.0,6.601872456295907,,1.5300256023018208,5.332906564177303,,1.9600000000000002,55165.725176658845,6.855737154720901,55171.15378444126,4.707869099407332,2064384.0,7.291651115646154,1.6328065561558158,86.0,7.766679166509923,0.0,15252.0,58523648.0,19.0,55411.15266523277,3.980253491887605,1.4483190387754608,5.500801290666388,55409.588803087805,3.7222222222222223,5.932410997361147,1.5019967773920524,5.801199708241053,55409.58880308781,5.258383771896801,1.25,10.811728395061731,6.889776449932133,134.0,4.219154961318659,55411.15266523277,6.299997863536963,18788.0,1.5429017532974467,4.848000054545516,444.6,49010.32035063193,282537984.0,48330.333396349044,"0,20,40,60,80,100,120,140,160,180",6.966106136639664,22744.8,7648.38,6.197759400081054,6.066724166732008
52,5,10,5000,546666,1e-08,1e-08,0,665,222,314,1876823513,True,True,True,True,3.7552728722839905,2.88829376621191,132132864.0,4.972422114845921,,1.15474896920606,4.458157379287627,,2.65,58447.46500941106,5.5366389319995415,58451.67674788768,3.7349831530497024,2093056.0,5.857516643489014,1.4061068841528577,207.0,6.520314734563447,0.0,25436.0,58830848.0,48.0,58976.55233032183,3.4600457787019847,1.2762000523455237,4.648230230465954,58974.83940539093,4.25,4.795060024833232,1.146590640829457,4.7097361192841065,58974.83940539091,4.39297107660346,1.41,32.213815789473685,5.927204221279199,323.0,3.6951122721227336,58976.55233032183,5.657169115495617,31292.0,1.270537037240289,3.6093530601866584,854.4,49982.93957755885,514453504.0,49542.545126476114,"0,20,40,60,80,100,120,140,160,180",5.709651455685156,39324.0,15404.6,5.015557637321575,4.517398557803119
53,5,10,5000,800000,1e-08,1e-08,0,1104,345,467,966701046,True,True,True,True,4.7793875,3.35477,192720896.0,5.404801781542886,,1.1044375,5.860463803878919,,3.6500000000000004,56548.418570088965,5.785199444065503,56556.22777987263,3.942825801746552,2101248.0,5.9708804471443715,1.255879507915098,306.0,7.0432890190212305,0.0,35404.0,58957824.0,65.0,57342.19237746807,3.696585075762021,1.2412367473159485,5.3280467946678325,57339.42881235032,4.269230769230768,5.990022075259253,0.935302699613752,5.780018468391303,57339.428812350336,4.8710047969300065,1.22,42.850591715976336,6.556453457380463,444.0,4.083022316553335,57342.192377468076,6.216259095836426,41932.0,1.280587875,3.90948975,1259.8,49895.109930637904,696856576.0,49127.242366910265,"0,20,40,60,80,100,120,140,160,180",5.986339595156781,55405.6,24221.92,5.91126223751156,5.194114
54,6,10,5000,40000,1e-08,1e-08,0,65,16,14,1711364921,True,True,True,True,11.16705,10.02755,44785664.0,12.31243707238161,,2.4821,9.414695017451912,,0.37,50567.55221216712,12.31015,50569.72199914244,9.7785,2031616.0,10.961242211447097,2.738075,22.0,8.869738931889568,0.0,6156.0,58060800.0,5.0,50670.558237686826,8.22275,3.3067904040706764,12.942132794572434,50669.756337686835,3.2,9.48556935723736,,7.698745598634187,50669.756337686835,9.36670698643108,1.29,1.36,16.56629375350456,16.0,11.578568013568926,50670.55823768683,11.960029435354107,7748.0,3.1253125,11.356125,64.4,53540.68248936611,141287424.0,53105.18120574909,"0,20,40,60,80,100,120,140,160,180",12.27835428480749,7263.2,1278.45,9.832220731438557,13.50114
55,6,10,5000,200000,1e-08,1e-08,0,264,82,91,971403451,True,True,True,True,5.40066,3.99472,69873664.0,6.290174491484047,,1.382765,6.250558348681664,,1.11,50334.396816686814,6.857813109142668,50339.426107090185,5.246211915270402,2072576.0,7.841729826537357,1.5742624618700385,70.0,7.462428560334798,0.0,11100.0,58376192.0,14.0,50526.68760825233,3.5282804952091964,1.32382683137501,5.230184425018166,50525.063071354416,3.4137931034482767,6.349500564486491,1.255355511577641,6.063527693626555,50525.063071354416,5.02355564287984,0.96,7.001189060642092,6.292506613009973,99.0,3.721999277347521,50526.68760825233,6.1129337507901775,14076.0,1.4370155,4.433163,239.1,46806.78623203613,210710528.0,46333.653201996276,"0,20,40,60,80,100,120,140,160,180",6.990243029185907,14410.4,4917.280000000002,6.4655049414289865,5.737896
56,6,20,5000,200000,1e-08,1e-08,0,459,128,147,2081809961,True,True,True,True,17.38278,16.03344,179826688.0,26.565278797092493,,4.404825,17.89845424691549,,3.75,70920.70563230017,19.34938679376269,70923.34077910059,17.398441314953008,2064384.0,25.53910648282769,4.449341693655669,254.0,18.752574240971395,0.0,20908.0,59105280.0,23.0,71910.15127006758,13.923950069934588,4.259853147389444,17.564841757729493,71906.38674787272,3.7540983606557377,17.640331781521247,,16.14030308506818,71906.38674787272,15.190829656116376,1.04,10.546089760816985,28.35945460757175,229.0,16.213403510086895,71910.15127006758,26.71291552202489,21636.0,4.7155520000000015,17.580612,519.7777777777778,76553.48204161588,337944576.0,75784.98404179017,"0,20,40,60,80,100,120,140,160,180",24.997151577186408,25516.88888888889,6539.45,16.309098779471277,18.849942000000002
57,6,40,5000,200000,1e-08,1e-08,0,514,128,166,957315746,True,True,True,True,32.18342,30.89642,338788352.0,55.687874088033645,,8.93904,33.878702550949946,,5.83,80676.54958722196,36.1251411487815,80682.00808760307,33.951172302854786,2072576.0,64.60442422952377,8.692080044906996,307.0,46.331404501964045,0.0,24428.0,59088896.0,24.0,83115.47452849922,24.474619531335765,8.549497734415251,33.4589324269279,83113.6181826495,3.7945205479452055,42.11392580506289,,33.65203036844417,83113.6181826495,25.516726138304442,1.25,10.8207918934134,73.167952469636,277.0,32.12448670211833,83115.47452849924,64.68727370045863,25020.0,8.5911255,33.485955000000004,553.5,84881.31155161449,566517760.0,84295.90428342347,"0,20,40,60,80,100,120,140,160,180",64.60494167837415,27591.2,8462.57,37.870950851868464,34.680425
58,6,64,5000,200000,1e-08,1e-08,0,644,147,174,1547756102,True,True,True,True,58.99168,57.70854,498438144.0,104.14111173695898,,14.937895,60.7570957340494,,8.07,81317.77978850652,67.17489576230395,81324.80729225304,64.72134275120503,2252800.0,123.29792120139038,16.13758178910302,489.0,93.41413500933099,0.0,32604.0,58732544.0,33.0,85510.06899303348,50.73789011050559,16.50591232168599,66.29037115564236,85506.54213529445,4.191011235955056,75.38797028736909,,65.30740486303871,85506.54213529444,51.88633712887848,1.02,15.637672011109707,157.60174804243053,373.0,64.76298393082371,85510.06899303346,118.63729470762155,29756.0,17.376288,69.022745,722.4444444444445,96500.92331717083,705392640.0,96088.38690528515,"0,20,40,60,80,100,120,140,160,180",131.53367741245472,34807.555555555555,12866.18,70.05404066489815,70.53116299999998
59,6,100,5000,200000,1e-08,1e-08,0,981,218,246,761133735,True,True,True,True,98.75469,96.87536,704520192.0,207.40639493201337,,25.209,115.62820639741268,,15.67,113324.37045901535,105.42802838848463,113331.42302816591,103.35215089480722,2363392.0,210.3626994303136,24.51170662858641,722.0,118.084662584546,0.02,45852.0,59764736.0,45.0,118813.67159048488,77.90428344698955,26.08352579689057,110.63100297610345,118810.28388626275,4.2578125,123.91360604164656,,108.19270822135586,118810.28388626275,79.20088031806351,1.49,19.55072021484375,321.3775806439168,545.0,108.97129647544656,118813.67159048484,229.87201306417285,40508.0,25.8423715,109.583344,1000.2,131330.90510452856,994439168.0,130891.7581361788,"0,20,40,60,80,100,120,140,160,180",220.94107047554425,46677.6,13578.81,106.37579920709322,111.08161799999999
60,6,10,5000,293333,1e-08,1e-08,0,391,118,145,1407249052,True,True,True,True,5.751551990399989,4.469289169646784,95477760.0,6.827836065857566,,1.433544810846376,6.298555783669671,,1.51,51965.06751626578,7.836687744944007,51974.34022046666,5.50442938004565,2080768.0,8.111650761311923,1.5892852784372984,109.0,8.480968880209494,0.0,14820.0,59064320.0,21.0,52284.059635729645,5.716000953900141,1.8614864536908784,7.4803571143992444,52282.32588530195,4.081081081081081,7.306268044772352,1.766346927198132,6.840545252207256,52282.325885301936,7.0394416546652225,1.3199999999999998,14.074506939371805,8.511027212247546,151.0,6.04247754633353,52284.059635729645,8.331021594752194,18100.0,1.678505998302271,5.565056778473612,413.8,45509.156612241386,316993536.0,44874.84349757043,"0,20,40,60,80,100,120,140,160,180",7.803978020100112,21218.4,9638.81,7.007569145268495,6.973152014945471
61,6,10,5000,546666,1e-08,1e-08,0,650,210,263,2079985360,True,True,True,True,6.501472562771418,5.435787116813557,123764736.0,7.3850571217312755,,1.7525838446144446,5.948167420286459,,2.19,46517.085195528816,8.167653780627234,46524.29758481732,5.911522416571236,2097152.0,7.516197156505095,1.7921390242631174,195.0,8.639032956282781,0.0,22908.0,58368000.0,30.0,47011.28839003359,5.7298270266338465,1.90352385022791,7.260630132880578,47010.3286701329,3.807692307692308,6.2123446160292675,2.1476901367413745,5.913845520177906,47010.3286701329,6.665266735039347,1.22,17.078402366863912,8.54209074676946,297.0,6.238474339266489,47011.28839003359,8.430111571491178,28452.0,1.6507604277566192,5.335036018336608,758.5,43401.448296090566,530186240.0,42943.01984015528,"0,20,40,60,80,100,120,140,160,180",7.4961988208509025,35372.0,14751.25,5.989713158256679,6.2930531622599535
62,6,10,5000,800000,1e-08,1e-08,0,1198,359,444,1918293545,True,True,True,True,7.5683675,5.9821325,214020096.0,8.005627140597637,,1.772995,6.997397844768142,,4.86,56463.20416102175,9.519939283905453,56483.77331014155,6.863167700451855,2101248.0,8.670716399810095,2.0508161717564564,391.0,10.106430520315646,0.0,37764.0,59691008.0,59.0,57548.407856991376,6.211834945626341,1.8424654317535476,8.003224689213274,57546.663541353606,4.235294117647058,7.270501926522584,1.5477547110051757,6.7858457767013025,57546.66354135361,7.482205930923134,1.66,32.75135936727633,8.836246090588437,504.0,6.637502735445678,57548.407856991376,8.667340682450865,43300.0,1.951708875,6.86212575,1234.7,50223.19001455934,735395840.0,49683.27916972537,"0,20,40,60,80,100,120,140,160,180",8.867762825010763,53980.0,28085.85,7.645845948097709,8.34159725
63,7,10,5000,40000,1e-08,1e-08,0,62,14,22,935864672,True,True,True,True,6.5792,5.83305,50978816.0,5.589429416973998,,1.44275,4.13419346736099,,0.45,49673.54418940353,12.515180243802435,49687.25394781298,5.971713973455778,2048000.0,6.8178535300638226,1.4801569867278883,33.0,17.762801785989343,0.0,6924.0,58355712.0,7.0,49820.17177967751,4.050705321646246,1.5405440952309888,6.436153022746966,49819.26742007912,3.1,4.265939194939663,,3.9219732220551764,49819.26742007911,4.657857721246156,1.35,2.69,8.720838206296028,31.0,5.779103022746966,49820.17177967752,6.7531951302177164,8676.0,1.4881475,5.336405,77.2,50143.32947251405,101515264.0,49220.301263557616,"0,20,40,60,80,100,120,140,160,180",6.323061570964711,7812.0,943.99,5.271627842419941,6.5726650000000015
64,7,10,5000,200000,1e-08,1e-08,0,340,103,115,1999782678,True,True,True,True,5.37949,4.47464,70610944.0,6.662911804421173,,1.29628,5.891054418908554,,1.31,60540.56144024838,7.513504689834537,60545.74050199537,5.633804193586853,1970176.0,8.127876838292503,1.6527388643449934,120.0,8.541104534019416,0.0,14092.0,58470400.0,16.0,60865.23326425932,4.857196085297224,1.537017961069147,6.526600079647106,60862.418491681885,4.090909090909091,7.037859487817867,1.251098394982232,6.914355954646438,60862.418491681914,6.106591155573352,0.95,11.779614325068872,7.543013867298312,135.0,5.252898023797703,60865.233264259325,7.5423711901111865,16284.0,1.4628219999999998,5.027974,373.3,53724.66958835034,219144192.0,52952.808408812845,"0,20,40,60,80,100,120,140,160,180",7.423997234604187,19722.4,5256.16,6.701903608868843,6.245936
65,7,20,5000,200000,1e-08,1e-08,0,431,119,119,1929248278,True,True,True,True,18.90764,17.02608,172748800.0,26.790509644287358,,4.507725,20.96148566250792,,3.54,66449.70499284362,21.333641253134704,66455.23159935247,18.527910712280462,2060288.0,28.38327367617398,4.65591972500343,203.0,26.14626722544774,0.0,17788.0,58712064.0,31.0,67346.22167480204,17.808198469782862,5.133939693607589,22.353627705891075,67343.76812030691,4.115384615384615,22.57040947569117,,20.313826000893126,67343.76812030691,19.39759344493191,1.26,19.37130177514793,31.695350619387714,214.0,20.642804123573693,67346.22167480206,29.91580924710968,19788.0,5.0586775,19.296978000000006,471.77777777777777,69774.81164058895,411774976.0,69019.14382399054,"0,20,40,60,80,100,120,140,160,180",28.192580618920537,23614.66666666667,7712.99,19.76153576697239,20.807569
66,7,40,5000,200000,1e-08,1e-08,0,557,144,132,1233609913,True,True,True,True,43.47872,41.80413,281919488.0,69.73442192479054,,10.7855,43.164637063970936,,4.64,74410.4117386666,49.411636854575605,74414.3967072653,47.05101078347946,2146304.0,77.37426491836482,11.08203058849631,310.0,54.74548824865335,0.0,23140.0,58675200.0,21.0,76820.13449020447,30.962370798104896,10.593392996325873,43.15589291270317,76818.13427354205,4.112903225806451,38.300401392671795,,34.555924430084914,76818.13427354206,32.31858642825811,1.1800000000000002,11.196930280957336,90.93178141433502,255.0,41.63613882757526,76820.13449020445,66.6840769914412,22684.0,10.531339,42.889923,537.9,84013.17975160426,551989248.0,83376.32692052987,"0,20,40,60,80,100,120,140,160,180",70.02285880853401,26960.8,9524.759999999998,38.52264665413469,44.37545400000001
67,7,64,5000,200000,1e-08,1e-08,0,624,150,175,937208081,True,True,True,True,62.17607,60.66467,594280448.0,122.22996130949227,,15.316205,68.60255781282915,,7.54,90623.387982811,74.0326511604318,90629.87253723356,71.68302484061323,2174976.0,141.64705527853417,17.80552939502942,516.0,82.88533757523851,0.0,33628.0,59314176.0,15.0,95912.98837469947,52.10468829674366,18.221602131147954,73.98421209874483,95911.69431959107,4.188888888888889,78.60099580054394,,56.39952646037497,95911.69431959106,53.40956728502322,1.04,7.242098765432098,185.21209793196545,377.0,72.55027467887423,95912.98837469946,145.55376742416578,29932.0,17.9129845,70.561841,706.1,104821.19463104787,662351872.0,104294.44301407372,"0,20,40,60,80,100,120,140,160,180",136.6893323941306,34205.6,11168.56,67.56117827345352,72.005586
68,7,100,5000,200000,1e-08,1e-08,0,768,159,213,436316771,True,True,True,True,99.37734,98.25527,695640064.0,215.77426462824653,,24.55765,111.30687787139942,,13.559999999999999,97152.18996860352,106.30179806538284,97155.62612637105,104.06603211621713,2359296.0,219.29865421639587,26.20891706322012,547.0,142.55516456493342,0.01,37604.0,59039744.0,23.0,101141.12781491608,82.0018956341534,26.936847413519548,113.95039038167612,101138.8502748951,3.9509803921568634,142.59162040461942,,119.452853736862,101138.8502748951,83.23565930118869,1.1800000000000002,9.458381391772397,311.62319233394834,403.0,112.56526882880827,101141.12781491608,251.52512659449883,34020.0,26.416456,108.42583799999998,874.8,110543.67160689754,975171584.0,110103.81076353273,"0,20,40,60,80,100,120,140,160,180",232.5261429836068,41994.4,14515.64,111.60262462798384,109.400226
69,7,10,5000,293333,1e-08,1e-08,0,355,110,146,1043535189,True,True,True,True,4.941653342787889,4.00942955616995,98697216.0,5.567755801146294,,1.4194993403401595,4.714406834156631,,1.75,50669.397953245905,7.708668529922472,50676.10194484156,5.137779502506048,2064384.0,6.752084832021162,1.7061556921506411,94.0,8.033404218491372,0.0,14268.0,59203584.0,13.0,50953.04869479691,4.826980175171945,1.855367260797371,6.187087355649218,50951.20837979684,3.625,5.1853961178689625,1.8877360335006397,5.05146350404156,50951.20837979684,5.786204588680862,1.1800000000000002,5.384375,7.48188653325766,145.0,5.2053716744350345,50953.0486947969,6.9552961144449,18012.0,1.6213020696614429,5.190113625129119,424.7,43834.6952912012,264388608.0,43202.039780151164,"0,20,40,60,80,100,120,140,160,180",7.304843993701708,21832.8,7856.519999999998,5.736134348601638,6.171858604384777
70,7,10,5000,546666,1e-08,1e-08,0,838,261,286,2141643238,True,True,True,True,6.127331862599832,4.973417040752489,133451776.0,6.809304078987513,,1.6354355310189403,5.626398118903638,,2.2199999999999998,58332.19832126957,7.421214642079928,58340.49478065839,5.220451480167181,2080768.0,7.092421119451443,1.6439404590611717,295.0,7.403480838175138,0.0,27660.0,59351040.0,50.0,58973.04321153497,5.432134662968222,2.0591632158593747,7.283840221086703,58971.37031784018,3.9711538461538463,6.300802384050982,1.7789662549604133,5.83224620194038,58971.37031784018,6.603005200358157,1.04,25.85493713017752,7.911645472281358,413.0,6.06451745275742,58973.04321153497,7.728655366219112,33716.0,1.7287151569697037,5.367625936129191,946.6,52558.776030029105,470319104.0,51853.74727251825,"0,20,40,60,80,100,120,140,160,180",7.206494804716352,42608.8,15149.98,5.8031130296718265,6.509520987220715
71,7,10,5000,800000,1e-08,1e-08,0,995,312,390,408301653,True,True,True,True,5.13754,3.98692,193929216.0,6.223233871792071,,1.38022875,5.714462655593641,,3.66,47699.890895535595,6.980810567215627,47706.33072642852,4.981965818621976,2080768.0,7.595475473533621,1.578788693897824,256.0,8.343871094349318,0.0,30300.0,58531840.0,47.0,48263.94945121576,4.396649544310808,1.4989017894736505,5.805087988853375,48262.07963794936,4.166666666666667,6.440432296160692,1.5836761666353687,6.518456151853843,48262.07963794936,5.52968175057782,1.13,30.38333333333333,7.2607420443124555,375.0,4.623379264027208,48263.94945121576,6.8687487056706775,36324.0,1.38894,4.2916225,1094.6666666666667,41580.31702279266,755826688.0,41175.3311112845,"0,20,40,60,80,100,120,140,160,180",6.65904919253034,48855.555555555555,25702.52,6.05086495440075,5.342448
72,8,10,5000,40000,1e-08,1e-08,0,50,11,11,987405515,True,True,True,True,8.76715,7.2552,43077632.0,9.118684169039868,,2.279575,6.703698789800091,,0.32999999999999996,36357.550854309535,8.36615,36358.74530897688,7.1183,1970176.0,8.94118097562377,2.1104,22.0,7.411042127628215,0.0,6028.0,57917440.0,4.0,36473.21266236853,5.0379012297893935,1.8975097972167376,7.203682077652485,36471.567345708136,2.7777777777777777,5.564513034047725,,4.967889619454823,36471.567345708136,5.921513222831237,1.05,0.8395061728395061,10.01464337457626,25.0,6.320070084610642,36473.21266236853,8.134729027455657,8028.0,1.987955,7.054525,57.9,39187.14089479359,118665216.0,38772.9680825823,"0,20,40,60,80,100,120,140,160,180",8.738025036520009,7044.0,1087.6,6.858074605985157,8.624525
73,8,10,5000,200000,1e-08,1e-08,0,240,70,92,736191869,True,True,True,True,6.24596,4.75546,72617984.0,6.113320326859357,,1.340715,6.930113479399322,,1.36,45546.87554542687,7.911213318349809,45553.45988457309,5.488564569750363,2072576.0,7.215063406533426,1.4847584538327816,86.0,8.920743623674191,0.0,11828.0,58769408.0,15.0,45800.10878558574,4.838522651734246,1.4555679029188595,6.6508241990556725,45797.44769255033,3.75,7.100793020975951,0.8426582918249443,6.9599481973614905,45797.447692550326,6.295857543905098,1.58,10.75,6.693057586036343,120.0,5.097122816870633,45800.10878558574,6.843534244879053,14836.0,1.635548,5.627354,318.2,46661.605145792266,220151808.0,45895.357143769856,"0,20,40,60,80,100,120,140,160,180",7.423129585068631,17396.0,5478.37,6.872956015036082,6.834416
74,8,20,5000,200000,1e-08,1e-08,0,299,80,93,1183110416,True,True,True,True,14.36786,12.95253,107995136.0,23.025681709308486,,3.50791,15.487127115373083,,2.07,48508.93890681333,16.95735374386698,48516.69424658066,14.345020075669803,1982464.0,25.60045686911299,3.4965438026939206,121.0,19.49411164394596,0.0,13636.0,58859520.0,17.0,49222.05970236344,13.980533973285274,5.085491111546786,18.349778643402253,49221.03791350422,3.6857142857142855,16.767542995775404,,15.2475225064319,49221.03791350423,14.978839056970351,1.11,7.358367346938777,27.79319014883285,129.0,16.874608678933587,49222.059702363425,25.06361683365516,15652.0,4.2764745,15.346878,350.6,53331.413170860695,328699904.0,52854.62850212836,"0,20,40,60,80,100,120,140,160,180",23.853367165895378,18930.4,7565.0,16.02628953840869,16.793517
75,8,40,5000,200000,1e-08,1e-08,0,529,136,193,2042431147,True,True,True,True,25.54969,24.44691,344629248.0,55.021156055736924,,7.300185,36.21148224375622,,5.38,81802.11759846512,29.48767561927824,81818.28687676997,27.217538960767694,2179072.0,64.63580991289885,7.222980489563372,359.0,46.998469232930525,0.0,27476.0,59346944.0,28.0,84505.74666328855,22.871813561380183,7.505660812925678,28.288485719033442,84503.81999669119,3.8333333333333335,40.548513694424415,,37.81222633355785,84503.81999669119,23.910277725382773,1.66,12.376984126984125,70.71234714373819,322.0,27.0205583644804,84505.74666328855,59.093683159376106,27788.0,8.0570855,29.160304999999997,690.2,90324.08615645477,643162112.0,89744.88172923944,"0,20,40,60,80,100,120,140,160,180",58.18782183420992,32736.8,10309.25,38.888907837159294,30.499892
76,8,64,5000,200000,1e-08,1e-08,0,810,194,229,668340639,True,True,True,True,52.69352,50.80909,646160384.0,120.00245663099555,,13.01866,70.74859973178096,,9.190000000000001,106225.1444094309,60.975243393093045,106234.75285956461,59.0112639152369,2273280.0,126.66489415164995,14.68244585850872,591.0,78.24610265999797,0.01,38724.0,58945536.0,36.0,111770.26068987114,46.84996897230037,15.65286258069581,62.64728500787186,111767.91568622856,4.153153153153153,71.9261472924167,,65.48361591653955,111767.91568622856,48.06907796527528,1.26,15.30086843600357,151.67469904363938,461.0,61.02911436285429,111770.26068987114,122.80488463441357,35300.0,15.6262485,58.507057,875.9,125376.46841535627,791912448.0,124715.21090500607,"0,20,40,60,80,100,120,140,160,180",118.19861532211588,40703.2,9523.37,64.62059499141104,59.988788
77,8,100,5000,200000,1e-08,1e-08,0,808,176,196,1134470917,True,True,True,True,121.90564,120.30139,744509440.0,256.5638705662278,,29.757945,133.16015807105134,,13.08,90250.56463983847,125.1400511550051,90253.41570121117,123.00458893020507,2412544.0,274.5687718937647,29.55693597570795,626.0,152.0373406864355,0.02,40052.0,59277312.0,31.0,96531.47375725488,84.60651498143535,29.685451582523605,125.24833414929012,96528.93199141146,4.245098039215686,138.88993379877522,,127.2002587212404,96528.93199141149,85.86647645428337,1.29,12.518358323721644,391.1002460557212,433.0,123.83293515218504,96531.47375725486,246.12908365550743,34300.0,29.356682,124.62466,888.8,108931.03416002613,973627392.0,108538.37898687457,"0,20,40,60,80,100,120,140,160,180",257.9253929830648,42488.8,13860.39,127.84731700357948,125.731127
78,8,10,5000,293333,1e-08,1e-08,0,339,110,150,806389049,True,True,True,True,5.005805688415555,3.882093047833009,82440192.0,6.041588782479117,,1.6017290928739691,5.308064954594443,,1.53,48790.1077871278,7.566489657572602,48796.19653309422,4.650104514466961,2031616.0,7.058591276678365,1.6646795405172228,83.0,9.418703542517001,0.0,13980.0,59092992.0,19.0,49033.22025898266,4.64877484854213,1.7563255486811038,5.827677166510493,49031.887271768566,3.8125,5.415440211936625,1.736394764590136,5.231720150756934,49031.887271768566,5.619382164734817,0.95,11.15234375,6.993787393889821,122.0,4.793852387335939,49033.22025898266,7.001215176340919,17220.0,1.5550422216388884,4.573435651631423,390.4,41105.64536815843,286183424.0,40645.230342804665,"0,20,40,60,80,100,120,140,160,180",6.61184505414311,20509.6,7294.05,5.600438823039856,5.692401468638033
79,8,10,5000,546666,1e-08,1e-08,0,646,204,296,2014329324,True,True,True,True,4.934299919877951,3.6915045018347583,144982016.0,6.085735711739114,,1.2793844870542526,5.427136541170716,,2.6,53940.938833939406,6.856182690325668,53948.023307415984,4.474002230552948,2035712.0,6.550228445203513,1.4783463997834576,234.0,7.851888848969009,0.0,25748.0,59097088.0,25.0,54536.59936291316,3.51417746778438,1.1985976375684089,4.766844026707349,54535.04899601703,4.038961038961038,5.085485966405955,1.1027348556664471,4.85112426187778,54535.04899601704,4.475680899858408,1.24,17.31017034913139,6.354504607152896,311.0,3.7681488692985616,54536.59936291316,6.225433977927913,30204.0,1.2650591037306145,3.871216428312717,850.7,47418.578316094485,479080448.0,46814.50366109034,"0,20,40,60,80,100,120,140,160,180",6.0501690297845165,39096.8,14538.26,5.680039914982317,5.079059974463384
80,8,10,5000,800000,1e-08,1e-08,0,1071,343,423,1100405605,True,True,True,True,6.0336025,4.78066,176504832.0,6.752686787594224,,1.8290925,5.7707843961296925,,3.46,50218.69253592744,7.1762285606028655,50225.749174602315,5.33251452156233,1982464.0,7.2458002610257015,1.9617323222815408,294.0,7.22974649474203,0.0,33132.0,58871808.0,46.0,50801.56513427088,3.8673809726712616,1.5274458349873774,5.567046729684079,50799.44581657896,4.569767441860465,5.862239172326799,,5.657976388951036,50799.445816578984,5.057934911773883,1.47,40.57071389940509,7.180708858665262,393.0,4.310695329009162,50801.56513427088,6.246778939909098,38116.0,1.826038375,4.97120375,1229.2,48203.94294623697,669700096.0,47667.40393765197,"0,20,40,60,80,100,120,140,160,180",6.949591976524334,54085.6,25840.0,6.273390694190138,6.31018275
81,9,10,5000,40000,1e-08,1e-08,0,75,20,13,1188110358,True,True,True,True,5.59765,4.34385,50352128.0,5.932466337579582,,2.130275,4.592014670233477,,0.44,38857.99976665343,5.631047652446806,38861.428290479664,2.8921238262234024,2068480.0,5.005504367062389,1.4044119131117012,22.0,7.2703045630161345,0.0,6116.0,58277888.0,6.0,38967.50655046076,2.8298530299882434,1.6019665810118535,5.442377068530236,38965.246638372235,3.0,5.13841124765663,,4.6855943426070485,38965.24663837225,4.264371178478314,1.25,1.5555555555555556,8.467937515391482,27.0,4.0078589200401655,38967.50655046076,5.9374120239303485,8172.0,2.0213525000000003,4.6755200000000015,63.6,36786.68954769352,93585408.0,36089.74853129144,"0,20,40,60,80,100,120,140,160,180",6.405090513038392,7280.8,991.33,6.1178102413215685,6.3644
82,9,10,5000,200000,1e-08,1e-08,0,254,82,99,827040674,True,True,True,True,7.05597,6.27801,68603904.0,7.768533506320474,,2.164525,5.758271530018136,,1.1300000000000001,53893.926841814886,9.369766106874733,53899.26589701715,7.0060407583044295,2072576.0,8.028424830090035,2.5207308552907244,75.0,8.294933128076622,0.0,11676.0,58802176.0,14.0,54119.24159270815,6.832921777053459,2.4463382459154133,8.49224861460537,54117.82642069283,4.16,7.165027909393017,1.7633008261467853,6.602351247426088,54117.82642069283,7.7992270423182415,1.05,9.7344,9.510279857641647,104.0,7.455767656873236,54119.24159270815,9.013039913085608,14444.0,2.4071945,6.9252199999999995,307.2,48092.96159216254,210747392.0,47724.736180739055,"0,20,40,60,80,100,120,140,160,180",8.563858866893558,17221.6,4693.49,5.968349240856734,7.722455999999998
83,9,20,5000,200000,1e-08,1e-08,0,362,101,141,132976241,True,True,True,True,9.96113,8.56002,166170624.0,16.798044100492916,,2.60437,13.865743524007836,,3.18,67152.76299274064,16.210446692120627,67158.411000191,13.59989577849648,2109440.0,22.482355505710913,3.559790939801452,204.0,19.95025729576733,0.0,18772.0,58597376.0,19.0,67936.39923105322,9.44607485364794,3.1446692254229864,12.22104632419624,67934.56119790165,3.872727272727273,14.515847322383127,,13.345226066331511,67934.56119790164,10.665690570320901,1.16,9.929256198347106,22.50598739307748,213.0,10.884336670246697,67936.39923105322,19.742233809985755,20740.0,3.058423,11.111164,460.9,64068.956827867296,343093248.0,63182.01724728918,"0,20,40,60,80,100,120,140,160,180",19.78234199655379,23266.4,6842.460000000001,15.274565471218109,12.571731
84,9,40,5000,200000,1e-08,1e-08,0,578,139,174,1571704117,True,True,True,True,33.23118,31.65655,303894528.0,65.29059372339893,,8.49044,41.1344322608608,,6.99,80718.83054807782,39.059093356805306,80732.49525542805,36.854293932332844,2174976.0,68.07632420238411,9.089964624650484,404.0,44.365663143155835,0.0,28412.0,58687488.0,33.0,83415.54409837327,28.833372628146925,9.248551438595102,36.772178323155906,83413.23712626437,4.069767441860465,42.15631779734649,,36.44316285985376,83413.23712626437,30.123996526319235,1.07,16.506760411032992,84.38268809874609,350.0,35.274683019956896,83415.54409837327,68.13584489022324,27964.0,8.720371499999999,33.904297,622.3,95575.08923976171,562884608.0,94947.23409942676,"0,20,40,60,80,100,120,140,160,180",67.60307173596634,30175.2,9618.12,44.236631277006396,35.551261
85,9,64,5000,200000,1e-08,1e-08,0,704,167,234,1409280518,True,True,True,True,48.25348,46.80686,660848640.0,112.37612573177097,,12.46422,61.7443648704654,,10.56,100709.36379297306,53.433432452176135,100712.41714235321,51.245174256855705,2240512.0,123.6098686772184,12.825505779420912,550.0,74.26174626535438,0.01,37420.0,59396096.0,29.0,104692.61365113803,46.14452208645909,15.333919546931119,61.72274619896046,104688.70967095034,4.044642857142857,64.59867225711412,,56.475596995929564,104688.70967095034,47.433556685494565,1.45,9.721221301020408,164.19650046002246,453.0,60.31164652590739,104692.613651138,126.22414665707713,35268.0,14.9610665,58.298556000000005,893.2,112449.74938861943,691421184.0,112037.91691972128,"0,20,40,60,80,100,120,140,160,180",128.28047988401218,41508.0,9161.35,65.9141929160057,59.69758399999999
86,9,100,5000,200000,1e-08,1e-08,0,837,178,186,613877172,True,True,True,True,109.68333,107.73476,688762880.0,230.92454089731905,,25.363925,139.9335425805191,,13.72,96756.3609610157,106.72404240487684,96757.95088516136,104.5682883647221,2191360.0,242.6968892474281,26.75013451592882,560.0,141.314525428151,0.01,37100.0,59322368.0,24.0,99073.95255350124,79.44583553537724,27.179090785811766,114.56979241270331,99071.38539281131,4.3977272727272725,161.39201264147647,,133.33058825553496,99071.38539281127,80.94870450930965,1.69,10.807722107438018,363.81403121319084,387.0,112.66540085589754,99073.95255350119,245.24780253426928,32100.0,25.5418925,109.25383899999999,871.2857142857142,113752.3178046359,1047318528.0,113280.67483107965,"0,20,40,60,80,100,120,140,160,180",236.14047262815376,41542.28571428572,27493.02,133.2118508812681,111.02831100000002
87,9,10,5000,293333,1e-08,1e-08,0,392,118,173,1316869889,True,True,True,True,5.911118080816001,4.391350444716415,89112576.0,6.853259971608966,,1.4168675191676354,6.633683474463687,,1.8,58139.22579262834,8.524390668281594,58150.88761841942,6.386398626267611,2072576.0,8.377236369444319,1.9637829813832877,148.0,8.943132468856804,0.0,17396.0,58638336.0,28.0,58562.69188097374,5.765218397434831,1.7997783244374888,7.2885337749945425,58560.47764232532,4.090909090909091,6.7909277410123225,1.7150659624540143,6.1436211261818565,58560.47764232532,6.749640319191776,1.18,18.08264462809917,8.68878473520059,180.0,6.160412313802669,58562.69188097375,8.474258655650509,20284.0,1.6912693082605776,5.719032635264357,494.5,54437.98237103453,284160000.0,53746.78401172749,"0,20,40,60,80,100,120,140,160,180",8.129803457105961,24501.6,8219.54,7.2375320394529785,7.037251178694521
88,9,10,5000,546666,1e-08,1e-08,0,735,235,324,1727042129,True,True,True,True,5.995821946124325,4.498333534553091,154734592.0,6.55551608566022,,1.4367127276984484,6.443584096720206,,2.75,58889.341738459094,7.206854494975523,58893.26066865958,5.063189639733147,2080768.0,7.323607195430013,1.4839001971426151,252.0,7.708082724812018,0.0,27620.0,58650624.0,32.0,59584.41206973977,4.875906465465429,1.5209118805091442,6.077222765857268,59582.70723920432,3.8585858585858586,5.513718618432296,1.4872888759777572,5.428442711776418,59582.70723920432,5.874786264206504,1.17,12.72747678808285,7.20150378691375,382.0,5.069536312081822,59584.412069739745,6.969557376166748,34116.0,1.5824671737404556,5.0061452513966485,898.9,53325.37529791969,483549184.0,52541.87917815578,"0,20,40,60,80,100,120,140,160,180",7.040602040605877,40744.8,15039.31,6.0364269672752275,6.204111834282725
89,9,10,5000,800000,1e-08,1e-08,0,1272,415,498,604673986,True,True,True,True,5.0908075,3.9076075,222552064.0,6.125052858965915,,1.2271,5.721674298865464,,5.03,64760.65437823028,6.727419689548088,64766.79482796355,4.705578867732666,2064384.0,6.805155958991741,1.3611887250239845,336.0,7.545787505303909,0.0,37820.0,59162624.0,60.0,65732.99780649351,4.243938050747638,1.3178911030583174,5.423426048399454,65731.16914854785,3.953488372093023,5.666086091628331,1.2383119579537836,5.504543671004104,65731.16914854785,5.1485290897738185,1.12,29.40868938164774,6.852034494568493,510.0,4.47360625386027,65732.9978064935,6.649611121278798,45900.0,1.37519275,4.437633249999998,1286.5,53949.63429330495,734363648.0,53347.6788633849,"0,20,40,60,80,100,120,140,160,180",6.562619178805545,56810.4,22484.63,5.508205212638023,5.421835
