Unnamed: 0,replicate,sample_size,Ne,length,recombination_rate,mutation_rate,error_rate,edges,n_trees,n_sites,seed,fastARG_completed,tsinfer_completed,tsinfer_edges,tsinfer_mean_polytomy,tsinfer_ts_filesize,tsinfer_max_polytomy,tsinfer_var_polytomy,tsinfer_cputime,tsinfer_memory,fastARG_ts_filesize,fastARG_memory,fastARG_edges,fastARG_cputime
0,0,10,5000,5000000,1e-08,1e-08,0,7354,2363,3054,927456910,True,True,2937.0,4.21377331420373,194789.0,786.0,887.2125506114542,1.8699999999999999,61308928.0,170064.0,2306048.0,2097.0,0.13
1,0,1062,5000,5000000,1e-08,1e-08,0,27356,6823,7394,1507136756,True,True,21297.0,5.2198529411764705,738951.0,2264.0,1269.1543607626868,17.76,91729920.0,989128.0,81178624.0,30203.0,35.47
2,0,2114,5000,5000000,1e-08,1e-08,0,31202,7268,8228,1579931581,True,True,25879.0,5.466624419095902,886244.0,2461.0,1297.5475763959057,32.97,106287104.0,1196548.0,259092480.0,36712.0,211.3
3,0,3166,5000,5000000,1e-08,1e-08,0,35618,7848,8659,1170463315,True,True,30206.0,5.796584148915756,1016871.0,2692.0,1415.5306810972659,42.53,117362688.0,1370876.0,494018560.0,42708.0,303.05
4,0,4218,5000,5000000,1e-08,1e-08,0,39456,8287,9285,521651904,True,True,33564.0,5.853505406348099,1130282.0,2775.0,1370.9318005827229,65.27999999999999,131043328.0,1528880.0,663183360.0,47626.0,964.76
5,0,5270,5000,5000000,1e-08,1e-08,0,42005,8365,8946,752361679,True,True,35531.0,6.15148891966759,1181564.0,2755.0,1349.7802020767474,74.61,133533696.0,1598540.0,1068191744.0,50059.0,1622.75
6,0,6322,5000,5000000,1e-08,1e-08,0,45726,8794,9437,218920742,True,True,39252.0,6.296438883541867,1292321.0,2806.0,1307.0192783033713,89.3,141647872.0,1754963.0,1255997440.0,54986.0,2346.7799999999997
7,0,7374,5000,5000000,1e-08,1e-08,0,49431,9274,10075,933863536,True,True,43113.0,6.411808447352767,1409219.0,3058.0,1430.401651161404,112.33,166043648.0,1905694.0,2042101760.0,59830.0,2386.99
8,0,8426,5000,5000000,1e-08,1e-08,0,50474,8935,9552,645671667,True,True,44837.0,6.679130046179056,1452998.0,2908.0,1309.1882684521777,124.74,165363712.0,1946242.0,2967482368.0,61262.0,4789.33
9,0,9478,5000,5000000,1e-08,1e-08,0,53860,9249,9636,1079358312,True,True,46770.0,6.854755972446138,1511673.0,3001.0,1377.1404167036042,132.51999999999998,177504256.0,2056264.0,3415760896.0,64949.0,6380.58
10,0,10000,5000,500000,1e-08,1e-08,0,23175,845,957,360934447,True,True,19188.0,17.0711743772242,648576.0,341.0,1379.1924431048237,12.959999999999999,89591808.0,820881.0,1618419712.0,23893.0,474.07
11,0,10000,5000,1000000,1e-08,1e-08,0,26740,1788,1838,366102318,True,True,23608.0,13.345392877331824,768597.0,553.0,912.3402854448559,24.0,104521728.0,947378.0,3187679232.0,28265.0,1182.9199999999996
12,0,10000,5000,1500000,1e-08,1e-08,0,30290,2729,3047,1774066562,True,True,25896.0,9.738999623918767,855123.0,970.0,594.6652372091011,41.019999999999996,115597312.0,1107019.0,3276480512.0,33301.0,2494.4500000000003
13,0,10000,5000,2000000,1e-08,1e-08,0,33937,3687,3809,836271860,True,True,28963.0,8.797995139732686,944009.0,1221.0,612.5980154216046,51.6,124547072.0,1244356.0,3299684352.0,38087.0,1504.66
14,0,10000,5000,2500000,1e-08,1e-08,0,37322,4604,4906,454479215,True,True,32828.0,8.281533804238142,1070095.0,1545.0,738.0362785757998,62.3,137355264.0,1389915.0,3062591488.0,42792.0,3396.66
15,0,10000,5000,3000000,1e-08,1e-08,0,40530,5400,5594,144813374,True,True,35776.0,8.005370328932647,1159705.0,1827.0,859.502320678475,72.33,143835136.0,1533765.0,3424235520.0,47648.0,4234.650000000001
16,0,10000,5000,3500000,1e-08,1e-08,0,43491,6223,6758,1533646470,True,True,38179.0,7.519992121331495,1241521.0,1964.0,846.6829270828607,95.94000000000001,147730432.0,1641828.0,1964888064.0,50990.0,3266.55
17,0,10000,5000,4000000,1e-08,1e-08,0,47677,7348,8006,726852578,True,True,41497.0,7.209346768589298,1350940.0,2431.0,1101.5310523182502,117.04,164999168.0,1809763.0,3521167360.0,56496.0,5887.259999999999
18,0,10000,5000,4500000,1e-08,1e-08,0,51180,8293,8970,66307413,True,True,45857.0,7.138387297633873,1487119.0,2655.0,1171.2745911725408,120.63000000000001,176959488.0,1956532.0,3607449600.0,61330.0,6720.3
19,0,10000,5000,5000000,1e-08,1e-08,0,54873,9273,10063,361009219,True,True,48580.0,6.863520768578694,1576860.0,3096.0,1410.1113536397922,143.78,194056192.0,2110809.0,3481513984.0,65846.0,6974.34
20,0,10000,5000,5500000,1e-08,1e-08,0,57520,9935,10728,1262916283,True,True,50031.0,6.7600324280502635,1625866.0,3162.0,1406.67934300665,163.86,195317760.0,2228646.0,3359633408.0,69506.0,7478.11
21,0,10000,5000,6000000,1e-08,1e-08,0,61489,10995,11811,588512986,True,True,54213.0,6.669085988436462,1750467.0,3673.0,1713.3388905534373,175.05,212672512.0,2388288.0,3744952320.0,74777.0,8473.82
22,0,10000,5000,6500000,1e-08,1e-08,0,65119,11981,12928,381249369,True,True,57221.0,6.520911680911681,1854394.0,3966.0,1838.0795342115732,197.41,228331520.0,2547333.0,3776372736.0,79995.0,8972.14
23,0,10000,5000,7000000,1e-08,1e-08,0,68120,12741,13613,1449942602,True,True,59349.0,6.52330182457683,1919926.0,4102.0,1893.21296548837,199.58,230158336.0,2681062.0,3826880512.0,84526.0,9119.65
24,0,10000,5000,7500000,1e-08,1e-08,0,71956,13753,14664,18522716,True,True,62297.0,6.469055036344756,2013351.0,4411.0,2064.15475372802,227.01,251203584.0,2817761.0,3855659008.0,88944.0,10595.78
25,0,10000,5000,8000000,1e-08,1e-08,0,74658,14525,15527,984897389,True,True,65608.0,6.444160691484137,2130708.0,4646.0,2159.0988611485227,242.69,252870656.0,2939625.0,3901075456.0,92974.0,11256.92
26,0,10000,5000,8500000,1e-08,1e-08,0,77832,15375,16317,1380367988,True,True,68153.0,6.420442769665567,2209753.0,4903.0,2305.795437015448,250.98,274137088.0,3044116.0,3775414272.0,96371.0,10216.59
27,0,10000,5000,9000000,1e-08,1e-08,0,80913,16223,17769,1752976264,True,True,71296.0,6.273295204575451,2327410.0,5207.0,2421.933580738636,286.64,287621120.0,3189129.0,3686084608.0,100577.0,11183.429999999998
28,0,10000,5000,9500000,1e-08,1e-08,0,83405,16794,18463,655395985,True,True,74196.0,6.228154117350793,2415035.0,5423.0,2501.3924181238176,309.55,287645696.0,3344646.0,4131176448.0,105451.0,12653.359999999999
29,0,10000,5000,10000000,1e-08,1e-08,0,87748,18033,19191,2144194118,True,True,77624.0,6.323747454175153,2514013.0,5642.0,2629.2648006205386,321.21,309940224.0,3489458.0,4065914880.0,110404.0,12063.130000000001
30,0,10531,5000,5000000,1e-08,1e-08,0,55852,9227,9882,1072651494,True,True,49169.0,7.005128935745833,1592576.0,3160.0,1478.6581871147334,148.03,195649536.0,2176643.0,3642109952.0,67859.0,7403.17
31,0,11583,5000,5000000,1e-08,1e-08,0,59176,9541,10185,315608276,True,True,51437.0,7.027872660199481,1665391.0,3170.0,1440.6862022103178,164.10999999999999,215842816.0,2274682.0,5585530880.0,70874.0,9807.56
32,0,12635,5000,5000000,1e-08,1e-08,0,59979,9185,9579,592297390,True,True,52268.0,7.389792167397144,1683003.0,3073.0,1416.2372887027407,181.88,209514496.0,2265220.0,3511062528.0,70459.0,10392.63
33,0,13687,5000,5000000,1e-08,1e-08,0,65113,9984,10444,80338721,True,True,56638.0,7.376660588694973,1818138.0,3170.0,1384.6346310989181,219.6,232288256.0,2485436.0,5897330688.0,77723.0,14180.300000000001
34,0,14739,5000,5000000,1e-08,1e-08,0,65176,9429,9844,1552623695,True,True,57134.0,7.654608788853163,1828305.0,2872.0,1204.3614123067607,179.6,240070656.0,2490848.0,7353344000.0,77861.0,6779.009999999998
35,0,15791,5000,5000000,1e-08,1e-08,0,66837,9365,10151,885691451,True,True,58407.0,7.737051265068221,1875633.0,2993.0,1287.3619084330587,214.46,260571136.0,2540817.0,8056999936.0,79047.0,15622.04
36,0,16843,5000,5000000,1e-08,1e-08,0,69559,9518,10270,11059627,True,True,61846.0,7.909707123673104,1975525.0,3050.0,1298.6128984818151,255.67,256323584.0,2659750.0,11184852992.0,82982.0,23523.789999999997
37,0,17895,5000,5000000,1e-08,1e-08,0,73231,9913,10624,795109076,True,True,64431.0,7.909526147802602,2057129.0,3147.0,1322.20676660581,243.52,280322048.0,2773945.0,12047126528.0,86573.0,28979.73
38,0,18947,5000,5000000,1e-08,1e-08,0,73349,9341,9863,727215104,True,True,64679.0,8.30815671162492,2057249.0,3039.0,1320.8911666087106,257.23,281292800.0,2790815.0,12679077888.0,87257.0,30687.15
39,0,20000,5000,5000000,1e-08,1e-08,0,77121,9825,10667,1000499192,True,True,68364.0,8.258516549891278,2199924.0,3223.0,1399.1525458544616,297.81,301785088.0,2899506.0,13664256000.0,89900.0,35041.76
40,1,10,5000,5000000,1e-08,1e-08,0,6763,2169,2718,52524892,True,True,2528.0,4.07085346215781,178175.0,701.0,788.5618074841625,1.7300000000000002,60821504.0,159936.0,2256896.0,1936.0,0.12
41,1,1062,5000,5000000,1e-08,1e-08,0,26912,6741,7336,861773976,True,True,21213.0,5.309887359198998,735253.0,2243.0,1273.8288759572745,19.05,90873856.0,969673.0,81494016.0,29472.0,42.86
42,1,2114,5000,5000000,1e-08,1e-08,0,32199,7516,8022,1735991922,True,True,26090.0,5.583137170982239,882944.0,2506.0,1363.7354913779316,30.409999999999997,103636992.0,1209721.0,242057216.0,37481.0,245.3
43,1,3166,5000,5000000,1e-08,1e-08,0,35065,7701,8359,15991385,True,True,29320.0,5.813999603410668,989555.0,2556.0,1321.820648746381,43.97,118702080.0,1342740.0,485494784.0,41843.0,562.74
44,1,4218,5000,5000000,1e-08,1e-08,0,39541,8279,9003,1449365322,True,True,33407.0,5.917980513728963,1120847.0,2829.0,1447.7752037161831,40.64,131002368.0,1522903.0,835780608.0,47598.0,943.12
45,1,5270,5000,5000000,1e-08,1e-08,0,43666,8843,9698,2004056872,True,True,37633.0,6.001116249402009,1248590.0,2994.0,1457.277147534086,74.16,143405056.0,1685357.0,1095942144.0,52622.0,724.88
46,1,6322,5000,5000000,1e-08,1e-08,0,45451,8742,9122,60492517,True,True,39092.0,6.373002934463646,1282134.0,2809.0,1331.0007449113052,89.17,142659584.0,1727105.0,1666043904.0,54135.0,2563.17
47,1,7374,5000,5000000,1e-08,1e-08,0,47713,8788,9487,1550636973,True,True,42481.0,6.5265017667844525,1382134.0,3019.0,1445.17970171228,106.15,153776128.0,1857175.0,2017218560.0,58381.0,3482.89
48,1,8426,5000,5000000,1e-08,1e-08,0,50091,8824,9445,1437841010,True,True,43100.0,6.712350101230338,1407653.0,2886.0,1352.1410544521066,105.84,164163584.0,1925086.0,2056105984.0,60513.0,4220.82
49,1,9478,5000,5000000,1e-08,1e-08,0,53151,9034,9525,317594713,True,True,46950.0,6.880128956623681,1513960.0,3032.0,1403.2051502764534,133.65,174145536.0,2040443.0,3372507136.0,64403.0,6514.71
50,1,10000,5000,500000,1e-08,1e-08,0,23341,891,978,252108970,True,True,20738.0,18.76742081447964,684011.0,597.0,2092.5549566962186,13.65,90767360.0,821792.0,3144982528.0,23923.0,589.77
51,1,10000,5000,1000000,1e-08,1e-08,0,26511,1716,1913,726987915,True,True,22402.0,12.037614185921548,743069.0,654.0,782.2823036039686,24.88,105627648.0,943299.0,3170963456.0,28065.0,1500.08
52,1,10000,5000,1500000,1e-08,1e-08,0,29697,2578,2698,466003127,True,True,25445.0,10.73175875158161,836362.0,838.0,604.009868648674,34.22,117755904.0,1061464.0,3233550336.0,32093.0,999.98
53,1,10000,5000,2000000,1e-08,1e-08,0,33652,3632,3908,634229755,True,True,28732.0,8.950778816199376,941507.0,1159.0,587.3707859978067,52.32,126017536.0,1242808.0,2739097600.0,37960.0,2454.7
54,1,10000,5000,2500000,1e-08,1e-08,0,36709,4460,4638,1818331525,True,True,31652.0,8.39575596816976,1028401.0,1633.0,847.1765337123317,62.160000000000004,131100672.0,1354619.0,3052015616.0,41627.0,3368.59
55,1,10000,5000,3000000,1e-08,1e-08,0,41061,5589,5969,1113947505,True,True,36390.0,7.819080360979802,1182211.0,1875.0,858.3768082647067,83.69999999999999,139956224.0,1539052.0,3168313344.0,47595.0,4362.9
56,1,10000,5000,3500000,1e-08,1e-08,0,44511,6500,6997,176127709,True,True,38672.0,7.551650068346026,1257512.0,2177.0,1022.5941395346456,97.88,154525696.0,1683224.0,2166747136.0,52408.0,4294.009999999999
57,1,10000,5000,4000000,1e-08,1e-08,0,48708,7633,8030,872754006,True,True,42656.0,7.153446251886634,1380482.0,2476.0,1100.1473413851288,116.31,167870464.0,1835455.0,3506991104.0,57474.0,3680.33
58,1,10000,5000,4500000,1e-08,1e-08,0,51026,8239,8635,846651357,True,True,44849.0,7.16094523391346,1449253.0,2691.0,1223.616121220536,125.97,172699648.0,1953454.0,3608219648.0,61466.0,6143.099999999999
59,1,10000,5000,5000000,1e-08,1e-08,0,54676,9226,9835,370254826,True,True,47619.0,6.854613502231179,1548959.0,3035.0,1382.4032186033185,143.34,188432384.0,2074662.0,2088218624.0,65263.0,6374.74
60,1,10000,5000,5500000,1e-08,1e-08,0,58424,10176,11015,1952368865,True,True,51206.0,6.6466770508826585,1661570.0,3404.0,1559.635027898819,168.49,205058048.0,2286566.0,3705536512.0,71483.0,7353.27
61,1,10000,5000,6000000,1e-08,1e-08,0,61966,11107,11811,1493571069,True,True,54642.0,6.716902274124155,1760608.0,3704.0,1737.846714927758,180.93,210526208.0,2430395.0,3738177536.0,76362.0,8703.07
62,1,10000,5000,6500000,1e-08,1e-08,0,64468,11846,12706,110815175,True,True,56167.0,6.64698224852071,1822319.0,3716.0,1680.8949050943595,184.75,218787840.0,2521093.0,3789848576.0,79172.0,7746.8099999999995
63,1,10000,5000,7000000,1e-08,1e-08,0,69408,13126,13930,192086521,True,True,60917.0,6.5012806830309495,1965272.0,4217.0,1939.4175543897338,220.59,240070656.0,2766313.0,3806494720.0,87508.0,9404.62
64,1,10000,5000,7500000,1e-08,1e-08,0,70870,13451,14678,593121748,True,True,62161.0,6.336493374108052,2012207.0,4385.0,2002.0989026882846,210.25,249040896.0,2788467.0,3825549312.0,87835.0,3997.85
65,1,10000,5000,8000000,1e-08,1e-08,0,75192,14649,15481,1295907009,True,True,65932.0,6.437414567467291,2138252.0,4728.0,2225.7491098162222,249.4,253435904.0,2982145.0,3881549824.0,94610.0,10711.08
66,1,10000,5000,8500000,1e-08,1e-08,0,78891,15646,17005,1446971885,True,True,68495.0,6.3024475524475525,2241368.0,5141.0,2468.9825961441948,245.72,276000768.0,3108893.0,2483957760.0,98083.0,10235.12
67,1,10000,5000,9000000,1e-08,1e-08,0,80695,16108,17148,156476042,True,True,71279.0,6.4488374197050575,2312355.0,5124.0,2413.251634629588,274.34999999999997,281022464.0,3199973.0,3876110336.0,101457.0,11735.03
68,1,10000,5000,9500000,1e-08,1e-08,0,83648,16926,18101,854711162,True,True,72996.0,6.294386479261878,2376487.0,5178.0,2349.248509490368,302.33,296071168.0,3336283.0,3597709312.0,105408.0,11489.89
69,1,10000,5000,10000000,1e-08,1e-08,0,89577,18468,19982,168264893,True,True,79139.0,6.211364885016875,2569533.0,5850.0,2722.885785602751,325.02,315002880.0,3576322.0,3947663360.0,113088.0,11524.210000000001
70,1,10531,5000,5000000,1e-08,1e-08,0,55912,9221,9797,461351888,True,True,48956.0,7.034918810173876,1585476.0,2874.0,1250.4216862665796,151.5,191721472.0,2159014.0,2207739904.0,67266.0,7354.320000000001
71,1,11583,5000,5000000,1e-08,1e-08,0,57391,9075,9751,298856313,True,True,50338.0,7.039295203468046,1630271.0,2903.0,1239.4305632845512,165.47,206561280.0,2226726.0,3216482304.0,69373.0,8685.439999999999
72,1,12635,5000,5000000,1e-08,1e-08,0,61615,9627,10161,1720966851,True,True,53544.0,7.3267651888341545,1725552.0,3119.0,1413.7344943526361,178.83,225738752.0,2328572.0,5789474816.0,72460.0,11691.93
73,1,13687,5000,5000000,1e-08,1e-08,0,62938,9410,10323,131357259,True,True,53676.0,7.210639441160667,1744045.0,3014.0,1294.4537503165313,201.21,226185216.0,2393064.0,6787493888.0,74315.0,13755.65
74,1,14739,5000,5000000,1e-08,1e-08,0,66250,9742,10366,886152833,True,True,58354.0,7.54025067838222,1868895.0,3122.0,1352.9177170065495,191.74,236482560.0,2533928.0,7396859904.0,79128.0,17325.04
75,1,15791,5000,5000000,1e-08,1e-08,0,67620,9532,10202,1090046110,True,True,59309.0,7.674560041407868,1899533.0,2985.0,1250.787075375794,216.18,261808128.0,2571767.0,8067604480.0,80178.0,20070.969999999998
76,1,16843,5000,5000000,1e-08,1e-08,0,69600,9497,10074,665660989,True,True,61953.0,7.941674144340469,1974424.0,3065.0,1307.7806001455808,234.84,267952128.0,2620522.0,7320891392.0,81625.0,10444.83
77,1,17895,5000,5000000,1e-08,1e-08,0,72156,9634,10507,1638250953,True,True,63672.0,7.89387552690305,2036426.0,3090.0,1296.7995484070211,258.88,274743296.0,2745479.0,11970932736.0,85562.0,11960.83
78,1,18947,5000,5000000,1e-08,1e-08,0,74190,9578,10088,1221995307,True,True,64898.0,8.175610985134794,2067899.0,2972.0,1246.3569158839405,252.98,288706560.0,2802787.0,12751929344.0,87555.0,20830.29
79,1,20000,5000,5000000,1e-08,1e-08,0,77268,9875,10594,1540422653,True,True,68142.0,8.316084940200147,2192485.0,3005.0,1235.430234318389,272.56,299085824.0,2920051.0,13622894592.0,90712.0,22643.88
80,2,10,5000,5000000,1e-08,1e-08,0,6979,2229,2969,1448948558,True,True,2919.0,4.280058651026393,190927.0,787.0,909.6708340141554,1.36,61251584.0,174634.0,2232320.0,2350.0,0.14
81,2,1062,5000,5000000,1e-08,1e-08,0,27117,6757,7429,1365209905,True,True,21642.0,5.26697493307374,750411.0,2390.0,1403.7225915060644,17.2,91250688.0,991890.0,80683008.0,30274.0,54.989999999999995
82,2,2114,5000,5000000,1e-08,1e-08,0,32259,7529,8300,441191663,True,True,26075.0,5.48485485906605,892185.0,2492.0,1325.2468257361909,32.16,106631168.0,1196092.0,207966208.0,36635.0,182.66
83,2,3166,5000,5000000,1e-08,1e-08,0,36308,8003,8832,1284758845,True,True,30672.0,5.663220088626293,1032627.0,2872.0,1546.6834773710589,49.03,122642432.0,1403617.0,498274304.0,43612.0,489.11
84,2,4218,5000,5000000,1e-08,1e-08,0,38796,8106,8653,1148006791,True,True,32555.0,6.05449135205505,1084095.0,2619.0,1304.3717749737486,59.050000000000004,125440000.0,1491731.0,625463296.0,46644.0,963.0
85,2,5270,5000,5000000,1e-08,1e-08,0,42377,8492,9322,1618455632,True,True,36393.0,6.1216148023549195,1209894.0,2751.0,1304.9027876363155,67.66000000000001,138682368.0,1636734.0,1098272768.0,51018.0,1305.01
86,2,6322,5000,5000000,1e-08,1e-08,0,45031,8626,9235,856698781,True,True,39050.0,6.327985739750446,1283477.0,2722.0,1238.0395652021948,81.07000000000002,139886592.0,1750568.0,1586810880.0,54965.0,2005.23
87,2,7374,5000,5000000,1e-08,1e-08,0,48030,8828,9393,1445760780,True,True,41182.0,6.433682237150445,1349081.0,2898.0,1355.4741599921372,101.21,152469504.0,1869430.0,2014109696.0,58907.0,3258.14
88,2,8426,5000,5000000,1e-08,1e-08,0,50710,8980,9371,1478686761,True,True,43735.0,6.765934405940594,1421636.0,2936.0,1388.0487095848066,117.8,161914880.0,1930232.0,2969772032.0,60764.0,4098.98
89,2,9478,5000,5000000,1e-08,1e-08,0,52677,8957,9688,479348526,True,True,45708.0,6.742587402271721,1487307.0,2967.0,1353.4040146064265,133.43,179421184.0,2008006.0,3278245888.0,63042.0,6482.49
90,2,10000,5000,500000,1e-08,1e-08,0,23507,938,997,193094717,True,True,19424.0,16.846487424111015,654582.0,424.0,1392.1351502810646,13.9,90001408.0,830684.0,2747432960.0,24261.0,692.4399999999998
91,2,10000,5000,1000000,1e-08,1e-08,0,27017,1879,1990,1130640315,True,True,21681.0,11.36320754716981,728224.0,562.0,591.8811830030457,25.79,104747008.0,954127.0,2867978240.0,28430.0,976.63
92,2,10000,5000,1500000,1e-08,1e-08,0,30080,2660,2803,716604051,True,True,26289.0,10.095622119815669,859742.0,976.0,739.594159021569,35.88,120270848.0,1070557.0,3254579200.0,32382.0,2416.94
93,2,10000,5000,2000000,1e-08,1e-08,0,34152,3740,3986,978811451,True,True,29784.0,9.125,967474.0,1456.0,822.5487132352941,54.15,126808064.0,1254458.0,3301179392.0,38356.0,2991.95
94,2,10000,5000,2500000,1e-08,1e-08,0,36818,4442,4747,1471324669,True,True,31349.0,8.348601864181092,1023122.0,1537.0,759.5991158880923,62.839999999999996,133373952.0,1367908.0,3349962752.0,42059.0,2455.67
95,2,10000,5000,3000000,1e-08,1e-08,0,39600,5233,5883,1281837476,True,True,34583.0,7.76448136506511,1136547.0,1577.0,657.5518502361814,81.42999999999999,139313152.0,1493114.0,3431899136.0,45873.0,3818.39
96,2,10000,5000,3500000,1e-08,1e-08,0,44041,6355,6673,2055577170,True,True,38512.0,7.71011011011011,1247061.0,2012.0,897.4342821700578,93.14,146550784.0,1673361.0,3339014144.0,52250.0,4385.96
97,2,10000,5000,4000000,1e-08,1e-08,0,47472,7278,7737,668714160,True,True,41155.0,7.234136052030234,1335696.0,2327.0,1022.2534945998761,101.86,159264768.0,1797542.0,3514269696.0,56303.0,5161.09
98,2,10000,5000,4500000,1e-08,1e-08,0,52101,8477,8985,1685047406,True,True,45626.0,7.05193199381762,1482417.0,2916.0,1385.1994669010937,131.62,177856512.0,1979518.0,3516104704.0,62196.0,4177.75
99,2,10000,5000,5000000,1e-08,1e-08,0,54666,9223,9815,811568269,True,True,47796.0,6.884055883623794,1552729.0,2994.0,1354.582696958997,145.85999999999999,187408384.0,2098995.0,3658612736.0,65576.0,7514.76
100,2,10000,5000,5500000,1e-08,1e-08,0,58068,10127,11088,342825594,True,True,50662.0,6.732491694352159,1648249.0,3330.0,1525.1551502698649,163.65,201629696.0,2259066.0,3703836672.0,70385.0,3957.52
101,2,10000,5000,6000000,1e-08,1e-08,0,62329,11221,11823,910714040,True,True,54503.0,6.731258490799061,1757169.0,3645.0,1690.185651287635,163.86,211582976.0,2420724.0,3734618112.0,75980.0,7962.06
102,2,10000,5000,6500000,1e-08,1e-08,0,64862,11929,12910,1942599713,True,True,56861.0,6.62175381390474,1843672.0,3894.0,1812.0979918932762,193.6,224030720.0,2515945.0,2227380224.0,78867.0,8258.51
103,2,10000,5000,7000000,1e-08,1e-08,0,67027,12474,13495,942413534,True,True,59042.0,6.458324217895428,1911055.0,3940.0,1741.7389653825219,195.0,228532224.0,2650429.0,3781419008.0,83447.0,9581.03
104,2,10000,5000,7500000,1e-08,1e-08,0,71382,13643,14695,53126108,True,True,62015.0,6.350092156461192,2008611.0,4354.0,1979.5353302188266,223.79,250535936.0,2768830.0,3858206720.0,87076.0,6222.8499999999985
105,2,10000,5000,8000000,1e-08,1e-08,0,74699,14524,15693,1469300880,True,True,65914.0,6.369117789158373,2142616.0,4586.0,2070.028019136671,251.87,260476928.0,2955226.0,3899297792.0,93433.0,10650.369999999999
106,2,10000,5000,8500000,1e-08,1e-08,0,79411,15773,16743,1103091771,True,True,69920.0,6.367941712204007,2271680.0,4928.0,2248.4183529583515,280.63,269611008.0,3115661.0,4059869184.0,98543.0,8092.66
107,2,10000,5000,9000000,1e-08,1e-08,0,80879,16224,17527,537668783,True,True,70746.0,6.241926945473796,2309487.0,5242.0,2459.930707280352,282.52,286523392.0,3185236.0,4077465600.0,100592.0,11176.89
108,2,10000,5000,9500000,1e-08,1e-08,0,85918,17448,18670,790085078,True,True,75861.0,6.320696550574904,2459516.0,5479.0,2537.3061688865882,315.85,292216832.0,3413526.0,4135022592.0,107897.0,12334.77
109,2,10000,5000,10000000,1e-08,1e-08,0,88842,18274,19573,793259047,True,True,78500.0,6.2699680511182105,2544473.0,5895.0,2810.00954536639,326.83,305516544.0,3570476.0,4134125568.0,113161.0,12275.43
110,2,10531,5000,5000000,1e-08,1e-08,0,54730,8913,9635,288248218,True,True,47780.0,6.969078179696616,1553963.0,2721.0,1144.1939096519975,151.34,188080128.0,2129592.0,3879219200.0,66264.0,5388.5999999999985
111,2,11583,5000,5000000,1e-08,1e-08,0,58669,9410,10061,132427561,True,True,51912.0,7.156327543424317,1673727.0,3013.0,1324.3623827634074,169.49,211521536.0,2272587.0,5582209024.0,70903.0,9824.07
112,2,12635,5000,5000000,1e-08,1e-08,0,59713,9134,9819,1196105796,True,True,53365.0,7.343470483005366,1714947.0,3067.0,1369.492321133125,172.32,216576000.0,2290453.0,6140104704.0,71249.0,8899.67
113,2,13687,5000,5000000,1e-08,1e-08,0,62638,9337,9844,2113221290,True,True,54659.0,7.438622754491018,1757790.0,2860.0,1200.5701304929605,191.09,227639296.0,2419904.0,6688550912.0,75649.0,14285.199999999999
114,2,14739,5000,5000000,1e-08,1e-08,0,65218,9436,10162,1835977248,True,True,57677.0,7.643387225019878,1847461.0,3099.0,1364.4014517655087,183.85,247640064.0,2477503.0,7380652032.0,77123.0,18105.22
115,2,15791,5000,5000000,1e-08,1e-08,0,67391,9486,10203,1109213895,True,True,59576.0,7.680288771432255,1906120.0,3115.0,1344.6591615512637,227.79,261267456.0,2558403.0,7029592064.0,79691.0,21052.05
116,2,16843,5000,5000000,1e-08,1e-08,0,70447,9734,10545,2010025670,True,True,61871.0,7.730009995002499,1982819.0,3380.0,1526.2355761618194,256.56,269660160.0,2694787.0,7966162944.0,84094.0,24201.04
117,2,17895,5000,5000000,1e-08,1e-08,0,72721,9756,10461,2062516208,True,True,63355.0,7.876056688214819,2027943.0,3230.0,1408.5765077720225,262.53000000000003,273207296.0,2779485.0,12017025024.0,86894.0,25418.19
118,2,18947,5000,5000000,1e-08,1e-08,0,74429,9628,10333,1476671983,True,True,65748.0,8.028819147637074,2111171.0,3120.0,1299.2752715448967,275.19,279408640.0,2837508.0,11635269632.0,88266.0,30394.440000000002
119,2,20000,5000,5000000,1e-08,1e-08,0,77149,9844,10706,648627466,True,True,67537.0,8.143856264319306,2181015.0,3212.0,1363.9099697909883,314.10999999999996,304414720.0,2904332.0,13625442304.0,90044.0,29360.77
120,3,10,5000,5000000,1e-08,1e-08,0,6961,2244,2808,2096657563,True,True,2709.0,4.129573170731708,183729.0,736.0,823.9816864031824,1.7100000000000002,61038592.0,168676.0,2203648.0,2218.0,0.12
121,3,1062,5000,5000000,1e-08,1e-08,0,27606,6913,7759,356559257,True,True,22159.0,5.165268065268065,771599.0,2409.0,1364.008817002733,19.450000000000003,93556736.0,1013366.0,70012928.0,30895.0,38.980000000000004
122,3,2114,5000,5000000,1e-08,1e-08,0,31957,7444,7975,1480729687,True,True,25745.0,5.549687432636344,871847.0,2382.0,1241.4240778285787,32.14,106582016.0,1190915.0,242364416.0,36870.0,122.85
123,3,3166,5000,5000000,1e-08,1e-08,0,35631,7884,8435,595205585,True,True,29600.0,5.788032850997263,998033.0,2671.0,1419.4560476359952,44.49,119324672.0,1349132.0,492560384.0,42024.0,410.59000000000003
124,3,4218,5000,5000000,1e-08,1e-08,0,39602,8326,8966,114007117,True,True,33793.0,5.9599647266313935,1129469.0,2742.0,1356.1054518506076,61.08000000000001,133189632.0,1534894.0,825581568.0,48085.0,474.53
125,3,5270,5000,5000000,1e-08,1e-08,0,42737,8574,9007,1445109858,True,True,36618.0,6.282038085434895,1208551.0,2796.0,1376.1153421491754,74.97,139993088.0,1644513.0,1092493312.0,51537.0,913.41
126,3,6322,5000,5000000,1e-08,1e-08,0,45028,8647,9077,2066335760,True,True,38731.0,6.465943238731219,1271508.0,2723.0,1282.071878534341,86.01,143912960.0,1722944.0,1209704448.0,53995.0,2498.23
127,3,7374,5000,5000000,1e-08,1e-08,0,48387,8913,9557,527185935,True,True,42027.0,6.466687182643484,1372638.0,3058.0,1481.2438125519375,68.32,153505792.0,1867284.0,2011942912.0,58732.0,3384.08
128,3,8426,5000,5000000,1e-08,1e-08,0,50099,8812,9618,939199308,True,True,43116.0,6.554575858923685,1412584.0,2750.0,1199.7198095571064,120.14999999999999,165707776.0,1924244.0,2971377664.0,60379.0,4333.07
129,3,9478,5000,5000000,1e-08,1e-08,0,53018,9073,9735,2038081586,True,True,46496.0,6.895447130357407,1506180.0,3064.0,1452.9979668140152,137.57000000000002,178794496.0,2020491.0,3054764032.0,63484.0,6166.660000000001
130,3,10000,5000,500000,1e-08,1e-08,0,23203,853,931,917279757,True,True,20504.0,18.177304964539008,678512.0,737.0,2177.441967204869,12.95,89419776.0,819093.0,3129368576.0,23830.0,780.74
131,3,10000,5000,1000000,1e-08,1e-08,0,27058,1879,1878,1678753982,True,True,22805.0,11.564401622718053,752846.0,664.0,644.915223627746,25.459999999999997,105562112.0,951238.0,1657520128.0,28398.0,1152.1399999999999
132,3,10000,5000,1500000,1e-08,1e-08,0,30569,2776,2926,597293474,True,True,26052.0,10.043176561295297,856146.0,1074.0,733.7082360158579,37.730000000000004,122531840.0,1110388.0,3268050944.0,33513.0,2076.59
133,3,10000,5000,2000000,1e-08,1e-08,0,34045,3720,4024,1165403824,True,True,29342.0,8.711995249406176,958938.0,1438.0,803.4995948313315,53.65,128573440.0,1251080.0,3314950144.0,38191.0,2773.29
134,3,10000,5000,2500000,1e-08,1e-08,0,36373,4351,4585,1147632683,True,True,31056.0,8.261771747805268,1013691.0,1534.0,754.7231754722425,59.42,129957888.0,1356167.0,3373154304.0,41711.0,3595.91
135,3,10000,5000,3000000,1e-08,1e-08,0,39786,5239,5751,939612097,True,True,34416.0,7.837850148030061,1129796.0,1791.0,838.4168866557499,51.55,137506816.0,1500296.0,3392159744.0,46250.0,4034.28
136,3,10000,5000,3500000,1e-08,1e-08,0,43622,6266,6776,204533776,True,True,37369.0,7.484277989184859,1222061.0,2083.0,960.0414612101249,91.93,147922944.0,1635905.0,2962591744.0,50763.0,5268.400000000001
137,3,10000,5000,4000000,1e-08,1e-08,0,47678,7340,7779,1398269239,True,True,41117.0,7.254234297812278,1335310.0,2337.0,1037.4369527834956,105.34,160403456.0,1800339.0,3421941760.0,56371.0,4524.969999999998
138,3,10000,5000,4500000,1e-08,1e-08,0,50398,8073,8781,744362198,True,True,43801.0,7.036305220883534,1426907.0,2685.0,1224.2373967903745,122.80000000000001,174313472.0,1925136.0,3496869888.0,60282.0,5604.43
139,3,10000,5000,5000000,1e-08,1e-08,0,54045,9025,9798,676916513,True,True,47313.0,6.864915844457342,1540564.0,2973.0,1341.2320424624475,144.28,185712640.0,2061124.0,3646156800.0,64754.0,4897.59
140,3,10000,5000,5500000,1e-08,1e-08,0,57594,9983,10805,2046201854,True,True,50003.0,6.649335106382979,1627759.0,3099.0,1328.9838160472784,160.22,199860224.0,2238923.0,3686187008.0,69823.0,7298.700000000001
141,3,10000,5000,6000000,1e-08,1e-08,0,61437,10979,11600,538296745,True,True,53098.0,6.760631525337407,1717786.0,3409.0,1532.7960258807786,183.18,206684160.0,2386716.0,3727364096.0,74876.0,9258.6
142,3,10000,5000,6500000,1e-08,1e-08,0,64503,11788,12578,362333776,True,True,56240.0,6.5647251079724525,1822988.0,3851.0,1774.8039990577365,190.92,219701248.0,2557681.0,3759747072.0,80642.0,5110.46
143,3,10000,5000,7000000,1e-08,1e-08,0,67836,12649,13687,743247032,True,True,59064.0,6.410941061543471,1915655.0,3881.0,1679.6199041724735,202.54999999999998,230379520.0,2645152.0,3522490368.0,83114.0,9162.31
144,3,10000,5000,7500000,1e-08,1e-08,0,71417,13643,14674,282420568,True,True,62487.0,6.382085588806047,2019646.0,4367.0,1988.2479438067894,236.82,247865344.0,2811019.0,3437768704.0,88675.0,10476.97
145,3,10000,5000,8000000,1e-08,1e-08,0,75395,14739,15583,518896480,True,True,66012.0,6.427653359298929,2142233.0,4720.0,2210.834249897367,246.22,254513152.0,2965624.0,3359711232.0,93908.0,10411.23
146,3,10000,5000,8500000,1e-08,1e-08,0,78300,15456,16543,1798050456,True,True,68446.0,6.3765604620831,2230295.0,4791.0,2176.310410155791,265.37,268464128.0,3059807.0,3848245248.0,96571.0,7181.41
147,3,10000,5000,9000000,1e-08,1e-08,0,80253,15962,17221,973897600,True,True,69578.0,6.244659845629151,2273995.0,5386.0,2637.1831858966802,277.34000000000003,283926528.0,3147592.0,3604905984.0,99387.0,11286.89
148,3,10000,5000,9500000,1e-08,1e-08,0,84169,17044,18690,1858621230,True,True,74090.0,6.208832648956674,2416905.0,5582.0,2644.702219813861,272.6,297680896.0,3359867.0,4146294784.0,105847.0,9902.69
149,3,10000,5000,10000000,1e-08,1e-08,0,88268,18103,19452,1435765488,True,True,78115.0,6.281865701648573,2532182.0,5599.0,2555.296426273882,319.71,314286080.0,3539910.0,3530510336.0,112095.0,13815.26
150,3,10531,5000,5000000,1e-08,1e-08,0,56040,9274,9973,724576291,True,True,48374.0,6.882060036989614,1575588.0,2940.0,1291.630563063119,158.65,198782976.0,2154652.0,3888144384.0,66971.0,8078.9
151,3,11583,5000,5000000,1e-08,1e-08,0,56926,8996,9757,338369588,True,True,50896.0,7.134286515278946,1643316.0,2882.0,1230.20512384614,171.86999999999998,202596352.0,2203963.0,3501830144.0,68502.0,8879.37
152,3,12635,5000,5000000,1e-08,1e-08,0,61570,9612,10189,338018916,True,True,53687.0,7.241300242783923,1730477.0,3115.0,1373.222459383013,188.03,227225600.0,2345331.0,6141784064.0,73080.0,11260.38
153,3,13687,5000,5000000,1e-08,1e-08,0,62635,9358,10272,618936103,True,True,55090.0,7.204132339479535,1778436.0,3160.0,1380.9593761498718,197.47,226152448.0,2407235.0,6752649216.0,74872.0,14110.98
154,3,14739,5000,5000000,1e-08,1e-08,0,66158,9734,10516,652287467,True,True,58495.0,7.521537868072522,1875218.0,3062.0,1294.5347360688052,211.11,241147904.0,2526105.0,4467236864.0,78713.0,17532.78
155,3,15791,5000,5000000,1e-08,1e-08,0,67107,9437,10205,373283702,True,True,59244.0,7.697024814862933,1897744.0,2984.0,1252.7053997490275,219.39,260059136.0,2558861.0,7972982784.0,79681.0,18950.5
156,3,16843,5000,5000000,1e-08,1e-08,0,71445,9987,10517,1569468468,True,True,62651.0,7.849035329491356,2000435.0,3143.0,1348.3827471275415,247.76,261238784.0,2720933.0,11197304832.0,85127.0,22663.03
157,3,17895,5000,5000000,1e-08,1e-08,0,71315,9405,10261,990159909,True,True,62518.0,8.018212132871618,2002242.0,2993.0,1258.4624103985034,251.88,265322496.0,2694451.0,6668771328.0,83817.0,18803.88
158,3,18947,5000,5000000,1e-08,1e-08,0,74697,9715,10339,377698008,True,True,64542.0,8.139992432841469,2063834.0,2980.0,1252.8947671080268,255.4,295530496.0,2813872.0,12776570880.0,87795.0,33476.55
159,3,20000,5000,5000000,1e-08,1e-08,0,77709,9934,10346,2047847080,True,True,69442.0,8.502754989592262,2210225.0,3264.0,1457.5349195558626,258.96,307253248.0,2920871.0,12263165952.0,90925.0,28994.93
160,4,10,5000,5000000,1e-08,1e-08,0,7074,2298,3021,1374842112,True,True,2778.0,4.121661721068249,188632.0,765.0,864.7834180101964,1.87,60854272.0,176673.0,2232320.0,2406.0,0.14
161,4,1062,5000,5000000,1e-08,1e-08,0,26924,6699,7261,1507188344,True,True,20962.0,5.213131061924893,728501.0,2265.0,1290.826746252159,15.99,90718208.0,969141.0,61026304.0,29498.0,34.239999999999995
162,4,2114,5000,5000000,1e-08,1e-08,0,32390,7571,8478,85729918,True,True,26688.0,5.474461538461538,910522.0,2592.0,1398.7695529151872,33.29,106192896.0,1226620.0,261853184.0,37705.0,133.17
163,4,3166,5000,5000000,1e-08,1e-08,0,35824,7890,8774,1742664724,True,True,30806.0,5.694269870609982,1034659.0,2649.0,1320.4880447996284,48.68,120201216.0,1391108.0,388087808.0,43161.0,470.95
164,4,4218,5000,5000000,1e-08,1e-08,0,39164,8224,8817,919201691,True,True,33454.0,5.930508775039886,1118672.0,2674.0,1292.7418470909085,58.3,130228224.0,1503347.0,532541440.0,46966.0,806.4300000000001
165,4,5270,5000,5000000,1e-08,1e-08,0,41902,8326,9282,1465704026,True,True,36565.0,6.150546677880572,1213220.0,2618.0,1187.4570665640535,73.48,137891840.0,1662171.0,1097527296.0,52012.0,1041.61
166,4,6322,5000,5000000,1e-08,1e-08,0,45091,8664,9306,1905812597,True,True,39717.0,6.268465909090909,1301910.0,2701.0,1186.6477808536356,93.71,140353536.0,1743622.0,1692311552.0,54638.0,2515.8199999999997
167,4,7374,5000,5000000,1e-08,1e-08,0,47536,8721,9330,674148271,True,True,40862.0,6.451215661509315,1339854.0,2832.0,1307.4086557687726,101.97999999999999,157478912.0,1823859.0,1667796992.0,57203.0,3550.38
168,4,8426,5000,5000000,1e-08,1e-08,0,51158,9090,9837,1506997852,True,True,44238.0,6.636363636363637,1443483.0,2981.0,1380.3625180699887,120.0,170139648.0,1943007.0,2984202240.0,60942.0,4496.31
169,4,9478,5000,5000000,1e-08,1e-08,0,52755,8947,9875,2145576482,True,True,45819.0,6.788,1492857.0,2982.0,1372.7243893333336,139.64000000000001,184692736.0,2018027.0,3430420480.0,63304.0,6075.39
170,4,10000,5000,500000,1e-08,1e-08,0,23458,919,1004,1115218250,True,True,19911.0,17.04708904109589,665925.0,656.0,1645.870214129058,13.07,90677248.0,826110.0,3075059712.0,24081.0,935.31
171,4,10000,5000,1000000,1e-08,1e-08,0,26632,1754,2000,688648484,True,True,21996.0,12.125689084895258,734658.0,627.0,759.8144117357463,24.860000000000007,104759296.0,945254.0,3197390848.0,28085.0,1783.44
172,4,10000,5000,1500000,1e-08,1e-08,0,29880,2626,2749,1306118844,True,True,24964.0,9.957718388512166,827453.0,888.0,600.7776298959643,34.28,118927360.0,1064159.0,2638376960.0,32168.0,1850.09
173,4,10000,5000,2000000,1e-08,1e-08,0,33773,3662,3881,1051557361,True,True,29007.0,8.903314917127071,945829.0,1241.0,648.7939055245226,52.559999999999995,125181952.0,1235064.0,2916794368.0,37678.0,2908.25
174,4,10000,5000,2500000,1e-08,1e-08,0,37812,4734,4930,1919659935,True,True,32525.0,8.13938938938939,1055638.0,1655.0,818.0048448724,65.06,137494528.0,1389790.0,3338788864.0,42784.0,3773.6099999999997
175,4,10000,5000,3000000,1e-08,1e-08,0,40356,5396,5767,421021592,True,True,35661.0,7.949398127507802,1160105.0,1830.0,866.8086298205405,78.9,137879552.0,1507896.0,1970397184.0,46530.0,3723.2999999999997
176,4,10000,5000,3500000,1e-08,1e-08,0,44499,6512,6837,2126958444,True,True,38304.0,7.515008828722778,1245973.0,2009.0,880.2850896261726,92.82,150499328.0,1648805.0,1933926400.0,51212.0,5066.290000000001
177,4,10000,5000,4000000,1e-08,1e-08,0,47017,7176,7766,1310264988,True,True,41261.0,7.170837678136948,1339306.0,2322.0,1009.1145405913088,109.34,160268288.0,1786020.0,3506970624.0,55834.0,5364.9400000000005
178,4,10000,5000,4500000,1e-08,1e-08,0,50620,8131,8958,944916910,True,True,44753.0,7.035529004873448,1453614.0,2578.0,1116.8558356303884,129.01,176238592.0,1936376.0,3354292224.0,60565.0,5666.42
179,4,10000,5000,5000000,1e-08,1e-08,0,54021,9046,9585,1445895897,True,True,47447.0,6.9590789087709,1539235.0,2897.0,1293.4883518649965,139.75,179445760.0,2044427.0,3182735360.0,64285.0,6160.740000000001
180,4,10000,5000,5500000,1e-08,1e-08,0,57650,9962,10726,5594277,True,True,50528.0,6.769560557341908,1638150.0,3326.0,1532.4050970201808,159.13000000000002,197550080.0,2248360.0,3685650432.0,70233.0,7466.09
181,4,10000,5000,6000000,1e-08,1e-08,0,61138,10924,11720,1631820347,True,True,52990.0,6.608055867315127,1719019.0,3449.0,1531.787644293674,185.35,212119552.0,2356086.0,3746824192.0,73621.0,8593.220000000001
182,4,10000,5000,6500000,1e-08,1e-08,0,65618,12092,12775,10573593,True,True,57536.0,6.494638221018174,1860012.0,4016.0,1864.2520030833616,194.67999999999998,225992704.0,2563927.0,3781472256.0,80771.0,8276.67
183,4,10000,5000,7000000,1e-08,1e-08,0,67951,12717,13759,154061687,True,True,60098.0,6.535943447525829,1941160.0,4237.0,1996.2034660892432,214.95000000000002,235757568.0,2673495.0,3817594880.0,84125.0,9702.75
184,4,10000,5000,7500000,1e-08,1e-08,0,70955,13534,14916,1206112069,True,True,62715.0,6.3380495199595765,2030320.0,4565.0,2144.9107856852684,218.58,251166720.0,2805182.0,3880226816.0,88313.0,9684.7
185,4,10000,5000,8000000,1e-08,1e-08,0,73868,14289,15165,47194350,True,True,64571.0,6.4480726982224885,2079730.0,4531.0,2092.8045234474807,234.65,253755392.0,2880823.0,3601879040.0,90993.0,10799.619999999999
186,4,10000,5000,8500000,1e-08,1e-08,0,77291,15239,16954,1331971874,True,True,68705.0,6.260707125934026,2246512.0,5117.0,2424.3066445154636,287.61,274956288.0,3071884.0,2595426304.0,96727.0,11476.99
187,4,10000,5000,9000000,1e-08,1e-08,0,81843,16402,17608,1808714472,True,True,72331.0,6.332049374069859,2349730.0,5315.0,2507.417625555822,296.21999999999997,286973952.0,3284840.0,4086505472.0,103817.0,11378.06
188,4,10000,5000,9500000,1e-08,1e-08,0,85407,17319,18355,1702563127,True,True,75083.0,6.336652882099755,2433565.0,5577.0,2659.2261027642253,299.61,294166528.0,3395248.0,4068618240.0,107419.0,9293.38
189,4,10000,5000,10000000,1e-08,1e-08,0,88684,18183,19160,1353333716,True,True,78030.0,6.308513218530196,2524084.0,5891.0,2841.338888637568,204.92,312623104.0,3508243.0,4163665920.0,111093.0,11930.109999999999
190,4,10531,5000,5000000,1e-08,1e-08,0,54909,8972,9431,948831600,True,True,48110.0,7.06668625146886,1557663.0,2895.0,1301.4362109932183,149.9,182669312.0,2084647.0,3879432192.0,65334.0,7235.5199999999995
191,4,11583,5000,5000000,1e-08,1e-08,0,57698,9144,9670,857845525,True,True,50280.0,7.159333618111918,1626195.0,2948.0,1302.526940863069,150.56,202121216.0,2204610.0,3198697472.0,68593.0,9210.63
192,4,12635,5000,5000000,1e-08,1e-08,0,60634,9313,9913,192491223,True,True,52805.0,7.169721656483368,1704423.0,3139.0,1411.440305217841,168.37,221122560.0,2333594.0,6171971584.0,72817.0,11392.24
193,4,13687,5000,5000000,1e-08,1e-08,0,62692,9324,10288,1011031914,True,True,55236.0,7.380545163014431,1780497.0,3264.0,1502.0673713756994,193.76999999999998,224940032.0,2414944.0,3746693120.0,75162.0,14675.62
194,4,14739,5000,5000000,1e-08,1e-08,0,65692,9553,10178,162826878,True,True,57424.0,7.577724993401953,1842120.0,3176.0,1417.8193085218904,219.66,248541184.0,2509321.0,7384088576.0,78311.0,16872.25
195,4,15791,5000,5000000,1e-08,1e-08,0,66952,9342,9917,1737199304,True,True,59198.0,7.856403450564034,1889982.0,2914.0,1227.6398976155954,222.52999999999997,254496768.0,2551651.0,7896686592.0,79620.0,18977.03
196,4,16843,5000,5000000,1e-08,1e-08,0,69225,9423,10303,545991878,True,True,60316.0,7.81801685029164,1939082.0,2988.0,1268.718145905095,218.31,272842752.0,2640589.0,8300830720.0,82226.0,18145.57
197,4,17895,5000,5000000,1e-08,1e-08,0,72096,9594,10407,2039055790,True,True,63789.0,8.011680482290881,2036360.0,3261.0,1456.796522697205,277.29,286138368.0,2728338.0,11998244864.0,85001.0,28559.39
198,4,18947,5000,5000000,1e-08,1e-08,0,76098,10098,10651,1264226433,True,True,66355.0,8.01485686677135,2140370.0,3141.0,1317.509502670055,276.24,290041856.0,2882106.0,12804395008.0,89722.0,29234.329999999998
199,4,20000,5000,5000000,1e-08,1e-08,0,77421,9856,10488,1886430291,True,True,67046.0,8.083674945743912,2165487.0,3197.0,1360.9987858195868,297.63,298291200.0,2901411.0,12579704832.0,90094.0,39892.92
200,5,10,5000,5000000,1e-08,1e-08,0,6871,2231,2904,258787808,True,True,2645.0,4.11993769470405,183717.0,703.0,768.5043065381741,1.81,60796928.0,164356.0,2187264.0,1987.0,0.12
201,5,1062,5000,5000000,1e-08,1e-08,0,27292,6825,7587,1798197216,True,True,21558.0,5.208504469678666,751410.0,2375.0,1375.4334526800355,18.19,91987968.0,993945.0,82350080.0,30245.0,44.190000000000005
202,5,2114,5000,5000000,1e-08,1e-08,0,31265,7224,7875,217690010,True,True,25155.0,5.520078999341672,855811.0,2403.0,1288.8368252735484,32.02,106041344.0,1173213.0,242094080.0,36250.0,168.82999999999998
203,5,3166,5000,5000000,1e-08,1e-08,0,35473,7746,8550,1617269038,True,True,29542.0,5.683339746056175,999497.0,2496.0,1222.1844511777624,43.5,122421248.0,1351666.0,461176832.0,42051.0,455.77000000000004
204,5,4218,5000,5000000,1e-08,1e-08,0,39408,8285,8959,924903305,True,True,33283.0,5.957222122785036,1116618.0,2716.0,1350.0685119182647,55.55,129650688.0,1517095.0,832200704.0,47404.0,529.72
205,5,5270,5000,5000000,1e-08,1e-08,0,41584,8277,8974,2052016322,True,True,35489.0,6.158077390248135,1180942.0,2683.0,1291.055178118598,72.78,135282688.0,1617438.0,979091456.0,50775.0,1344.56
206,5,6322,5000,5000000,1e-08,1e-08,0,45206,8649,9255,946077017,True,True,39140.0,6.317998385794996,1286163.0,2849.0,1350.2782152025804,88.66000000000001,139440128.0,1749379.0,1669824512.0,54912.0,1921.12
207,5,7374,5000,5000000,1e-08,1e-08,0,47697,8722,9390,660111210,True,True,40951.0,6.4703744667404015,1342930.0,2859.0,1336.3060033516374,99.17,151023616.0,1839597.0,1263267840.0,57778.0,2929.22
208,5,8426,5000,5000000,1e-08,1e-08,0,50888,9016,9497,595098917,True,True,44423.0,6.636241410218107,1442176.0,2987.0,1383.7459288667292,76.55,163893248.0,1948259.0,2924228608.0,61377.0,4538.610000000001
209,5,9478,5000,5000000,1e-08,1e-08,0,53173,9090,9821,109040913,True,True,46264.0,6.7895509245670675,1502968.0,2944.0,1329.8397734114803,132.65,180240384.0,2047498.0,3297824768.0,64475.0,5678.27
210,5,10000,5000,500000,1e-08,1e-08,0,23148,831,921,416426505,True,True,20710.0,16.796431467964315,684180.0,757.0,1591.7987869411672,12.3,89178112.0,819946.0,3151802368.0,23871.0,807.13
211,5,10000,5000,1000000,1e-08,1e-08,0,26994,1885,1953,1185753477,True,True,22130.0,11.526041666666666,738044.0,563.0,708.3659884982638,24.67,106946560.0,948815.0,2863874048.0,28252.0,1605.98
212,5,10000,5000,1500000,1e-08,1e-08,0,30009,2647,3001,1773644589,True,True,25228.0,9.54160363086233,838879.0,940.0,554.6340482604407,39.3,115367936.0,1081465.0,1952423936.0,32670.0,1227.84
213,5,10000,5000,2000000,1e-08,1e-08,0,34361,3814,4020,363411347,True,True,29904.0,8.80565371024735,972079.0,1267.0,638.359756021426,52.88999999999999,128585728.0,1261598.0,3306364928.0,38603.0,2878.25
214,5,10000,5000,2500000,1e-08,1e-08,0,37795,4689,4974,1914530237,True,True,33269.0,8.365350766909732,1081623.0,1653.0,814.15643584,66.86999999999999,139751424.0,1421116.0,2078425088.0,43732.0,3154.41
215,5,10000,5000,3000000,1e-08,1e-08,0,40265,5343,5809,1134248310,True,True,35284.0,7.754725274725275,1152632.0,1984.0,978.5477523970534,78.16,138715136.0,1524106.0,3363549184.0,47126.0,3978.24
216,5,10000,5000,3500000,1e-08,1e-08,0,44110,6403,6881,1441441048,True,True,37737.0,7.392164544564153,1233540.0,2114.0,961.57157425696,89.71,151711744.0,1663152.0,2927198208.0,51726.0,4826.3099999999995
217,5,10000,5000,4000000,1e-08,1e-08,0,47884,7437,7972,1587299978,True,True,41713.0,7.264541971438523,1353230.0,2509.0,1170.72886812006,114.33,163590144.0,1799913.0,3522846720.0,56230.0,4277.14
218,5,10000,5000,4500000,1e-08,1e-08,0,51740,8439,8970,1243196890,True,True,44475.0,6.89748759305211,1454885.0,2690.0,1181.8444850029477,136.5,176652288.0,1970858.0,3605684224.0,61893.0,5860.92
219,5,10000,5000,5000000,1e-08,1e-08,0,55037,9261,9909,308530217,True,True,47902.0,6.795573840261031,1557937.0,3061.0,1383.81308297685,93.55,189456384.0,2132602.0,2154024960.0,66412.0,6153.370000000001
220,5,10000,5000,5500000,1e-08,1e-08,0,57127,9870,10689,1230184621,True,True,50045.0,6.807917290164603,1625004.0,3136.0,1389.6352576810925,154.41,194707456.0,2225001.0,3689193472.0,69387.0,6893.69
221,5,10000,5000,6000000,1e-08,1e-08,0,60757,10830,11521,1276471870,True,True,52217.0,6.576448362720403,1696569.0,3396.0,1503.2663218946886,166.16,207908864.0,2350527.0,3714797568.0,73546.0,7469.089999999999
222,5,10000,5000,6500000,1e-08,1e-08,0,63911,11630,12588,1143325272,True,True,56147.0,6.564597217350638,1820824.0,3892.0,1814.7927697927528,169.93,218296320.0,2491476.0,3761500160.0,78141.0,8154.19
223,5,10000,5000,7000000,1e-08,1e-08,0,67708,12695,13503,1762991618,True,True,59092.0,6.554853022739878,1911091.0,3967.0,1793.2981281397954,195.26,227979264.0,2628160.0,3823300608.0,82589.0,6957.39
224,5,10000,5000,7500000,1e-08,1e-08,0,70625,13430,14406,1417992315,True,True,62302.0,6.423548819465925,2009655.0,4316.0,1962.730390911396,205.64,241446912.0,2788257.0,3675312128.0,88021.0,10201.96
225,5,10000,5000,8000000,1e-08,1e-08,0,75932,14869,15670,1525288139,True,True,67052.0,6.439877064925088,2170023.0,4803.0,2255.946730987576,243.94,257921024.0,2978605.0,3616878592.0,94337.0,8582.039999999999
226,5,10000,5000,8500000,1e-08,1e-08,0,79854,15895,16982,1446532494,True,True,71213.0,6.477442241222485,2307111.0,5194.0,2495.872376357633,269.87,273657856.0,3154183.0,3589230592.0,99822.0,10788.18
227,5,10000,5000,9000000,1e-08,1e-08,0,81519,16304,17429,981561854,True,True,71316.0,6.335820895522388,2320493.0,5297.0,2531.141311035441,281.77,277377024.0,3220736.0,4082241536.0,102024.0,10753.92
228,5,10000,5000,9500000,1e-08,1e-08,0,83609,16855,18229,795418688,True,True,74170.0,6.331739798531672,2408069.0,5259.0,2396.4907682382536,302.68,293982208.0,3343646.0,4094316544.0,105580.0,12585.08
229,5,10000,5000,10000000,1e-08,1e-08,0,89264,18397,19851,899783531,True,True,78250.0,6.2004754358161644,2544659.0,5817.0,2715.7151186329156,334.75,308994048.0,3526214.0,4185993216.0,111297.0,8213.16
230,5,10531,5000,5000000,1e-08,1e-08,0,55469,9134,9509,2115124499,True,True,48563.0,7.004615606519544,1570937.0,2943.0,1317.748139665454,137.76999999999998,185257984.0,2130324.0,3844542464.0,66376.0,7508.66
231,5,11583,5000,5000000,1e-08,1e-08,0,57968,9226,9820,592676177,True,True,49383.0,7.083046471600689,1607223.0,2896.0,1269.084755607135,144.19,204214272.0,2218069.0,5582479360.0,68997.0,8588.52
232,5,12635,5000,5000000,1e-08,1e-08,0,59853,9188,9980,1541592192,True,True,51207.0,7.24490662139219,1665036.0,2947.0,1302.0100547026555,171.14000000000001,219975680.0,2272208.0,3453685760.0,70454.0,11072.79
233,5,13687,5000,5000000,1e-08,1e-08,0,63310,9508,10110,801352862,True,True,54592.0,7.482456140350878,1760346.0,3022.0,1331.4476088796553,199.06,233730048.0,2407638.0,6728183808.0,75000.0,15216.04
234,5,14739,5000,5000000,1e-08,1e-08,0,66891,9911,10656,746840327,True,True,58504.0,7.419657577679137,1878974.0,3135.0,1330.1050542898492,219.56,248107008.0,2555251.0,7089430528.0,79736.0,16801.65
235,5,15791,5000,5000000,1e-08,1e-08,0,67511,9508,10211,1976799742,True,True,59075.0,7.624548270521425,1894394.0,2926.0,1202.9242141093118,230.35,260485120.0,2594373.0,7218446336.0,81020.0,20659.9
236,5,16843,5000,5000000,1e-08,1e-08,0,71065,9865,10543,874185368,True,True,62962.0,7.8301206317622185,2008805.0,3325.0,1483.8860769534863,245.26,266825728.0,2712367.0,11047354368.0,84778.0,23724.99
237,5,17895,5000,5000000,1e-08,1e-08,0,73232,9895,10654,1592531427,True,True,64061.0,7.910718695974316,2048468.0,3279.0,1436.7352987919473,248.3,280494080.0,2787858.0,11250810880.0,87076.0,17447.739999999998
238,5,18947,5000,5000000,1e-08,1e-08,0,75109,9805,10301,853265703,True,True,66080.0,8.156010861515675,2117606.0,3082.0,1290.6999262245176,276.13,295084032.0,2840928.0,7375069184.0,88436.0,30710.579999999998
239,5,20000,5000,5000000,1e-08,1e-08,0,77359,9840,10521,1330414983,True,True,68549.0,8.248977135980747,2202111.0,3276.0,1425.3258563544714,275.48,298323968.0,2955256.0,13652078592.0,92118.0,28739.91
240,6,10,5000,5000000,1e-08,1e-08,0,7057,2228,2792,55856547,True,True,2707.0,4.022288261515602,183575.0,735.0,799.6770663834728,1.9,61075456.0,168408.0,2174976.0,2220.0,0.12
241,6,1062,5000,5000000,1e-08,1e-08,0,28236,7057,7761,1863818629,True,True,22076.0,5.2412155745489075,768980.0,2554.0,1563.230988835769,19.24,93454336.0,1033602.0,68653056.0,31692.0,47.230000000000004
242,6,2114,5000,5000000,1e-08,1e-08,0,32573,7619,8233,1082565690,True,True,26853.0,5.5573261589403975,909674.0,2659.0,1481.2698925194481,32.99,106901504.0,1227258.0,258490368.0,37899.0,130.69
243,6,3166,5000,5000000,1e-08,1e-08,0,35526,7834,8524,755474017,True,True,28860.0,5.648854961832061,982417.0,2628.0,1375.1685350952291,45.910000000000004,119681024.0,1344338.0,494333952.0,41790.0,421.99
244,6,4218,5000,5000000,1e-08,1e-08,0,39051,8186,8666,1502115545,True,True,32415.0,6.006114508060033,1081281.0,2637.0,1317.6269776211295,58.449999999999996,126492672.0,1476116.0,839426048.0,46020.0,942.6999999999999
245,6,5270,5000,5000000,1e-08,1e-08,0,41711,8320,9028,1249434151,True,True,35597.0,6.194014268313903,1184249.0,2682.0,1286.3898858692935,72.77,136265728.0,1612684.0,1095536640.0,50546.0,1421.22
246,6,6322,5000,5000000,1e-08,1e-08,0,43959,8331,9144,842087579,True,True,37881.0,6.231452541536437,1253672.0,2777.0,1303.5146152778514,88.67999999999999,144318464.0,1722953.0,1660841984.0,53965.0,1893.92
247,6,7374,5000,5000000,1e-08,1e-08,0,47905,8830,9315,791204823,True,True,42000.0,6.566604127579738,1366801.0,2790.0,1264.00603918725,103.68,148447232.0,1851385.0,2007105536.0,58282.0,2963.9
248,6,8426,5000,5000000,1e-08,1e-08,0,50667,8983,9416,976477346,True,True,44399.0,6.686596385542169,1439676.0,2894.0,1311.9462058852885,122.5,162115584.0,1937995.0,1724977152.0,61043.0,4169.5599999999995
249,6,9478,5000,5000000,1e-08,1e-08,0,53743,9270,10239,1294929922,True,True,47694.0,6.699536451748841,1553988.0,3135.0,1433.3330957255644,145.62,191475712.0,2067971.0,3410239488.0,64955.0,6126.06
250,6,10000,5000,500000,1e-08,1e-08,0,23615,946,971,443825923,True,True,19711.0,17.065800865800867,660958.0,808.0,1702.0701291205191,13.79,90636288.0,825166.0,3152547840.0,24056.0,1059.53
251,6,10000,5000,1000000,1e-08,1e-08,0,27525,1999,2075,788410290,True,True,23565.0,10.940111420612814,779042.0,746.0,653.7127550479382,28.950000000000003,107155456.0,985915.0,3209072640.0,29578.0,1656.93
252,6,10000,5000,1500000,1e-08,1e-08,0,30430,2749,2900,666292430,True,True,25562.0,9.6206247647723,845085.0,1080.0,659.2418478595748,39.089999999999996,122155008.0,1100358.0,3259121664.0,33151.0,2401.19
253,6,10000,5000,2000000,1e-08,1e-08,0,33327,3529,3840,963825093,True,True,28689.0,9.192246074975971,936509.0,1258.0,718.7429196908087,47.87000000000001,124723200.0,1223781.0,2887110656.0,37265.0,3005.21
254,6,10000,5000,2500000,1e-08,1e-08,0,36770,4438,4775,514185797,True,True,32162.0,8.43704092339979,1042858.0,1598.0,822.7906321672656,61.89,133795840.0,1359698.0,3358384128.0,41734.0,3608.77
255,6,10000,5000,3000000,1e-08,1e-08,0,41461,5707,5973,1479669346,True,True,34752.0,7.717521652231845,1142500.0,1813.0,832.2582028740038,78.63000000000001,140201984.0,1540682.0,3392315392.0,47640.0,3871.6299999999997
256,6,10000,5000,3500000,1e-08,1e-08,0,43696,6265,6634,225671878,True,True,37929.0,7.453134211043427,1233702.0,2086.0,940.5335178835397,89.57,146153472.0,1652250.0,3349192704.0,51477.0,4997.37
257,6,10000,5000,4000000,1e-08,1e-08,0,47843,7374,7976,1961512501,True,True,41881.0,7.357870695713282,1356730.0,2359.0,1061.0990894927675,115.13,165548032.0,1807633.0,3514527744.0,56510.0,5782.42
258,6,10000,5000,4500000,1e-08,1e-08,0,50815,8201,8888,610297479,True,True,44477.0,7.101548778540637,1444953.0,2677.0,1215.5844507387594,91.46,175714304.0,1934164.0,3615371264.0,60537.0,6111.86
259,6,10000,5000,5000000,1e-08,1e-08,0,54176,9079,9448,1190844299,True,True,46208.0,6.812324929971989,1507368.0,2762.0,1179.435661158168,138.8,177950720.0,2036717.0,3230756864.0,64074.0,6844.47
260,6,10000,5000,5500000,1e-08,1e-08,0,58481,10181,10985,155830022,True,True,50856.0,6.626188925081434,1652524.0,3418.0,1572.425607299812,165.81,204042240.0,2262293.0,3091841024.0,70585.0,7318.2
261,6,10000,5000,6000000,1e-08,1e-08,0,60106,10631,11419,2002019478,True,True,52638.0,6.808692277842453,1702564.0,3381.0,1535.2471938790493,165.98,201080832.0,2333965.0,2260086784.0,72997.0,7328.68
262,6,10000,5000,6500000,1e-08,1e-08,0,65215,11963,12482,1601046022,True,True,56513.0,6.623652133145804,1827402.0,3664.0,1625.6824363571886,185.88,217214976.0,2510527.0,2212990976.0,78937.0,7970.59
263,6,10000,5000,7000000,1e-08,1e-08,0,67861,12735,13786,1655808359,True,True,59305.0,6.478588595149661,1922481.0,4091.0,1871.333002333914,199.37,237182976.0,2686216.0,3780423680.0,84576.0,9525.130000000001
264,6,10000,5000,7500000,1e-08,1e-08,0,70462,13401,14472,223571039,True,True,61577.0,6.441782613244063,1992262.0,4416.0,2079.6890210298434,231.64999999999998,240353280.0,2745589.0,3776266240.0,86366.0,9902.46
265,6,10000,5000,8000000,1e-08,1e-08,0,75347,14653,16024,1554048937,True,True,65740.0,6.281291802025606,2145440.0,4611.0,2068.190892120661,258.38,265052160.0,2957651.0,3835461632.0,93305.0,10948.62
266,6,10000,5000,8500000,1e-08,1e-08,0,78161,15388,16675,1378147955,True,True,69143.0,6.321356737977692,2251443.0,4944.0,2271.7477995123427,260.03,268668928.0,3107174.0,4003127296.0,98258.0,5025.64
267,6,10000,5000,9000000,1e-08,1e-08,0,80792,16105,17119,632804735,True,True,70876.0,6.309623430962343,2304021.0,5135.0,2385.293076623085,286.56,286732288.0,3185752.0,2790862848.0,100915.0,11433.89
268,6,10000,5000,9500000,1e-08,1e-08,0,84119,16974,18291,1686824249,True,True,74156.0,6.310611862820187,2409256.0,5547.0,2655.771276206341,191.87,294371328.0,3364073.0,3886239744.0,106332.0,12010.029999999999
269,6,10000,5000,10000000,1e-08,1e-08,0,89017,18303,19728,1145237150,True,True,78889.0,6.270985691573927,2557237.0,5917.0,2819.3911931460602,315.94,308371456.0,3563516.0,4184670208.0,112786.0,13816.939999999999
270,6,10531,5000,5000000,1e-08,1e-08,0,54908,8982,9884,284234616,True,True,47695.0,6.884382217090069,1557052.0,2980.0,1339.6149523897068,150.9,195850240.0,2123327.0,3043532800.0,65856.0,4730.34
271,6,11583,5000,5000000,1e-08,1e-08,0,58149,9261,10118,438243943,True,True,51005.0,7.026449924231987,1653462.0,3083.0,1373.9623807156008,114.12,214491136.0,2241776.0,3106607104.0,69672.0,7211.66
272,6,12635,5000,5000000,1e-08,1e-08,0,58916,8866,9551,1090157353,True,True,51615.0,7.376732885522367,1666400.0,2948.0,1318.6564144796002,163.16,208269312.0,2281448.0,3664564224.0,71100.0,10780.23
273,6,13687,5000,5000000,1e-08,1e-08,0,63597,9591,10208,1648574889,True,True,55577.0,7.355346744309158,1787839.0,3055.0,1315.7256344615578,203.17000000000002,238268416.0,2427506.0,5832765440.0,75712.0,13873.62
274,6,14739,5000,5000000,1e-08,1e-08,0,65028,9421,10082,1933427621,True,True,57558.0,7.601426307448494,1843527.0,3212.0,1459.2233365816007,192.98,247267328.0,2499701.0,7369502720.0,78008.0,18494.58
275,6,15791,5000,5000000,1e-08,1e-08,0,68527,9715,10238,1995333764,True,True,59654.0,7.672540192926045,1908747.0,3098.0,1331.4137990136574,227.34,262598656.0,2616080.0,8033746944.0,81815.0,22250.85
276,6,16843,5000,5000000,1e-08,1e-08,0,70607,9782,10633,614090896,True,True,62026.0,7.731987035651957,1988187.0,3125.0,1320.9585854059649,251.69000000000003,270573568.0,2688634.0,8309235712.0,83826.0,21937.489999999998
277,6,17895,5000,5000000,1e-08,1e-08,0,72446,9731,10490,665835141,True,True,63291.0,7.809846989141165,2027561.0,3151.0,1335.7149523951466,269.16999999999996,274657280.0,2734998.0,11992662016.0,85187.0,22116.57
278,6,18947,5000,5000000,1e-08,1e-08,0,74079,9586,10570,436487720,True,True,67111.0,8.183270332886233,2156201.0,3227.0,1408.1760205694025,252.64,287932416.0,2813098.0,12810747904.0,87602.0,32653.97
279,6,20000,5000,5000000,1e-08,1e-08,0,77015,9837,10706,1097626353,True,True,66141.0,8.07483823708949,2138372.0,2999.0,1226.9895158296506,281.28,301998080.0,2897078.0,11214389248.0,89778.0,23946.89
280,7,10,5000,5000000,1e-08,1e-08,0,5950,1955,2450,879926924,True,True,2015.0,4.342672413793103,160452.0,557.0,667.9407652719975,1.47,59736064.0,145613.0,2187264.0,1526.0,0.05
281,7,1062,5000,5000000,1e-08,1e-08,0,27472,6833,7517,1914512569,True,True,21584.0,5.263106559375761,750477.0,2405.0,1423.5633035899616,14.21,92725248.0,1003387.0,70545408.0,30654.0,24.19
282,7,2114,5000,5000000,1e-08,1e-08,0,32023,7487,8377,1891391748,True,True,26277.0,5.488095238095238,898487.0,2647.0,1481.3814372240122,33.68,106475520.0,1226770.0,216104960.0,37779.0,144.95
283,7,3166,5000,5000000,1e-08,1e-08,0,36636,8112,8688,1905609855,True,True,30987.0,5.815878378378378,1036560.0,2729.0,1422.631076705929,48.44,120483840.0,1404381.0,494505984.0,43722.0,509.56
284,7,4218,5000,5000000,1e-08,1e-08,0,39055,8200,9192,2108801714,True,True,33553.0,5.872068603430171,1128214.0,2866.0,1464.1749181219996,64.43,132927488.0,1521439.0,608792576.0,47406.0,983.09
285,7,5270,5000,5000000,1e-08,1e-08,0,43091,8678,9112,1270673565,True,True,36741.0,6.1978744939271255,1214214.0,2800.0,1357.4579779383644,72.08,136036352.0,1640754.0,711536640.0,51325.0,1594.3400000000001
286,7,6322,5000,5000000,1e-08,1e-08,0,45019,8644,9263,326470310,True,True,39943.0,6.412425750521753,1305404.0,2864.0,1359.4428444769483,92.13,140132352.0,1760832.0,1624231936.0,55325.0,2246.4
287,7,7374,5000,5000000,1e-08,1e-08,0,48159,8893,9612,451852723,True,True,41427.0,6.440764925373134,1358917.0,2865.0,1317.9311926984715,104.9,153329664.0,1856408.0,1911607296.0,58258.0,3453.6800000000003
288,7,8426,5000,5000000,1e-08,1e-08,0,49361,8644,9324,1573703992,True,True,42923.0,6.613713405238829,1402095.0,2807.0,1260.806868953303,110.38,162344960.0,1899121.0,2244792320.0,59618.0,4158.23
289,7,9478,5000,5000000,1e-08,1e-08,0,52720,8978,9574,1000601101,True,True,45755.0,6.907457729468599,1484875.0,2817.0,1252.986755976474,131.64,175124480.0,2023469.0,3429941248.0,63712.0,6205.07
290,7,10000,5000,500000,1e-08,1e-08,0,23554,945,1033,865959315,True,True,20662.0,15.070751276440554,685341.0,514.0,1458.9030905369696,14.34,91684864.0,829915.0,3109658624.0,24218.0,619.24
291,7,10000,5000,1000000,1e-08,1e-08,0,26926,1836,1889,1759410507,True,True,22944.0,11.77219086711134,755970.0,607.0,664.9024385556683,24.6,105213952.0,958089.0,2971131904.0,28653.0,923.68
292,7,10000,5000,1500000,1e-08,1e-08,0,30947,2908,3115,1639516468,True,True,26012.0,9.549192364170338,859511.0,1023.0,625.1007372331867,38.01,117686272.0,1117493.0,1880244224.0,33665.0,1942.75
293,7,10000,5000,2000000,1e-08,1e-08,0,34147,3779,4123,916817004,True,True,29541.0,8.903254972875226,966693.0,1279.0,687.5521232207032,53.230000000000004,130465792.0,1263314.0,2859679744.0,38463.0,1871.49
294,7,10000,5000,2500000,1e-08,1e-08,0,37458,4647,5030,611881429,True,True,32419.0,8.038432928341186,1055253.0,1555.0,726.0558003709664,62.78,139513856.0,1371908.0,3387277312.0,42014.0,3652.35
295,7,10000,5000,3000000,1e-08,1e-08,0,40745,5508,5878,753875317,True,True,35740.0,7.92988684268915,1164031.0,1759.0,810.9793308724848,78.30000000000001,138395648.0,1528773.0,3383599104.0,47256.0,4556.02
296,7,10000,5000,3500000,1e-08,1e-08,0,44064,6381,6826,385753919,True,True,38719.0,7.618850846123573,1255340.0,2190.0,1033.1217461804292,88.60000000000001,150159360.0,1659758.0,2204045312.0,51632.0,4304.45
297,7,10000,5000,4000000,1e-08,1e-08,0,47829,7372,7930,1074463611,True,True,41747.0,7.306090304515226,1353038.0,2433.0,1108.391958007946,109.31,162340864.0,1804443.0,3503411200.0,56417.0,5775.82
298,7,10000,5000,4500000,1e-08,1e-08,0,50430,8106,8888,1067702816,True,True,43833.0,6.973114858415527,1430132.0,2637.0,1173.4089176600498,125.74,175566848.0,1922984.0,3618537472.0,60094.0,6078.35
299,7,10000,5000,5000000,1e-08,1e-08,0,54692,9200,9933,779199438,True,True,47249.0,6.801353102058442,1541978.0,2965.0,1319.9020969167757,146.29,191451136.0,2077094.0,2282708992.0,65286.0,6151.0599999999995
300,7,10000,5000,5500000,1e-08,1e-08,0,58523,10217,10953,1751536864,True,True,51000.0,6.768414067684141,1653930.0,3324.0,1517.985253158342,163.73,199966720.0,2267179.0,2147610624.0,70803.0,7521.3099999999995
301,7,10000,5000,6000000,1e-08,1e-08,0,59939,10557,11624,1440626,True,True,52935.0,6.579045488441461,1716320.0,3526.0,1592.6317707021312,148.60000000000005,209711104.0,2343234.0,3744464896.0,73199.0,8663.95
302,7,10000,5000,6500000,1e-08,1e-08,0,63818,11690,12675,1530554919,True,True,55657.0,6.527149055939955,1810506.0,3668.0,1621.5132479176204,191.64,218112000.0,2485849.0,3775778816.0,77862.0,9162.51
303,7,10000,5000,7000000,1e-08,1e-08,0,68014,12759,13635,485103199,True,True,59647.0,6.538807279105459,1927596.0,4094.0,1886.9935060538473,218.47,229531648.0,2669380.0,3804000256.0,84053.0,9591.509999999998
304,7,10000,5000,7500000,1e-08,1e-08,0,72983,13988,14734,1511160895,True,True,63285.0,6.391778608221392,2040663.0,4429.0,2023.2923230763267,229.17,247754752.0,2860172.0,3859210240.0,90499.0,9427.949999999999
305,7,10000,5000,8000000,1e-08,1e-08,0,75214,14613,15752,1805360115,True,True,66251.0,6.388717454194793,2151908.0,4625.0,2099.641280611585,257.97,259051520.0,2985157.0,3892768768.0,94527.0,10974.699999999999
306,7,10000,5000,8500000,1e-08,1e-08,0,78395,15507,16640,1803267587,True,True,69478.0,6.377053694355209,2258360.0,5193.0,2513.8198314294254,267.88,269918208.0,3101082.0,2593148928.0,98051.0,10689.13
307,7,10000,5000,9000000,1e-08,1e-08,0,82317,16542,18187,1434473265,True,True,73143.0,6.276214175390424,2382164.0,5457.0,2593.230810586015,270.79,294109184.0,3284614.0,2842144768.0,103418.0,10510.43
308,7,10000,5000,9500000,1e-08,1e-08,0,83538,16886,18129,483184886,True,True,73985.0,6.339216862308286,2401366.0,5445.0,2577.9180910326554,299.32,293367808.0,3318130.0,4020572160.0,104690.0,11975.06
309,7,10000,5000,10000000,1e-08,1e-08,0,87456,17935,19199,1383752189,True,True,76552.0,6.244045676998368,2488415.0,5690.0,2676.027391136576,305.73,312983552.0,3506107.0,4157648896.0,111021.0,13494.01
310,7,10531,5000,5000000,1e-08,1e-08,0,55517,9116,9743,1437067234,True,True,48803.0,7.064707585408223,1580420.0,2916.0,1299.6192929515526,153.01,189706240.0,2140689.0,3877584896.0,66595.0,8020.89
311,7,11583,5000,5000000,1e-08,1e-08,0,57360,9092,10066,1446490980,True,True,50040.0,7.084808155174855,1627889.0,2988.0,1334.937873412863,154.88,211484672.0,2224659.0,4384018432.0,69085.0,9871.59
312,7,12635,5000,5000000,1e-08,1e-08,0,60343,9309,10267,1230005225,True,True,52583.0,7.11735246345425,1705635.0,3115.0,1380.7021190327814,172.35,216227840.0,2327698.0,6136274944.0,72356.0,10509.2
313,7,13687,5000,5000000,1e-08,1e-08,0,62245,9236,9961,1082747448,True,True,54297.0,7.435907970419064,1750863.0,2914.0,1244.675363589449,191.57999999999998,231370752.0,2390765.0,6160199680.0,74471.0,14359.86
314,7,14739,5000,5000000,1e-08,1e-08,0,66030,9627,10292,1982851391,True,True,59466.0,7.677985797288573,1893792.0,3181.0,1400.6511164078033,215.32,235671552.0,2549181.0,7301541888.0,79733.0,16389.66
315,7,15791,5000,5000000,1e-08,1e-08,0,66951,9358,10047,1098555102,True,True,58788.0,7.693757361601884,1883698.0,2928.0,1218.8419568415322,227.07999999999998,256335872.0,2542579.0,8043716608.0,79181.0,21019.66
316,7,16843,5000,5000000,1e-08,1e-08,0,69263,9422,10479,1054860047,True,True,59944.0,7.747705829132739,1933647.0,2905.0,1186.8023163730732,258.06,262873088.0,2638714.0,11129745408.0,82023.0,26891.510000000002
317,7,17895,5000,5000000,1e-08,1e-08,0,72655,9770,10217,83062892,True,True,64041.0,8.101328273244782,2038369.0,3133.0,1361.4873922900863,256.12,282943488.0,2737041.0,12006555648.0,85461.0,19208.92
318,7,18947,5000,5000000,1e-08,1e-08,0,74430,9597,10446,1562800162,True,True,66352.0,8.07005594745804,2136129.0,3316.0,1455.6097844532064,279.40000000000003,283369472.0,2851786.0,6938259456.0,88750.0,20192.140000000003
319,7,20000,5000,5000000,1e-08,1e-08,0,76855,9737,10470,2000366597,True,True,67039.0,8.28972424879436,2154504.0,3086.0,1315.903570679495,266.47,291917824.0,2889829.0,13607919616.0,89658.0,36168.32
320,8,10,5000,5000000,1e-08,1e-08,0,6884,2235,2807,870957367,True,True,2572.0,4.2026143790849675,180418.0,699.0,797.7465291127344,1.7799999999999998,60366848.0,162446.0,2220032.0,1980.0,0.11
321,8,1062,5000,5000000,1e-08,1e-08,0,27150,6774,7362,1109659830,True,True,21254.0,5.216985763377516,737376.0,2265.0,1271.3770703449127,18.74,91320320.0,994396.0,79351808.0,30425.0,30.48
322,8,2114,5000,5000000,1e-08,1e-08,0,31809,7386,8015,577169313,True,True,26301.0,5.539385004212299,888404.0,2480.0,1315.4919197565735,28.88,105504768.0,1212684.0,241860608.0,37609.0,182.48000000000002
323,8,3166,5000,5000000,1e-08,1e-08,0,35829,7936,8481,1489071352,True,True,29421.0,5.723929961089494,994939.0,2621.0,1362.1679487577403,43.69,118771712.0,1340910.0,323923968.0,41661.0,450.25
324,8,4218,5000,5000000,1e-08,1e-08,0,39048,8139,8889,659320249,True,True,33427.0,5.9723065928175805,1118863.0,2796.0,1425.3715754014454,57.79,131002368.0,1507949.0,628629504.0,47097.0,1142.87
325,8,5270,5000,5000000,1e-08,1e-08,0,42493,8531,9372,913615370,True,True,36316.0,6.053675612602101,1209490.0,2826.0,1362.321172937613,74.1,134963200.0,1634602.0,1081040896.0,50894.0,1632.56
326,8,6322,5000,5000000,1e-08,1e-08,0,44890,8598,9560,82109557,True,True,39149.0,6.26384,1292207.0,3002.0,1480.0329484544,62.12,142675968.0,1737186.0,1689939968.0,54198.0,1631.27
327,8,7374,5000,5000000,1e-08,1e-08,0,48397,8915,9382,1302713525,True,True,41155.0,6.4913249211356465,1347666.0,2822.0,1303.8950351531014,104.08,150585344.0,1882236.0,2010763264.0,59407.0,1828.44
328,8,8426,5000,5000000,1e-08,1e-08,0,50175,8844,9435,221520726,True,True,42892.0,6.564432200795837,1403734.0,2933.0,1363.3805286261806,117.94,162652160.0,1890113.0,2976043008.0,59198.0,4432.389999999999
329,8,9478,5000,5000000,1e-08,1e-08,0,53918,9280,9957,514093870,True,True,46202.0,6.741864876696337,1504276.0,3065.0,1432.4176796974868,130.56,184303616.0,2062952.0,3423694848.0,64969.0,4058.11
330,8,10000,5000,500000,1e-08,1e-08,0,23517,941,1041,1926779671,True,True,21040.0,16.566929133858267,693056.0,781.0,1769.5006386012774,14.44,91475968.0,824271.0,3153874944.0,23996.0,976.1
331,8,10000,5000,1000000,1e-08,1e-08,0,27168,1900,1928,1655651677,True,True,23130.0,12.368983957219251,760043.0,834.0,888.32160485001,24.720000000000002,104603648.0,960446.0,3212476416.0,28725.0,1159.29
332,8,10000,5000,1500000,1e-08,1e-08,0,30365,2746,2805,927691294,True,True,25943.0,10.614975450081833,850237.0,911.0,654.6533109241109,35.279999999999994,121004032.0,1104017.0,3185557504.0,33356.0,1291.0800000000004
333,8,10000,5000,2000000,1e-08,1e-08,0,33391,3559,3768,1055543966,True,True,28854.0,9.102208201892745,939647.0,1167.0,626.8204683099641,47.690000000000005,123789312.0,1215132.0,3309252608.0,36994.0,2835.81
334,8,10000,5000,2500000,1e-08,1e-08,0,37207,4563,5043,260405048,True,True,32661.0,8.344660194174757,1059863.0,1612.0,798.8610253955181,67.15,140730368.0,1383820.0,3403812864.0,42486.0,3617.75
335,8,10000,5000,3000000,1e-08,1e-08,0,40591,5481,5852,1705596202,True,True,34565.0,7.6471238938053085,1136255.0,1812.0,833.4022483651813,74.34,138588160.0,1500366.0,3419369472.0,46193.0,4072.76
336,8,10000,5000,3500000,1e-08,1e-08,0,43590,6276,6874,1773911101,True,True,37864.0,7.4272263632797175,1236323.0,2026.0,888.5648295372257,96.96,151556096.0,1632817.0,3334172672.0,50559.0,4937.38
337,8,10000,5000,4000000,1e-08,1e-08,0,46765,7121,7697,1016870357,True,True,40522.0,7.166961443226034,1319880.0,2316.0,1026.25829296031,106.01,159596544.0,1749913.0,3469733888.0,54494.0,5558.66
338,8,10000,5000,4500000,1e-08,1e-08,0,51777,8417,9157,1089551981,True,True,44605.0,6.91764888337469,1461213.0,2747.0,1228.832393231556,130.0,183279616.0,1956973.0,3615793152.0,61205.0,4199.55
339,8,10000,5000,5000000,1e-08,1e-08,0,53584,8904,9801,1462826294,True,True,47433.0,6.872355838887279,1543535.0,2891.0,1274.718421543619,141.28,187129856.0,2078160.0,3642601472.0,65418.0,6732.37
340,8,10000,5000,5500000,1e-08,1e-08,0,58605,10217,11106,216141426,True,True,51779.0,6.749087591240876,1676302.0,3303.0,1476.9989564146426,108.02,204906496.0,2302532.0,3557117952.0,72008.0,9306.34
341,8,10000,5000,6000000,1e-08,1e-08,0,61384,10954,11424,1142257372,True,True,53890.0,6.8111729019211324,1733906.0,3385.0,1503.9845667739473,181.45999999999998,204361728.0,2386585.0,3711094784.0,74974.0,6311.230000000001
342,8,10000,5000,6500000,1e-08,1e-08,0,64333,11766,12626,1980068414,True,True,56948.0,6.598076700266481,1841202.0,3872.0,1784.187316426048,204.79999999999998,220934144.0,2516220.0,3777036288.0,79030.0,9430.46
343,8,10000,5000,7000000,1e-08,1e-08,0,68990,13031,13913,1611140184,True,True,60830.0,6.505186611057641,1962725.0,4221.0,1948.9307559030435,212.92,238923776.0,2690495.0,3751329792.0,84654.0,6243.7
344,8,10000,5000,7500000,1e-08,1e-08,0,71170,13596,14673,852315119,True,True,62175.0,6.397921383000617,2011517.0,4441.0,2072.191833506065,213.89,248561664.0,2809311.0,3857440768.0,88640.0,8463.69
345,8,10000,5000,8000000,1e-08,1e-08,0,74200,14400,15846,1834966134,True,True,65864.0,6.396426143536953,2143577.0,4787.0,2262.8258510713886,255.56,262340608.0,2929525.0,3391672320.0,92369.0,10342.31
346,8,10000,5000,8500000,1e-08,1e-08,0,78750,15599,16678,879962825,True,True,68811.0,6.342612222324639,2242672.0,4993.0,2336.0025357516474,270.94,269684736.0,3098455.0,4042326016.0,97940.0,10904.859999999999
347,8,10000,5000,9000000,1e-08,1e-08,0,82364,16562,17891,572532646,True,True,71674.0,6.29105591152462,2338974.0,5282.0,2487.104613235968,276.23,291241984.0,3249033.0,2622480384.0,102753.0,11236.72
348,8,10000,5000,9500000,1e-08,1e-08,0,83853,16911,18054,1032889600,True,True,73794.0,6.3293592932498495,2395298.0,5579.0,2707.3693507431108,282.38,292347904.0,3354028.0,4107739136.0,106109.0,12495.36
349,8,10000,5000,10000000,1e-08,1e-08,0,88913,18279,19889,1976579963,True,True,79619.0,6.320974912670689,2577804.0,6052.0,2944.1971497640575,339.03,309190656.0,3559644.0,3924525056.0,112528.0,13614.23
350,8,10531,5000,5000000,1e-08,1e-08,0,55596,9135,9904,2124314718,True,True,47855.0,6.92547033285094,1560980.0,3006.0,1366.6128244893512,148.54999999999998,195284992.0,2123378.0,3605180416.0,65846.0,7217.12
351,8,11583,5000,5000000,1e-08,1e-08,0,58348,9317,9678,1453929237,True,True,51491.0,7.248170045045045,1655612.0,2989.0,1328.309892484598,163.94,201273344.0,2241399.0,4352282624.0,69976.0,4054.22
352,8,12635,5000,5000000,1e-08,1e-08,0,59680,9103,9964,94168718,True,True,51539.0,7.291878890775325,1672557.0,2873.0,1242.9404150888977,175.95,218734592.0,2300994.0,5912555520.0,71564.0,11325.18
353,8,13687,5000,5000000,1e-08,1e-08,0,62644,9338,9889,535017201,True,True,53771.0,7.35682035846217,1737313.0,2926.0,1249.5407596805483,183.9,228507648.0,2389928.0,6718218240.0,74471.0,14892.289999999999
354,8,14739,5000,5000000,1e-08,1e-08,0,65413,9495,10205,787533861,True,True,57610.0,7.6072890532153705,1846912.0,3098.0,1359.8101251345915,211.18,248356864.0,2506290.0,7340277760.0,78174.0,16334.289999999999
355,8,15791,5000,5000000,1e-08,1e-08,0,67745,9540,10154,1040393888,True,True,59942.0,7.680932854946183,1914338.0,2988.0,1242.3559101497715,180.62,260771840.0,2584830.0,8031719424.0,80700.0,21214.839999999997
356,8,16843,5000,5000000,1e-08,1e-08,0,69613,9545,10370,1952976259,True,True,61100.0,7.741036361332826,1960503.0,3140.0,1349.2275026381049,250.78,263090176.0,2625093.0,11167547392.0,81583.0,24532.350000000002
357,8,17895,5000,5000000,1e-08,1e-08,0,71252,9380,10211,2099911500,True,True,62333.0,8.052318821857641,1996447.0,2871.0,1182.9448147367457,251.17999999999998,280731648.0,2686283.0,11983331328.0,83538.0,28470.47
358,8,18947,5000,5000000,1e-08,1e-08,0,75837,10076,10580,1202564754,True,True,66296.0,8.175607349858183,2127691.0,3398.0,1546.799350737921,279.07,288923648.0,2841838.0,12775677952.0,88252.0,12908.51
359,8,20000,5000,5000000,1e-08,1e-08,0,77369,9873,10770,468916614,True,True,68641.0,8.213593394758885,2209149.0,3256.0,1408.0631489518196,280.79,307027968.0,2925801.0,11067699200.0,90810.0,39419.98
360,9,10,5000,5000000,1e-08,1e-08,0,7735,2470,3179,1416908099,True,True,3080.0,4.190476190476191,200091.0,794.0,857.310657596372,1.74,61775872.0,184171.0,2260992.0,2519.0,0.16
361,9,1062,5000,5000000,1e-08,1e-08,0,28531,7165,7859,242599445,True,True,22239.0,5.20088868101029,774979.0,2459.0,1427.2629645984591,17.59,93327360.0,1025473.0,64692224.0,31298.0,38.1
362,9,2114,5000,5000000,1e-08,1e-08,0,32773,7713,8202,1997473680,True,True,26928.0,5.554455445544554,911021.0,2602.0,1414.9698068816779,31.78,106385408.0,1231498.0,190955520.0,38098.0,157.92
363,9,3166,5000,5000000,1e-08,1e-08,0,37060,8211,8804,132267763,True,True,30827.0,5.681349060081091,1035819.0,2784.0,1450.7891729680944,46.32,121176064.0,1413900.0,496848896.0,44013.0,465.53000000000003
364,9,4218,5000,5000000,1e-08,1e-08,0,40419,8507,9057,518147302,True,True,34187.0,5.933182922596321,1141155.0,3000.0,1589.7385066687261,66.85,131682304.0,1562469.0,831680512.0,49078.0,977.43
365,9,5270,5000,5000000,1e-08,1e-08,0,42074,8421,9231,2135775520,True,True,35468.0,6.173716275021758,1184743.0,2753.0,1351.3076816636255,74.1,133025792.0,1586554.0,1098440704.0,49398.0,1760.6599999999999
366,9,6322,5000,5000000,1e-08,1e-08,0,46032,8906,9444,1534364910,True,True,39431.0,6.317045818647869,1296706.0,3000.0,1477.4465822372472,92.03,142995456.0,1764528.0,1691750400.0,55348.0,2407.96
367,9,7374,5000,5000000,1e-08,1e-08,0,47908,8873,9596,570488035,True,True,41280.0,6.473263289948251,1354668.0,2834.0,1308.5528761786009,103.07,153894912.0,1812167.0,1646268416.0,56574.0,3411.48
368,9,8426,5000,5000000,1e-08,1e-08,0,51702,9255,9734,193397293,True,True,45682.0,6.7427306273062735,1476525.0,3093.0,1469.998609517844,111.6,168140800.0,1987587.0,2101735424.0,62721.0,4644.56
369,9,9478,5000,5000000,1e-08,1e-08,0,52426,8887,9794,338834761,True,True,45259.0,6.718972684085511,1478217.0,2908.0,1308.5892243602987,131.86,180051968.0,2014823.0,3251630080.0,63253.0,5254.4
370,9,10000,5000,500000,1e-08,1e-08,0,23412,899,995,1475754224,True,True,20861.0,15.93659281894576,688976.0,470.0,1280.9547266646086,14.100000000000001,91017216.0,826527.0,1757216768.0,24100.0,765.02
371,9,10000,5000,1000000,1e-08,1e-08,0,26929,1851,1936,123592217,True,True,23028.0,11.707168276563294,758792.0,678.0,747.2502943199291,25.509999999999998,105267200.0,959545.0,1666031616.0,28679.0,1486.22
372,9,10000,5000,1500000,1e-08,1e-08,0,30281,2703,3027,333542404,True,True,26334.0,9.66030814380044,865540.0,942.0,585.8648001985176,39.82,115306496.0,1098975.0,1704534016.0,33007.0,1682.22
373,9,10000,5000,2000000,1e-08,1e-08,0,33481,3587,3914,1652640243,True,True,28675.0,8.80952380952381,940734.0,1057.0,523.1176358715529,48.07,125829120.0,1231913.0,3114913792.0,37532.0,1319.34
374,9,10000,5000,2500000,1e-08,1e-08,0,37148,4539,4836,1199475134,True,True,32983.0,8.329040404040404,1072478.0,1561.0,743.9212778670544,65.41000000000001,134033408.0,1373500.0,3384463360.0,42208.0,3665.89
375,9,10000,5000,3000000,1e-08,1e-08,0,40149,5334,5927,1831513994,True,True,34599.0,7.600834797891037,1138632.0,1834.0,834.3905353312318,81.33,139194368.0,1526042.0,3438288896.0,47118.0,4339.96
376,9,10000,5000,3500000,1e-08,1e-08,0,44235,6403,6538,434777221,True,True,38094.0,7.681790683605565,1234656.0,2111.0,991.6991058073665,87.36000000000001,142565376.0,1626582.0,3324735488.0,50543.0,4668.41
377,9,10000,5000,4000000,1e-08,1e-08,0,47357,7275,7869,1627231670,True,True,41119.0,7.290602836879432,1336598.0,2204.0,945.9022521188573,109.57,161697792.0,1781838.0,1963962368.0,55595.0,4905.44
378,9,10000,5000,4500000,1e-08,1e-08,0,51781,8420,8983,1580878598,True,True,44476.0,7.00519766892424,1447453.0,2718.0,1239.102981332009,132.11,178671616.0,1966152.0,3614384128.0,61701.0,6151.070000000001
379,9,10000,5000,5000000,1e-08,1e-08,0,53748,8955,9568,1485487764,True,True,46595.0,6.928624535315985,1517974.0,2793.0,1221.0271732010335,142.14000000000001,178638848.0,2061545.0,2085683200.0,64950.0,6654.35
380,9,10000,5000,5500000,1e-08,1e-08,0,57506,9944,10772,2111505722,True,True,50689.0,6.747736954206602,1643222.0,3170.0,1393.5011929616905,161.81,198713344.0,2221920.0,3676475392.0,69199.0,7604.639999999999
381,9,10000,5000,6000000,1e-08,1e-08,0,62273,11200,12096,2142101399,True,True,54485.0,6.5795193817171835,1770195.0,3622.0,1632.2248383633787,182.8,215236608.0,2411222.0,3765760000.0,75457.0,7938.59
382,9,10000,5000,6500000,1e-08,1e-08,0,64774,11830,12653,236317693,True,True,56504.0,6.54435950891823,1831216.0,3855.0,1766.498437608071,187.14,221515776.0,2523643.0,3681955840.0,79317.0,7782.59
383,9,10000,5000,7000000,1e-08,1e-08,0,69948,13250,14066,1282925837,True,True,60531.0,6.417620865139949,1959161.0,4183.0,1894.7413052811928,217.04,240250880.0,2721698.0,3844550656.0,85738.0,9674.19
384,9,10000,5000,7500000,1e-08,1e-08,0,71090,13564,14659,1223111628,True,True,62786.0,6.418523819259865,2026356.0,4421.0,2039.2474507752968,217.23000000000002,250904576.0,2815860.0,3804028928.0,88891.0,9899.37
385,9,10000,5000,8000000,1e-08,1e-08,0,74502,14468,15632,361959682,True,True,65524.0,6.328375507050415,2115909.0,4650.0,2127.654193864789,246.57000000000002,258228224.0,2928145.0,3882196992.0,92453.0,10247.119999999999
386,9,10000,5000,8500000,1e-08,1e-08,0,79037,15672,16966,312463391,True,True,68811.0,6.336187845303868,2248111.0,5004.0,2341.979703331196,264.06,273100800.0,3138039.0,4044861440.0,99235.0,9774.5
387,9,10000,5000,9000000,1e-08,1e-08,0,82611,16607,17848,205705704,True,True,72596.0,6.324244272149142,2361064.0,5453.0,2627.1719803832266,298.19,291155968.0,3300214.0,4097310720.0,104254.0,9740.77
388,9,10000,5000,9500000,1e-08,1e-08,0,84184,17045,18701,1509204010,True,True,74157.0,6.203530199096536,2418920.0,5226.0,2318.270019326217,309.25,293609472.0,3361854.0,3672870912.0,105941.0,11483.16
389,9,10000,5000,10000000,1e-08,1e-08,0,88840,18332,20032,899413609,True,True,79504.0,6.202043841173259,2579966.0,5997.0,2841.6228025939126,331.79,312795136.0,3553355.0,4146737152.0,112172.0,10050.02
390,9,10531,5000,5000000,1e-08,1e-08,0,55022,9002,9628,998830772,True,True,47877.0,6.990363556723609,1556049.0,2973.0,1352.1222607672282,145.19000000000003,187744256.0,2140343.0,3878281216.0,66665.0,6897.91
391,9,11583,5000,5000000,1e-08,1e-08,0,58802,9433,9989,1885456038,True,True,51403.0,7.126438375155969,1660089.0,3075.0,1378.524981034501,173.24,212930560.0,2265129.0,4316893184.0,70656.0,6402.5999999999985
392,9,12635,5000,5000000,1e-08,1e-08,0,61438,9552,10093,516841977,True,True,54055.0,7.260577568838146,1737759.0,3192.0,1442.9824687060386,172.65,224964608.0,2353278.0,3555774464.0,73439.0,8970.669999999998
393,9,13687,5000,5000000,1e-08,1e-08,0,62832,9416,10303,1968075416,True,True,55212.0,7.357675906183369,1780399.0,3143.0,1399.1383259418712,193.09,225423360.0,2401988.0,6725701632.0,74654.0,14748.45
394,9,14739,5000,5000000,1e-08,1e-08,0,65176,9434,10060,1815920711,True,True,57971.0,7.503365260160497,1854407.0,3132.0,1359.0749951466776,201.5,246071296.0,2525104.0,7345987584.0,78999.0,15163.6
395,9,15791,5000,5000000,1e-08,1e-08,0,67623,9575,10437,1042742886,True,True,59494.0,7.650977366255144,1908478.0,3210.0,1420.8429465756194,221.14,249704448.0,2571764.0,8040464384.0,80008.0,15026.04
396,9,16843,5000,5000000,1e-08,1e-08,0,71003,9916,10466,797543565,True,True,62301.0,7.842522658610272,1990929.0,3291.0,1471.0105734952067,252.39,263204864.0,2677968.0,11156381696.0,83533.0,25395.57
397,9,17895,5000,5000000,1e-08,1e-08,0,72778,9793,10731,993555859,True,True,63822.0,7.728505691450715,2053816.0,3101.0,1262.3137938677926,250.76,282636288.0,2771413.0,12014845952.0,86402.0,29299.1
398,9,18947,5000,5000000,1e-08,1e-08,0,75355,9931,10793,2046000757,True,True,66242.0,7.976158940397351,2140421.0,3299.0,1430.2636098097769,274.5,293871616.0,2872651.0,12797333504.0,89287.0,25196.54
399,9,20000,5000,5000000,1e-08,1e-08,0,76140,9550,10180,1394651510,True,True,66752.0,8.290114257327373,2142256.0,3100.0,1338.2414671007057,272.36,303759360.0,2854562.0,12774342656.0,88541.0,23543.79
