left,AFR,AMR,EAS,EUR,SAS,right
0.0,0.9358668692099577,0.06413313079004228,0.0,0.0,0.0,105283.0
105283.0,0.2639776357827476,0.1385782747603834,0.2012779552715655,0.20087859424920126,0.19528753993610223,107739.0
107739.0,0.9358668692099577,0.06413313079004228,0.0,0.0,0.0,198289.0
198289.0,0.0003884630094217313,0.000832248924210025,0.9987792880663683,0.0,0.0,198981.0
198981.0,0.9888967679531083,0.010850435484924861,0.00020620058550254564,0.0,4.659597646421161e-05,216140.0
216140.0,0.9363437553176068,0.062055448065494005,0.0003201593233798236,0.0,0.0012806372935192944,259436.0
259436.0,0.13649171890502126,0.12802754285613,0.2881313556535201,0.2611762247423921,0.1861731578429365,259928.0
259928.0,0.9363437553176068,0.062055448065494005,0.0003201593233798236,0.0,0.0012806372935192944,265737.0
265737.0,0.8796678772167646,0.05218132108706363,0.048955066440096055,0.006383496055276406,0.012812239200799274,288298.0
288298.0,0.88088728991977,0.11911271008023007,0.0,0.0,0.0,333497.0
333497.0,0.7638937958512334,0.14523948780219878,0.031862432197326186,0.018831849368956394,0.04017243478028519,347786.0
347786.0,0.9454739938806385,0.027720263764772022,0.0011863115741783013,0.019542062735702144,0.006077368044708898,359780.0
359780.0,0.1203382157536357,0.19580779010676663,0.20281055212860882,0.35098652999430435,0.13005691201668448,379116.0
379116.0,0.9765085772667217,0.0234914227332783,0.0,0.0,0.0,392291.0
392291.0,0.8337114180346648,0.09668794842066399,0.0061990599921522135,0.0018307389027947434,0.06157083464972412,450375.0
450375.0,0.9564292154528029,0.0366280747923407,0.00016253119049241093,0.005152295867323132,0.0016278826970408612,536145.0
536145.0,0.9675987163284933,0.032401283671506846,0.0,0.0,0.0,566924.0
566924.0,0.9165214667752082,0.013640089560703905,0.004616298411524946,0.032043205844301516,0.03317893940826166,567020.0
567020.0,0.9428941949823522,0.039678216666919626,0.0,0.007076602578696217,0.010350985772032101,579424.0
579424.0,0.8906130047597114,0.10938699524028865,0.0,0.0,0.0,647818.0
647818.0,0.944443510342906,0.050236114180301876,0.0,0.00020176593230272576,0.005118609544489388,655525.0
655525.0,0.9845892035857305,0.015410796414269536,0.0,0.0,0.0,657149.0
657149.0,0.04103254180743209,0.09295755967113267,0.7422311821746955,0.001974167933920638,0.12180454841281918,668662.0
668662.0,0.8168722404473833,0.14981364060250674,0.016503445008133416,0.006941321688008716,0.00986935225396787,696211.0
696211.0,0.2639776357827476,0.1385782747603834,0.2012779552715655,0.20087859424920126,0.19528753993610223,696480.0
696480.0,0.885258748660567,0.08558486516979723,0.0,0.029156386169635836,0.0,761479.0
761479.0,0.914812693397796,0.06848815994308512,0.0,0.01509076548234223,0.0016083811767765824,848379.0
848379.0,0.9335520164501927,0.00623688707329626,0.03998867974546145,0.020222416731049617,0.0,853602.0
853602.0,0.45083407126957076,0.047065501468935636,0.0106650324428823,0.04700952834751558,0.4444258664710956,865091.0
865091.0,0.9368479252274348,0.056252710525745764,0.002339213911302481,0.0003470407954480465,0.004213109540068875,889341.0
889341.0,0.5,0.5,0.0,0.0,0.0,901882.0
901882.0,0.8567925875971689,0.14320741240283094,0.0,0.0,0.0,906285.0
906285.0,0.9154405599012926,0.08455944009870744,0.0,0.0,0.0,928699.0
928699.0,0.10828351856702866,0.43351732682701366,0.1114051968684001,0.27220581055647547,0.07458814718108214,935066.0
935066.0,0.970512683366378,0.027990072950094053,3.0648807573537856e-05,0.001466594875954389,0.0,1022779.0
1022779.0,0.8171906072747578,0.18280939272524221,0.0,0.0,0.0,1340016.0
1340016.0,0.0,0.04737958515301098,0.0,0.2629969636475428,0.6896234511994461,1348648.0
1348648.0,0.7695891076198098,0.22401683498655542,0.0,0.006394057393634721,0.0,1363815.0
1363815.0,0.12837743133279134,0.15109416616127894,0.4021549136930957,0.10863528035453497,0.20973820845829905,1368129.0
1368129.0,0.9981287065328778,0.001871293467122218,0.0,0.0,0.0,1369725.0
1369725.0,0.9302082705072328,0.06527777336892862,0.0,0.004513956123838577,0.0,1374866.0
1374866.0,0.9410004366231942,0.044579607798469915,0.014419955578335895,0.0,0.0,1385067.0
1385067.0,0.9117367596061319,0.07799188620513657,0.0,0.010271354188731466,0.0,1386053.0
1386053.0,0.5,0.5,0.0,0.0,0.0,1431779.0
1431779.0,0.8352686470704327,0.16473135292956723,0.0,0.0,0.0,1487613.0
1487613.0,0.5,0.5,0.0,0.0,0.0,1489950.0
1489950.0,0.7910162335220619,0.17659192728757292,0.0,0.032391839190365174,0.0,1494415.0
1494415.0,0.9853858114973674,0.014614188502632634,0.0,0.0,0.0,1505806.0
1505806.0,0.6326476551688284,0.36735234483117163,0.0,0.0,0.0,1654191.0
1654191.0,0.7651788591685466,0.1502787624879149,0.0,0.08213922010957136,0.002403158233967128,1773541.0
1773541.0,0.9507117695353094,0.046156629004292724,0.0,2.0454876342250995e-05,0.003111146584055705,1792663.0
1792663.0,0.8770127374348945,0.09526371355267055,0.001534321520379647,0.015655678653816004,0.01053354883823943,1877665.0
1877665.0,0.5,0.5,0.0,0.0,0.0,1897407.0
1897407.0,0.9061031454922613,0.09389685450773864,0.0,0.0,0.0,1965181.0
1965181.0,0.5,0.5,0.0,0.0,0.0,2146659.0
2146659.0,0.7939554320230833,0.20604456797691686,0.0,0.0,0.0,2788630.0
2788630.0,0.9449169985061067,0.05273297544634427,0.00026798131144072616,0.0,0.0020820447361081886,2800214.0
2800214.0,0.876225434497344,0.072255758515339,0.02843095598380639,0.023087851003510504,0.0,2823380.0
2823380.0,0.9405124715363272,0.055746295319816105,0.0002028617102243008,0.001643680270697845,0.0018946911629345866,3013479.0
3013479.0,0.8753936317778669,0.10456840176153062,0.0007769081480388878,0.019261058312563584,0.0,3085337.0
3085337.0,0.2639776357827476,0.1385782747603834,0.2012779552715655,0.20087859424920126,0.19528753993610223,3085531.0
3085531.0,0.9216147178837333,0.07482346255588056,0.0008401160001256002,0.0,0.002721703560260537,3212819.0
3212819.0,0.9551122417667559,0.04350559260677481,0.0,0.0,0.0013821656264692735,3328942.0
3328942.0,0.26635554175841125,0.16096453733639862,0.18096858667991525,0.2541173981746211,0.13759393605065376,3345618.0
3345618.0,0.8637247391896306,0.10069636151829357,0.012355286016979772,0.009174396790204108,0.01404921648489193,3660616.0
3660616.0,0.2639776357827476,0.1385782747603834,0.2012779552715655,0.20087859424920126,0.19528753993610223,3660935.0
3660935.0,0.861745875365533,0.13825412463446696,0.0,0.0,0.0,4005168.0
4005168.0,0.8213886575562355,0.17861134244376461,0.0,0.0,0.0,4129347.0
4129347.0,0.6707723486374738,0.08866830280952591,0.13717734707135162,0.053474660592554825,0.04990734088909389,4158800.0
4158800.0,0.5,0.5,0.0,0.0,0.0,4184858.0
4184858.0,0.9315026981128591,0.05900519522605284,0.0003645682711772632,0.0003568769574393463,0.00877066143247129,4197228.0
4197228.0,0.9083534503844395,0.05534652728297512,0.03199515063860559,0.004304871693979773,0.0,4198680.0
4198680.0,0.5,0.5,0.0,0.0,0.0,4203226.0
4203226.0,0.9649765184395572,0.03265875392419152,0.0005110216502068367,0.0005892549797633886,0.0012644510062810189,4203890.0
4203890.0,0.0,1.0,0.0,0.0,0.0,4204029.0
4204029.0,0.5,0.5,0.0,0.0,0.0,4209216.0
4209216.0,0.9083534503844395,0.05534652728297512,0.03199515063860559,0.004304871693979773,0.0,4210125.0
4210125.0,0.9657265392163987,0.026428013043439443,0.0,0.0021571155481930086,0.005688332191968617,4214868.0
4214868.0,0.2862048878200588,0.03949751675083569,0.5682110380000394,0.04051836460362854,0.06556819282543758,4281874.0
4281874.0,0.9297573330020773,0.04324707023506837,0.0034249969605505896,0.009999458185105111,0.013571141617198525,4311737.0
4311737.0,0.8514942734978255,0.13043212305709784,0.017143824206476237,0.0009297792386005192,0.0,4352313.0
4352313.0,0.13193801956070894,0.35243614993703937,0.040889716499901314,0.39268696086718385,0.08204915313516663,4381033.0
4381033.0,0.791142466267872,0.0026824753882883122,0.0,0.0,0.2061750583438397,4381133.0
4381133.0,0.9032369095860234,0.09676309041397653,0.0,0.0,0.0,4454226.0
4454226.0,0.9240431983579026,0.0759568016420974,0.0,0.0,0.0,4617047.0
4617047.0,0.8274192503746769,0.17258074962532308,0.0,0.0,0.0,4654220.0
4654220.0,0.9438610694183043,0.05506203529706696,0.0,0.0010768952846286768,0.0,4674607.0
4674607.0,0.9574293514907742,0.039022489928082854,0.00283431927551114,0.0007138393056316769,0.0,4779437.0
4779437.0,0.2639776357827476,0.1385782747603834,0.2012779552715655,0.20087859424920126,0.19528753993610223,4779495.0
4779495.0,0.49862092162798516,0.49862092162798516,0.0,0.0027581567440295995,0.0,4786866.0
4786866.0,0.9554218049348947,0.04457819506510542,0.0,0.0,0.0,4810874.0
4810874.0,0.7256699092507148,0.27433009074928516,0.0,0.0,0.0,4835338.0
4835338.0,0.2639776357827476,0.1385782747603834,0.2012779552715655,0.20087859424920126,0.19528753993610223,4835354.0
4835354.0,0.7256699092507148,0.27433009074928516,0.0,0.0,0.0,5212704.0
5212704.0,0.2639776357827476,0.1385782747603834,0.2012779552715655,0.20087859424920126,0.19528753993610223,5213878.0
5213878.0,0.7256699092507148,0.27433009074928516,0.0,0.0,0.0,5215476.0
5215476.0,0.10287278980149751,0.402116457527655,0.028557514805817516,0.29636729302971554,0.17008594483531433,5223635.0
5223635.0,0.9794968022535625,0.01532291733573126,0.0,0.002810644779461017,0.00236963563124524,5225481.0
5225481.0,0.9777987506771887,0.012420731008065629,0.0,0.009780518314745513,0.0,5234904.0
5234904.0,0.8124142102691762,0.09192006141963104,0.0,0.05860456459530512,0.03706116371588768,5235588.0
5235588.0,0.9390645976935156,0.056295867588248415,0.0,0.0,0.004639534718236029,5247455.0
5247455.0,0.2802685936569633,0.1308973765522794,0.23018014287046507,0.18902110758340576,0.16963277933688642,5261687.0
5261687.0,0.014410953750501205,0.10347650893754362,0.03301668704489315,0.7679733482498651,0.08112250201719691,5267759.0
5267759.0,0.9525067213907228,0.047493278609277274,0.0,0.0,0.0,5270044.0
5270044.0,0.5,0.5,0.0,0.0,0.0,5301426.0
5301426.0,0.3842515661134765,0.07148668799280591,0.2954493584930377,0.04347966994859961,0.20533271745208012,5306304.0
5306304.0,0.9756002185534759,0.022760630376790478,0.0,0.0,0.0016391510697335574,5310335.0
5310335.0,0.46286904889535757,0.09775565532947594,0.05605487637816337,0.21338344048922434,0.16993697890777879,5311752.0
5311752.0,0.7853554353855151,0.06155686580745273,0.0,0.09152643415048589,0.06156126465654624,5315305.0
5315305.0,0.19057562167165187,0.12406565927328164,0.09702015402988164,0.31717301309709994,0.27116555192808484,5316112.0
5316112.0,0.9585697776257625,0.04143022237423755,0.0,0.0,0.0,5332101.0
5332101.0,0.9486539614992273,0.04041399056963106,0.0,0.0,0.010932047931141671,5349500.0
5349500.0,0.9377179807389405,0.062282019261059356,0.0,0.0,0.0,5393787.0
5393787.0,0.003430531732418525,0.003430531732418525,0.0,0.0,0.9931389365351629,5393809.0
5393809.0,0.902870808351295,0.07537727576195385,0.0,0.014681366961975924,0.007070548924775232,5414263.0
5414263.0,9.183748438762767e-05,0.07342590551759608,0.09696813851541647,0.0,0.8295141184825999,5414946.0
5414946.0,0.5,0.5,0.0,0.0,0.0,5516187.0
5516187.0,0.8184905641626998,0.1794937409111537,0.0,0.0,0.0020156949261463954,5624608.0
5624608.0,0.804084722497071,0.01975141115163166,0.01909491545654721,0.09920623702321608,0.05786271387153416,5625654.0
5625654.0,0.9788073298681683,0.02119267013183158,0.0,0.0,0.0,5627130.0
5627130.0,0.956326797664175,0.023936760041261294,0.008434572671731987,0.0,0.01130186962283167,5656806.0
5656806.0,0.9709549226150487,0.029045077384951396,0.0,0.0,0.0,5665118.0
5665118.0,0.1414664483946988,0.022972524973208574,0.47122587807780186,0.25061099874844844,0.11372414980584249,5668725.0
5668725.0,0.775688867131647,0.05500564665054262,0.011042231129766331,0.033131540299636004,0.12513171478840812,5671389.0
5671389.0,0.8119087635054021,0.1857767106842737,0.0,0.0023145258103241294,0.0,5677786.0
5677786.0,0.9382237331350262,0.030160675557674523,0.004078428120943273,0.018254463857716237,0.009282699328639945,5685119.0
5685119.0,0.9254723577870049,0.07452764221299515,0.0,0.0,0.0,5695264.0
5695264.0,0.944222159168377,0.04915595877261187,0.0,0.006621882059011029,0.0,5701481.0
5701481.0,0.9592687211672567,0.03940251403640524,0.0,0.0010169688516968851,0.00031179594464113286,5708659.0
5708659.0,0.9799558843147808,0.01645022839872483,0.0,0.0028705096534687624,0.0007233776330255816,5713561.0
5713561.0,0.014445447899195805,0.04034533178514601,0.11974422655141274,0.5731142218208404,0.2523507719434052,5726877.0
5726877.0,0.026699136912222896,0.0981484797478781,0.043184471582566344,0.7131912760090249,0.11877663574830784,5734088.0
5734088.0,0.4001150313273186,0.06728992318766101,0.025262649191887913,0.19107792521602407,0.31625447107710847,5734137.0
5734137.0,0.5,0.5,0.0,0.0,0.0,5766385.0
5766385.0,0.9250326798129201,0.07366695374085733,3.98187450724303e-05,0.001260547701150079,0.0,5771076.0
5771076.0,0.96,0.04,0.0,0.0,0.0,5773222.0
5773222.0,0.956442718156291,0.036880720514190224,0.0,0.0015776432532779315,0.005098918076240817,5773368.0
5773368.0,0.006827461980148857,0.004973350448209012,0.01412769598909719,0.09382808001732616,0.8802434115652188,5775251.0
5775251.0,0.23468040434699863,0.16277077243647614,0.16535485279836817,0.22113086378786181,0.2160631066302953,5775272.0
5775272.0,0.9384046663326017,0.046233397132368514,0.000371010542882927,0.012492438326789122,0.002498487665357824,5775345.0
5775345.0,0.9626476510229145,0.03642447526448022,0.0,0.0009278737126054018,0.0,5785514.0
5785514.0,0.20076906496865568,0.16001498397727212,0.025594814557050777,0.416590275216969,0.19703086128005234,5786078.0
5786078.0,0.7776125430020268,0.06811598704697414,0.024038424203831548,0.04082377517026084,0.08940927057690665,5787592.0
5787592.0,0.0,1.0,0.0,0.0,0.0,5807789.0
5807789.0,0.14680324453257465,0.04502184096330144,0.014744446360318419,0.1007540161508176,0.6926764519929879,5807829.0
5807829.0,0.8265966624679844,0.12401304338320741,0.023870265761455425,0.008771826561346448,0.016748201826006382,5807991.0
5807991.0,0.015779290637469655,0.27034728358121723,0.0,0.43138725029932934,0.28248617548198374,5808694.0
5808694.0,0.9853899175997768,0.008817369158773588,0.0,0.005792713241449653,0.0,5811443.0
5811443.0,0.9070911830940672,0.09290881690593272,0.0,0.0,0.0,5812900.0
5812900.0,0.0017618628801226233,0.00016685378800519225,0.00016543977285260586,0.0688271875521418,0.9290786560068777,5812901.0
5812901.0,0.2639776357827476,0.1385782747603834,0.2012779552715655,0.20087859424920126,0.19528753993610223,5816865.0
5816865.0,0.11927622704957311,0.16618607260579749,0.1634167594602568,0.29779631565395187,0.2533246252304209,5818075.0
5818075.0,0.8,0.2,0.0,0.0,0.0,5823438.0
5823438.0,0.945466042746933,0.027266978626533447,0.0,0.0,0.027266978626533447,5823795.0
5823795.0,0.8,0.2,0.0,0.0,0.0,5830960.0
5830960.0,0.011717192866605195,0.09553337386703603,0.7520162832742104,0.031274033331588506,0.10945911666055977,5834492.0
5834492.0,0.8805869829940294,0.1194130170059705,0.0,0.0,0.0,5866095.0
5866095.0,0.9554408482281223,0.04207121827413685,0.00027919205884555326,0.0022087414388953716,0.0,5908478.0
5908478.0,0.0253692878768099,0.15312388339859787,0.14230766630241945,0.3609605203551072,0.3182386420670655,5912649.0
5912649.0,0.8640491214846749,0.1359508785153252,0.0,0.0,0.0,5934179.0
5934179.0,0.8738562996278384,0.1261437003721617,0.0,0.0,0.0,6315928.0
6315928.0,0.9110824422109228,0.08891755778907726,0.0,0.0,0.0,6440258.0
6440258.0,0.8269100585387404,0.06405544428832952,0.02598112845495437,0.03979333701256256,0.0432600317054131,6463191.0
6463191.0,0.43047463048087203,0.07840931232613307,0.19718676144686098,0.08159488068522129,0.21233441506091272,6463981.0
6463981.0,0.8163783783242168,0.17640330775928664,0.0013015810351927873,0.002403265675835181,0.003513467205468444,6641175.0
6641175.0,0.04691353143954836,0.45697505536375466,0.10094738936484472,0.35044235915376576,0.04472166467808658,6680087.0
6680087.0,0.9866316641806135,0.00955217400556589,0.0,0.0,0.003816161813820521,6760436.0
6760436.0,0.2941946307388522,0.025171789391525073,0.47375358469377704,0.03602044804334457,0.17085954713250096,6765462.0
6765462.0,0.9233718201943344,0.07635775547808105,0.0,0.0001352121637923035,0.0001352121637923035,6794212.0
6794212.0,0.683065236818588,0.316934763181412,0.0,0.0,0.0,6802762.0
6802762.0,0.789979926698212,0.0368202736744233,0.012876464504131784,0.0,0.16032333512323277,6804237.0
6804237.0,0.683065236818588,0.316934763181412,0.0,0.0,0.0,6833544.0
6833544.0,0.5,0.5,0.0,0.0,0.0,6847532.0
6847532.0,0.9249911784361267,0.059844808552208334,0.01434142345435422,0.0,0.0008225895573106653,6857869.0
6857869.0,0.1132250720701313,0.17654113166614885,0.16815854454599877,0.28988342121757654,0.25219183050014454,6858130.0
6858130.0,0.6494241260860779,0.350575873913922,0.0,0.0,0.0,6859001.0
6859001.0,0.23087037464391874,0.13035880823031365,0.22558063873512124,0.2061927760812869,0.20699740230935942,6859177.0
6859177.0,0.9746522134581835,0.025347786541816394,0.0,0.0,0.0,6864277.0
6864277.0,0.968003355704698,0.004391778523489933,0.027604865771812082,0.0,0.0,6865324.0
6865324.0,0.9756906258720023,0.024309374127997635,0.0,0.0,0.0,6869767.0
6869767.0,0.9491855389847397,0.05081446101526031,0.0,0.0,0.0,6883101.0
6883101.0,0.8828167157655196,0.11718328423448035,0.0,0.0,0.0,7012144.0
7012144.0,0.9256571482225925,0.040641376983539666,0.006121898468868911,0.023494729923499148,0.00408484640149978,7085349.0
7085349.0,0.9003177514986733,0.08759786418580275,0.0040685294984767586,0.008015854817047205,0.0,7094736.0
7094736.0,0.6077621791098792,0.047278635065206166,0.10173873934227973,0.02561939843044697,0.21760104805218802,7202505.0
7202505.0,0.010405124784645059,0.37810502997749845,0.014666574930354196,0.4627417844621232,0.13408148584537916,7228218.0
7228218.0,0.9047319431811187,0.09526805681888126,0.0,0.0,0.0,7282889.0
7282889.0,0.5656386758525066,0.43436132414749334,0.0,0.0,0.0,7326659.0
7326659.0,0.25002212671151175,0.1285136571409064,0.236811659626356,0.18931562217107578,0.19533693435015018,7326725.0
7326725.0,0.5,0.5,0.0,0.0,0.0,7408792.0
7408792.0,0.5656386758525066,0.43436132414749334,0.0,0.0,0.0,7416199.0
7416199.0,0.965671786406112,0.02674549652099098,0.00586015046686691,2.9140479696006516e-06,0.0017196525580605846,7419238.0
7419238.0,0.7735401532195735,0.07282631238039447,0.0,0.11876187864509155,0.03487165575494042,7420174.0
7420174.0,0.9759615931640269,0.024038406835973053,0.0,0.0,0.0,7487780.0
7487780.0,0.9617586276716701,0.031863711519875264,0.005225091258751863,0.0,0.0011525695497027174,7704128.0
7704128.0,0.8879975995985979,0.11200240040140204,0.0,0.0,0.0,7956950.0
7956950.0,0.0,1.0,0.0,0.0,0.0,8226894.0
8226894.0,0.9405426527451746,0.049945069458791735,0.0,0.0,0.009512277796033605,8313681.0
8313681.0,0.9175983018688375,0.08240169813116237,0.0,0.0,0.0,8525805.0
8525805.0,0.7867342045108465,0.17752988119533783,0.0,0.035735914293815625,0.0,8563458.0
8563458.0,0.9730667927742004,0.026933207225799654,0.0,0.0,0.0,8590055.0
8590055.0,0.7353170697067607,0.23687554344500508,0.013369030414789712,0.01443835643344456,0.0,8852112.0
8852112.0,0.6516780663409617,0.16446798662895348,0.09856724093597327,0.024641810233993318,0.060644895860118286,8920085.0
8920085.0,0.8358405634555157,0.1641594365444842,0.0,0.0,0.0,9496620.0
9496620.0,0.966528543191777,0.03111189318869499,3.9992603720817756e-05,0.0,0.00231957101580743,9628870.0
9628870.0,0.9684531742115285,0.03152909618268924,0.0,1.7729605782215436e-05,0.0,9655984.0
9655984.0,0.8011690218332913,0.19550061348823025,0.0033303646784784684,0.0,0.0,9662541.0
9662541.0,0.03996529096681977,0.4270672153117597,0.1227137525112174,0.2154672986545962,0.19478644255560687,9663289.0
9663289.0,0.6671593127943019,0.08479681374637746,2.263478647530766e-07,0.1900769775135846,0.05796666959787152,9703754.0
9703754.0,0.20345520848047546,0.14458893556462096,0.19870056494636662,0.34802942046934404,0.1052258705391929,9706101.0
9706101.0,0.008545409903005384,0.07172290658252105,0.895136524616065,0.014170661774975692,0.010424497123433057,9706169.0
9706169.0,0.9836671898097799,0.013275353447209214,0.003057456743010829,0.0,0.0,9787711.0
9787711.0,0.502461618502122,0.497538381497878,0.0,0.0,0.0,9994276.0
9994276.0,0.21525794154786881,0.19967556737704834,0.2922034783710781,0.1531400501157776,0.1397229625882271,10011603.0
10011603.0,0.9112579065439053,0.08874209345609471,0.0,0.0,0.0,10044283.0
10044283.0,0.04040557340129489,0.023333280467109682,0.022318980966939492,0.06554029077236333,0.8484018743922925,10047554.0
10047554.0,0.14287733212828468,0.024115611306603196,0.36587528459849006,0.004350096517670962,0.46278167544895105,10075408.0
10075408.0,0.9937446082211245,0.0056291099743422494,0.0002524930595351405,0.00027848499213434615,9.530375286375401e-05,10079864.0
10079864.0,0.9222195241855459,0.05485296798152034,0.0016279200364674167,0.013456301060736258,0.007843286735730133,10107854.0
10107854.0,0.5,0.5,0.0,0.0,0.0,10125417.0
10125417.0,0.04379706476410216,0.44333187728906953,0.0,0.4919973567196443,0.02087370122718397,10133259.0
10133259.0,0.8671529034912768,0.03332630050088533,0.024657265984443066,0.03445932477814522,0.04040420524524964,10149814.0
10149814.0,0.9069257099240283,0.06980571755697879,0.0,0.023268572518992926,0.0,10150186.0
10150186.0,0.628615255413778,0.37138474458622195,0.0,0.0,0.0,10453552.0
10453552.0,0.9351475393479832,0.06485246065201666,0.0,0.0,0.0,10455434.0
10455434.0,0.9395512485968057,0.05980500521889833,0.0006117435059180338,3.200267837800579e-05,0.0,10552609.0
10552609.0,0.2639776357827476,0.1385782747603834,0.2012779552715655,0.20087859424920126,0.19528753993610223,10552650.0
10552650.0,0.7724201973163206,0.2275798026836794,0.0,0.0,0.0,10640938.0
10640938.0,0.0,0.007080827099243053,0.989793347351447,0.0,0.0031258255493100125,10654849.0
10654849.0,0.7830360442060237,0.21660000392209486,0.00036395187188152927,0.0,0.0,10899723.0
10899723.0,0.8278745188661272,0.17212548113387288,0.0,0.0,0.0,11047901.0
11047901.0,0.8505158952900954,0.14948410470990456,0.0,0.0,0.0,11052835.0
11052835.0,0.49384145535461166,0.10096190192925782,0.028894256015502082,0.19794761108582043,0.17835477561480792,11053519.0
11053519.0,0.8313760915386931,0.16862390846130682,0.0,0.0,0.0,11106159.0
11106159.0,0.8631104919375042,0.13688950806249578,0.0,0.0,0.0,11172815.0
11172815.0,0.88767063708109,0.11232936291891009,0.0,0.0,0.0,11270111.0
11270111.0,0.7922081718581374,0.0238710601785413,0.0033545244252176296,9.717398186855975e-05,0.18046906955623493,11281420.0
11281420.0,0.41714141717012543,0.5828585828298745,0.0,0.0,0.0,11333372.0
11333372.0,0.856918666314496,0.025395215594863074,0.0032626779415930113,0.0,0.11442344014904798,11335058.0
11335058.0,0.0,0.5,0.0,0.5,0.0,11339498.0
11339498.0,0.9249188888482827,0.07508111115171745,0.0,0.0,0.0,11506863.0
11506863.0,0.768419563136894,0.23158043686310598,0.0,0.0,0.0,12150042.0
12150042.0,0.9426842760502666,0.05731213962613116,0.0,3.5843236022930116e-06,0.0,12151521.0
12151521.0,0.8860833326532405,0.097350566405303,0.01656610094145649,0.0,0.0,12354307.0
12354307.0,0.8287062700655081,0.17129372993449188,0.0,0.0,0.0,12447841.0
12447841.0,0.9255268728269578,0.0743826104565139,9.004181245430235e-05,0.0,4.7490407412606725e-07,12638618.0
12638618.0,0.07382911321510863,0.1482137271317495,0.09556292258917258,0.4419924926507133,0.24040174441325604,12655678.0
12655678.0,0.724401851216465,0.1619612732220543,0.10289259120541222,0.00047301880812879936,0.010271265547939645,12732752.0
12732752.0,0.8274637155678867,0.13859549558070855,0.03206482328089037,0.0,0.0018759655705142349,12739205.0
12739205.0,9.335024009904014e-05,0.10495234136849228,0.028632963525616305,0.8192594881072904,0.047061856758501816,12739247.0
12739247.0,0.9461931546363389,0.05338494408119174,0.00014063376082311895,0.0,0.0002812675216462379,12826176.0
12826176.0,0.8978458146043593,0.04388940717496395,0.0,0.05826477822067679,0.0,12826819.0
12826819.0,0.9382591691297948,0.03135762147015178,0.009043325419506589,0.005989771949741554,0.01535011203080532,12891137.0
12891137.0,0.9150216083566789,0.08493669511585988,4.169652746107238e-05,0.0,0.0,13004433.0
13004433.0,0.9205369259357357,0.0794630740642644,0.0,0.0,0.0,13071415.0
13071415.0,0.7749186295185929,0.22508137048140703,0.0,0.0,0.0,13110105.0
13110105.0,0.9106617188516313,0.08724077950885739,0.0,0.0,0.0020975016395113517,13127879.0
13127879.0,0.8401380356729155,0.05369114053369195,0.09147529906628252,0.005629533332077515,0.009065991395032684,13163250.0
13163250.0,0.8638160371713375,0.09251020380233407,0.02112857533459183,0.0,0.022545183691736706,13301361.0
13301361.0,0.8992956203352469,0.048802911946988076,0.0265816975612703,0.001355793764981903,0.023963976391512813,13656303.0
13656303.0,0.0015032669211482814,0.0020476642990212663,0.7059921293239058,0.25992129323905705,0.03053564621686773,13657064.0
13657064.0,0.49794731600999564,0.10251334136684455,0.14781686031897406,0.02255222924858233,0.22917025305560337,13659816.0
13659816.0,0.0015032669211482814,0.0020476642990212663,0.7059921293239058,0.25992129323905705,0.03053564621686773,13660076.0
13660076.0,0.0,0.5,0.5,0.0,0.0,13660736.0
13660736.0,0.71130742826,0.2886925717399999,0.0,0.0,0.0,13906151.0
13906151.0,0.0,0.922637628752117,0.04039957130351547,0.0,0.03696279994436763,13907289.0
13907289.0,0.71130742826,0.2886925717399999,0.0,0.0,0.0,15287497.0
15287497.0,0.7998689503798171,0.20013104962018288,0.0,0.0,0.0,15291997.0
15291997.0,0.8953521286506283,0.10464787134937167,0.0,0.0,0.0,15368410.0
15368410.0,0.0011670313639679066,0.5538293216630197,0.11954777534646244,0.0,0.32545587162654993,15372490.0
15372490.0,0.9249543625056585,0.07504563749434148,0.0,0.0,0.0,15540094.0
15540094.0,0.8870191711833071,0.11298082881669293,0.0,0.0,0.0,15628084.0
15628084.0,0.9606952076038607,0.03748827698938387,0.0014422242997797984,0.0003742911069755955,0.0,15658478.0
15658478.0,0.3352574943952543,0.14465102504956934,0.00843083315788378,0.32308553686407254,0.18857511053322015,15659187.0
15659187.0,0.9391678955410588,0.06083210445894123,0.0,0.0,0.0,15689001.0
15689001.0,0.75,0.25,0.0,0.0,0.0,15708522.0
15708522.0,0.7865084346147329,0.213491565385267,0.0,0.0,0.0,15715967.0
15715967.0,0.7073030034365725,0.29269699656342746,0.0,0.0,0.0,15894571.0
15894571.0,0.11398043650014947,0.16265516661156024,0.19153352120616224,0.3109116666781382,0.22091920900398976,15895662.0
15895662.0,0.8812479530886916,0.11875204691130829,0.0,0.0,0.0,15910891.0
15910891.0,0.5437700064249136,0.10195892475907653,0.14783026281982653,0.10456975343922635,0.1018710525569571,15959546.0
15959546.0,0.2639776357827476,0.1385782747603834,0.2012779552715655,0.20087859424920126,0.19528753993610223,15959908.0
15959908.0,0.684054529489158,0.22523024502096053,0.09071522548988148,0.0,0.0,16012952.0
16012952.0,0.9247696588472801,0.06425594703327987,0.010168163903641574,0.0,0.0008062302157985053,16150487.0
16150487.0,0.9613856378940793,0.03791763674214569,0.0006967253637749278,0.0,0.0,16273196.0
16273196.0,0.6666666666666666,0.3333333333333333,0.0,0.0,0.0,16504551.0
16504551.0,0.9353807638107084,0.06461923618929154,0.0,0.0,0.0,16562007.0
16562007.0,0.2639776357827476,0.1385782747603834,0.2012779552715655,0.20087859424920126,0.19528753993610223,16562689.0
16562689.0,0.9264358533884439,0.07356414661155604,0.0,0.0,0.0,16647700.0
16647700.0,0.5,0.5,0.0,0.0,0.0,16660016.0
16660016.0,0.9248664533858882,0.0751335466141117,0.0,0.0,0.0,16857539.0
16857539.0,0.8902259773693068,0.10956931626756458,0.0,0.0,0.00020470636312874938,16857635.0
16857635.0,0.8453920961352808,0.15395021839143685,0.0,0.0006576854732824246,0.0,17096934.0
17096934.0,0.0,0.6182288687160903,0.01207697476190457,0.12789258219561084,0.24180157432639435,17099937.0
17099937.0,0.9554407297265927,0.0440375109567055,0.0005217593167018215,0.0,0.0,17313493.0
17313493.0,0.824816693624162,0.175183306375838,0.0,0.0,0.0,17435975.0
17435975.0,0.9971997187236042,0.002800281276395667,0.0,0.0,0.0,17437321.0
17437321.0,0.8386259263403915,0.1437125748502994,0.004110930620606187,0.010597184395641522,0.002953383793061419,17619771.0
17619771.0,0.6940261573123547,0.13316145595632178,0.024314908897363673,0.10523254623770376,0.04326493159625594,17688574.0
17688574.0,0.2639776357827476,0.1385782747603834,0.2012779552715655,0.20087859424920126,0.19528753993610223,17688692.0
17688692.0,0.73965882534804,0.26034117465196005,0.0,0.0,0.0,17803214.0
17803214.0,0.2639776357827476,0.1385782747603834,0.2012779552715655,0.20087859424920126,0.19528753993610223,17803825.0
17803825.0,0.9467781586900628,0.05136818304840092,0.0,0.0,0.0018536582615363798,17810950.0
17810950.0,0.9317849275946544,0.06821507240534566,0.0,0.0,0.0,17839672.0
17839672.0,0.002991198036501938,0.0023682831016777033,0.9570676718115639,0.0,0.037572847050256514,17843991.0
17843991.0,0.8402325193508732,0.15976748064912683,0.0,0.0,0.0,17869854.0
17869854.0,0.6703775547496555,0.25672598465041746,0.0,0.0,0.0728964605999269,17906382.0
17906382.0,0.9530752336430017,0.04692476635699829,0.0,0.0,0.0,17977188.0
17977188.0,0.5,0.5,0.0,0.0,0.0,18031599.0
18031599.0,0.4966817043431058,0.06793870056381007,0.1891333939226951,0.1452658049817615,0.10098039618862757,18056368.0
18056368.0,0.7852829000872045,0.2141230807670073,0.0,0.0,0.0005940191457882206,18754334.0
18754334.0,0.6772301856285563,0.029583657224588784,0.0007296622202875117,0.18049770425878134,0.11195879066778604,18754639.0
18754639.0,0.6504185231926236,0.0029695830221237794,0.005753728075823523,0.3408581657094289,0.0,18755630.0
18755630.0,0.3333333333333333,0.6666666666666666,0.0,0.0,0.0,18755666.0
18755666.0,0.6504185231926236,0.0029695830221237794,0.005753728075823523,0.3408581657094289,0.0,18755756.0
18755756.0,0.0,0.5,0.0,0.0,0.5,18755798.0
18755798.0,0.9200701711123567,0.07992982888764331,0.0,0.0,0.0,18960680.0
18960680.0,0.9075181693347587,0.09248183066524132,0.0,0.0,0.0,19011644.0
19011644.0,0.16541389315447488,0.19073481680542162,0.05683674060231485,0.30166198553860607,0.28535256389918273,19019526.0
19019526.0,0.88177300985073,0.11822699014927006,0.0,0.0,0.0,19077891.0
19077891.0,0.9354700452966065,0.0642515010877512,0.0002784536156422321,0.0,0.0,19222106.0
19222106.0,0.9025297841199342,0.09600501349387913,0.0013737450943848682,9.051443312350538e-05,9.428586783698478e-07,19527511.0
19527511.0,0.9575964567948926,0.04130640430585621,0.0010297209203192822,6.741797893199986e-05,0.0,19620515.0
19620515.0,0.9027995594231653,0.08233719403015814,0.009718177570314011,0.004129442400843395,0.0010156265755191516,19746579.0
19746579.0,0.04264331781551079,0.8086723291371866,0.009027588660243653,0.07474472281612514,0.06491204157093393,19747998.0
19747998.0,0.9161983884756478,0.08380161152435225,0.0,0.0,0.0,19789845.0
19789845.0,0.7680367858250515,0.04677975700858965,0.1465192356962742,0.02471176795803611,0.013952453512048435,19793800.0
19793800.0,0.8801994621246078,0.11980053787539219,0.0,0.0,0.0,19804491.0
19804491.0,0.9152608811300414,0.0333104674441069,0.008718903557279051,0.04270974786857247,0.0,19808283.0
19808283.0,0.002984824790784781,0.006988389781519825,0.8185385517870101,0.07255974074321837,0.09892849289746693,19809568.0
19809568.0,0.2639776357827476,0.1385782747603834,0.2012779552715655,0.20087859424920126,0.19528753993610223,19810326.0
19810326.0,0.003308593019619834,0.02649271560855791,0.8986630855093639,0.0002466396020099795,0.07128896626044821,19812793.0
19812793.0,0.5053277468422002,0.1059186595549872,0.0753648353163226,0.19729318177263058,0.1160955765138594,19813266.0
19813266.0,0.5,0.5,0.0,0.0,0.0,19817595.0
19817595.0,0.6601265032666139,0.33987349673338607,0.0,0.0,0.0,19832439.0
19832439.0,0.2643028006225153,0.13828420306712366,0.20064072749579454,0.20135167241020385,0.19542059640436255,19833216.0
19833216.0,0.2603706296281309,0.1396287197157252,0.20158209008083586,0.2021752170221134,0.1962433435531947,19833347.0
19833347.0,0.5,0.5,0.0,0.0,0.0,19866372.0
19866372.0,0.8997341929929068,0.1002658070070932,0.0,0.0,0.0,19868883.0
19868883.0,0.8776998509427949,0.0408885161564489,0.0,0.08141163290075625,0.0,19869110.0
19869110.0,0.2639776357827476,0.1385782747603834,0.2012779552715655,0.20087859424920126,0.19528753993610223,19869703.0
19869703.0,0.7092510104759548,0.21599439082735297,0.0,0.0,0.07475459869669225,19881451.0
19881451.0,0.07815449875277829,0.1566990115972523,0.24574960033847845,0.31448270183588856,0.20491418747560244,19884115.0
19884115.0,0.49868421052631584,0.49868421052631584,0.0,0.0,0.002631578947368421,19917467.0
19917467.0,0.8904830194291299,0.08010452850632589,0.006841093300190149,0.0012938589502533542,0.021277499814100726,19917582.0
19917582.0,0.8705377839592026,0.1294622160407974,0.0,0.0,0.0,19920933.0
19920933.0,0.8857939963983409,0.03632522541742224,0.05057381832328341,0.0072142987118108065,0.020092661149142568,19921236.0
19921236.0,0.9344285461229347,0.045858220763530765,0.015164331676714521,0.0045489014368199285,0.0,19932833.0
19932833.0,0.3841616280784545,0.6158383719215454,0.0,0.0,0.0,19953112.0
19953112.0,0.09921363139696118,0.017449941755139784,0.03240967427391293,0.0,0.850926752573986,19973889.0
19973889.0,0.6666666666666666,0.3333333333333333,0.0,0.0,0.0,19975965.0
19975965.0,0.0027569085499394783,0.003206026859145711,0.9736559372298549,0.008342521408742126,0.0120386059523179,19978639.0
19978639.0,0.7498930124748373,0.20370011534449065,0.0,0.04640687218067208,0.0,19984851.0
19984851.0,0.9254952511089722,0.010860858502567971,0.0,0.0,0.06364389038845997,19988078.0
19988078.0,0.21367021213287365,0.3149907362958672,0.0,0.1670462074355607,0.3042928441356984,19996193.0
19996193.0,0.9570862497495484,0.04291375025045164,0.0,0.0,0.0,20009151.0
20009151.0,0.9383777700282154,0.04409853216244492,0.0,0.01752369780933963,0.0,20010293.0
20010293.0,0.9752127271808244,0.015115928974881504,0.00035790722228518735,0.009313436622008845,0.0,20047310.0
20047310.0,0.056854468024654874,0.18706434044746495,0.09043824465370116,0.3883798621188313,0.27726308475534767,20049088.0
20049088.0,0.8832282535294823,0.0980391414380471,0.0,0.018731342812604527,1.2622198660784721e-06,20060256.0
20060256.0,0.8870960951478791,0.11290390485212085,0.0,0.0,0.0,20062769.0
20062769.0,0.6073267326732673,0.01625285605483625,0.0,0.14938309215536938,0.22703731911652703,20063836.0
20063836.0,0.025032099351539154,0.018741705419665303,0.8956959894692549,0.040849796614192774,0.019680409145348025,20064385.0
20064385.0,0.33047525722684956,0.25012248897599215,0.0,0.2528172464478197,0.16658500734933854,20065054.0
20065054.0,0.8915446426155784,0.10845535738442161,0.0,0.0,0.0,20065642.0
20065642.0,0.0,0.3157574517377339,0.0,0.4643409181432502,0.21990163011901587,20066304.0
20066304.0,0.8995378703960123,0.10046212960398782,0.0,0.0,0.0,20086087.0
20086087.0,0.017473478909341436,0.009229223214432451,0.8925048477427457,0.008342493925202666,0.0724499562082776,20093091.0
20093091.0,0.9420289855072463,0.057971014492753624,0.0,0.0,0.0,20097241.0
20097241.0,0.9425073939357045,0.057492606064295536,0.0,0.0,0.0,20100353.0
20100353.0,0.952304619214645,0.04769538078535491,0.0,0.0,0.0,20102994.0
20102994.0,0.0,0.5,0.0,0.5,0.0,20103559.0
20103559.0,0.9508685957615547,0.01057465958236975,0.0,0.007485266940983429,0.031071477715092315,20110141.0
20110141.0,0.2639776357827476,0.1385782747603834,0.2012779552715655,0.20087859424920126,0.19528753993610223,20110242.0
20110242.0,0.9489179010869121,0.047976844045903515,0.0011284322133607151,0.0,0.00197682265382364,20118339.0
20118339.0,0.9557351300865451,0.04364736198462613,0.0004379333978390582,0.00014782561952373272,3.17489114658926e-05,20119339.0
20119339.0,0.0,0.5,0.0,0.5,0.0,20121241.0
20121241.0,0.9417738074815701,0.05822619251842991,0.0,0.0,0.0,20133399.0
20133399.0,0.2639776357827476,0.1385782747603834,0.2012779552715655,0.20087859424920126,0.19528753993610223,20135967.0
20135967.0,0.9368015502449464,0.06319844975505363,0.0,0.0,0.0,20169641.0
20169641.0,0.0,0.08724415755143117,0.9006016113798301,0.0009614340603339276,0.011192797008404814,20316458.0
20316458.0,0.0,0.05056864403496765,0.8872477176762263,0.03811593688261043,0.024067701406195522,20379117.0
20379117.0,0.04841549887626852,0.052565084437251046,0.7701072144355947,0.08786314985877719,0.04104905239210863,20383092.0
20383092.0,0.7535195640149189,0.04106346451071522,0.17946708256185992,0.0015006597257580607,0.024449229186747846,20385613.0
20385613.0,0.06193321811545131,0.013667770479007692,0.8119350457484316,0.012734420247623507,0.09972954540948599,20451822.0
20451822.0,0.0,0.21371662457153165,0.7390988634313548,0.005677205484394732,0.04150730651271874,20596184.0
20596184.0,0.061524735735239804,0.012696132974063648,0.8701727426237251,0.015892216529404063,0.03971417213756732,20758650.0
20758650.0,0.0,0.8555592467666203,0.12095737621173434,0.00018962586477396453,0.02329375115687135,20820175.0
20820175.0,0.03355700215853702,0.9081912011091223,0.006935140303485389,0.019931405953447157,0.031385250475408154,20820956.0
20820956.0,0.9763131697604965,0.023686830239503427,0.0,0.0,0.0,20824192.0
20824192.0,0.0,0.2718860224187919,0.7281139775812081,0.0,0.0,20880735.0
20880735.0,0.0,0.3589793678257149,0.6410206321742852,0.0,0.0,20992670.0
20992670.0,0.0,0.44334744548709765,0.04830169037653083,0.5058824738008189,0.0024683903355526967,21025761.0
21025761.0,0.0,0.5,0.5,0.0,0.0,21030224.0
21030224.0,0.0,0.3589793678257149,0.6410206321742852,0.0,0.0,21031418.0
21031418.0,0.014250967109959989,0.0459501751589713,0.9182306453487408,0.004134913914761502,0.017433298467566537,21033604.0
21033604.0,0.0,0.5,0.5,0.0,0.0,21100082.0
21100082.0,0.0,0.3589793678257149,0.6410206321742852,0.0,0.0,21102726.0
21102726.0,0.06433533300478994,0.03632369769820961,0.5692591047427524,0.00545044516775259,0.3246314193864954,21167971.0
21167971.0,0.02348980932434304,0.04593021029407,0.9276902411650864,0.001355393738014652,0.0015343454784860241,21171114.0
21171114.0,0.0,0.5,0.5,0.0,0.0,21178102.0
21178102.0,0.0,0.5,0.5,0.0,0.0,21441498.0
21441498.0,0.0,0.42378476833757067,0.5762152316624293,0.0,0.0,21521207.0
21521207.0,0.2639776357827476,0.1385782747603834,0.2012779552715655,0.20087859424920126,0.19528753993610223,21521380.0
21521380.0,0.0,0.42378476833757067,0.5762152316624293,0.0,0.0,21533876.0
21533876.0,0.00031909191111733726,0.10212351775483819,0.8975573903340445,0.0,0.0,21540007.0
21540007.0,0.0,0.45888490381480274,0.5411150961851973,0.0,0.0,21666673.0
21666673.0,0.01191878496415079,0.15543093530480345,0.7130331244158704,0.08047810719458509,0.0391390481205902,21814054.0
21814054.0,0.0,0.02903478326043447,0.9709652167395655,0.0,0.0,21876811.0
21876811.0,0.01978785729540463,0.654412803291711,0.2977529190244042,0.00016789640029364448,0.02787852398818642,21921148.0
21921148.0,0.009642540913531998,0.6795844528578407,0.29148792440156324,0.0,0.019285081827063996,21967784.0
21967784.0,0.0,0.08168289099330729,0.9183171090066927,0.0,0.0,22249201.0
22249201.0,0.004802982233089402,0.016054288240571896,0.8473880067384995,0.0015333515353265531,0.13022137125251274,22286809.0
22286809.0,0.13905752452529352,0.07778842096324926,0.21146194344123026,0.2512300376166661,0.32046207345356087,22369917.0
22369917.0,0.060624243651275604,0.17449375016138116,0.12376974775315225,0.3693663567966651,0.2717459016375259,22400097.0
22400097.0,0.2639776357827476,0.1385782747603834,0.2012779552715655,0.20087859424920126,0.19528753993610223,22401108.0
22401108.0,0.04506140425827256,0.12261938042435619,0.2864411246077983,0.14126477314864358,0.4046133175609293,22488869.0
22488869.0,0.07652996252687783,0.560635018225306,0.040206179329243634,0.23614596023345313,0.08648287968511939,22501377.0
22501377.0,0.029738367556883534,0.38498344208196317,0.01616289754896578,0.3316081889933672,0.23750710381882037,22559201.0
22559201.0,0.04917610451302131,0.5010380817830294,0.03305912016734712,0.32888517278117785,0.08784152075542428,22607523.0
22607523.0,0.3181036072021139,0.3128495053155534,0.36904688748233266,0.0,0.0,22627887.0
22627887.0,0.0,0.940254360700301,0.0,0.05974563929969905,0.0,22739162.0
22739162.0,0.012295917953935578,0.5160581123218824,0.3289527965973614,0.07390709116742171,0.06878608195939903,22779546.0
22779546.0,0.02496809051570569,0.09021044694032149,0.07366421191356594,0.02496809051570569,0.7861891601147012,22797246.0
22797246.0,0.0,0.12877307772999055,0.8339304914507499,0.037296430819259416,0.0,22954378.0
22954378.0,0.0,0.20501892162115123,0.7949810783788487,0.0,0.0,23014459.0
23014459.0,0.026521419747439,0.055618955290079194,0.9122643977586989,0.0,0.005595227203782797,23026584.0
23026584.0,0.0004122295073402018,0.014454156603593157,0.914232695088613,0.005065070347844211,0.06583584845260947,23063160.0
23063160.0,0.0,0.2520759103877606,0.7479240896122393,0.0,0.0,23347213.0
23347213.0,0.2639776357827476,0.1385782747603834,0.2012779552715655,0.20087859424920126,0.19528753993610223,23348062.0
23348062.0,0.0,0.1631521938225178,0.7811872785720585,0.04737051745208337,0.008290010153340313,23611647.0
23611647.0,0.0,0.47422905233227114,0.49456194991475755,0.031208997752971444,0.0,23702420.0
23702420.0,0.0007398729173039078,0.1771308859429917,0.8221292411397044,0.0,0.0,23746540.0
23746540.0,0.0,0.47422905233227114,0.49456194991475755,0.031208997752971444,0.0,24054947.0
24054947.0,0.0,0.5,0.5,0.0,0.0,24163613.0
24163613.0,0.004918434957927743,0.5462108760198641,0.368003848103959,0.01583141727896576,0.06503542363928341,24164169.0
24164169.0,0.02526235809207129,0.13994563615413824,0.11833469794217266,0.5167696635925318,0.19968764421908605,24185276.0
24185276.0,0.0,0.36583616626015747,0.5184556230964628,0.0,0.11570821064337981,24271624.0
24271624.0,0.0,0.47422905233227114,0.49456194991475755,0.031208997752971444,0.0,24297111.0
24297111.0,0.06141531839328327,0.11780387400221212,0.3782222179313185,0.17324705120147188,0.2693115384717143,24365528.0
24365528.0,0.0,0.001850328947368421,0.3327165570175438,0.6654331140350876,0.0,24365690.0
24365690.0,0.0,0.47422905233227114,0.49456194991475755,0.031208997752971444,0.0,24436505.0
24436505.0,0.2639776357827476,0.1385782747603834,0.2012779552715655,0.20087859424920126,0.19528753993610223,24440523.0
24440523.0,0.0,0.47422905233227114,0.49456194991475755,0.031208997752971444,0.0,24540007.0
24540007.0,0.2639776357827476,0.1385782747603834,0.2012779552715655,0.20087859424920126,0.19528753993610223,24540668.0
24540668.0,0.0,0.47422905233227114,0.49456194991475755,0.031208997752971444,0.0,24646033.0
24646033.0,0.0,0.35617829469005285,0.6438217053099471,0.0,0.0,24808544.0
24808544.0,0.0,1.0,0.0,0.0,0.0,24808587.0
24808587.0,0.0012874028565258173,0.04636648755628761,0.942033348697931,0.0,0.010312760889255633,24848878.0
24848878.0,0.0,0.22669871729510369,0.7733012827048964,0.0,0.0,25026744.0
25026744.0,0.0,0.5,0.5,0.0,0.0,25176883.0
25176883.0,0.010004160453651913,0.4237409683190991,0.566254871227249,0.0,0.0,25476173.0
25476173.0,0.0,0.043821813924384036,0.9561781860756159,0.0,0.0,25516506.0
25516506.0,0.0,0.02064846211912436,0.9793515378808757,0.0,0.0,25533739.0
25533739.0,0.0,0.08838316020360909,0.911616839796391,0.0,0.0,26114770.0
26114770.0,0.2639776357827476,0.1385782747603834,0.2012779552715655,0.20087859424920126,0.19528753993610223,26115510.0
26115510.0,0.0,0.5,0.5,0.0,0.0,26193541.0
29862565.0,0.0,0.5,0.5,0.0,0.0,30017730.0
30017730.0,0.23814483350367577,0.12701427321278516,0.30824778125377844,0.12088745742925713,0.2057056546005036,30048983.0
30048983.0,0.0,0.34610938289008186,0.6538906171099181,0.0,0.0,30506153.0
30506153.0,0.0,0.5,0.5,0.0,0.0,30602066.0
30602066.0,0.0035838238709879804,0.04469664206841058,0.8576378131484181,0.004828011347835695,0.08925370956434758,30636080.0
30636080.0,0.014084413741936266,0.13344955339185555,0.27912036847916716,0.3076213934704053,0.2657242709166357,30714561.0
30714561.0,2.451040466678105e-05,0.06299606535915674,0.9369794242361765,0.0,0.0,30801947.0
30801947.0,0.020843328956253227,0.09201225539489086,0.5190500164807762,0.08922596196119781,0.2788684372068819,30813395.0
30813395.0,0.0,0.5,0.5,0.0,0.0,30976239.0
30976239.0,0.0,0.03220096186420073,0.9617421316858723,0.002021836412814678,0.00403507003711243,31190495.0
31190495.0,0.0005143162748681239,0.06043308857575263,0.9170082030088079,0.0013607034809207997,0.020683688659650333,31487632.0
31487632.0,0.0,0.5,0.0,0.5,0.0,31487914.0
31487914.0,0.0,0.03220096186420073,0.9617421316858723,0.002021836412814678,0.00403507003711243,31572127.0
31572127.0,0.0005143162748681239,0.06043308857575263,0.9170082030088079,0.0013607034809207997,0.020683688659650333,31704282.0
31704282.0,0.0,0.07215040300886469,0.787385294576099,0.04682143413834542,0.09364286827669084,31729469.0
31729469.0,0.0,0.5,0.5,0.0,0.0,32139242.0
32139242.0,0.046283450855825255,0.18157062969566576,0.5445702263116847,0.0914856042534634,0.13609008888336094,32171748.0
32171748.0,0.0,0.25059970123411385,0.6405367041949127,0.0,0.10886359457097342,32293036.0
32293036.0,0.5734767025089605,0.05528099759387386,0.3027625522908118,0.011791016463493774,0.056688731142859994,32294249.0
32294249.0,0.0,0.5,0.5,0.0,0.0,32369114.0
32369114.0,0.0,0.37343458287008874,0.6265654171299113,0.0,0.0,32386319.0
32386319.0,0.0,0.5,0.5,0.0,0.0,32415419.0
32415419.0,0.0,0.028770023538284725,0.7283265401785938,0.050054358952386725,0.19284907733073497,32482723.0
32482723.0,2.6365772637013734e-05,0.9365126538973906,0.05892480379186258,0.0011076356711964112,0.0034285408669134346,32948811.0
32948811.0,0.0,0.2017606333642507,0.7982393666357493,0.0,0.0,32952586.0
32952586.0,0.0,0.35285332135455266,0.6471466786454474,0.0,0.0,33477305.0
33477305.0,0.0,0.4999773727732752,0.5,2.2627226724811782e-05,0.0,33720364.0
33720364.0,0.0,0.25186728283154575,0.7481327171684543,0.0,0.0,33796776.0
33796776.0,0.0,0.03882454394553976,0.9090333584230078,0.0,0.05214209763145254,33858878.0
33858878.0,0.10429618492006945,0.059666491652213695,0.0,0.3615775083921278,0.4744598150355891,33859290.0
33859290.0,0.0,0.5,0.5,0.0,0.0,33923182.0
33923182.0,0.0,0.20673294118013602,0.7932670588198639,0.0,0.0,33957300.0
33957300.0,0.0,0.5,0.5,0.0,0.0,34365318.0
34365318.0,0.0,0.24018601187197308,0.7598139881280269,0.0,0.0,34583331.0
34583331.0,0.0,0.3222168698607995,0.6777831301392006,0.0,0.0,34776567.0
34776567.0,0.048197223370028526,0.13834754711950562,0.7862219148541685,0.0,0.027233314656297424,34784757.0
34784757.0,0.0,0.3222168698607995,0.6777831301392006,0.0,0.0,34994198.0
34994198.0,0.5,0.5,0.0,0.0,0.0,35005687.0
35005687.0,0.06924786214446076,0.014833016925113377,0.5807123915598144,0.0,0.3352067293706114,35010973.0
35010973.0,0.0,0.3106906890970361,0.0,0.0,0.6893093109029639,35057809.0
35057809.0,0.0,0.16061981341138526,0.8393801865886147,0.0,0.0,35434234.0
35434234.0,0.005097682865160604,0.02065395834065476,0.9198464306425226,0.015655896119687315,0.038746032031974686,35570537.0
35570537.0,0.0,0.04224002734351062,0.22051315690669632,0.7285958054295167,0.008651010320276405,35594824.0
35594824.0,0.0,0.1004579406264957,0.20958065706312595,0.646582693750921,0.04337870855945747,35685404.0
35685404.0,0.0,0.13328196877849657,0.2893657269442163,0.5030581143551486,0.07429418992213858,35736501.0
35736501.0,0.011723456089311477,0.06146048865867214,0.8313090659665554,0.033192743442370914,0.062314245843089935,35872830.0
35872830.0,0.0008051622338955237,0.11111019884934598,0.8290138651016633,0.0,0.05907077381509512,35999992.0
35999992.0,0.0356080656150097,0.04416042136156386,0.8976665269115873,0.0,0.022564986111839002,36067402.0
36067402.0,0.0,0.5,0.5,0.0,0.0,36469970.0
36469970.0,0.007948153582783076,0.12030693063587154,0.1460226495899311,0.124315669272082,0.6014065969193323,36470171.0
36470171.0,0.0,0.5,0.5,0.0,0.0,36590050.0
36590050.0,0.8763598326359833,0.07740585774058577,0.04623430962343097,0.0,0.0,36590199.0
36590199.0,0.0,0.31899082361359954,0.5159047166812314,0.0,0.1651044597051692,36688960.0
36688960.0,0.2639776357827476,0.1385782747603834,0.2012779552715655,0.20087859424920126,0.19528753993610223,36689118.0
36689118.0,0.0,0.5,0.5,0.0,0.0,36805734.0
36805734.0,0.0,0.31899082361359954,0.5159047166812314,0.0,0.1651044597051692,36830181.0
36830181.0,0.04567480372401638,0.042102882844650406,0.7662806456159481,0.07639437649365677,0.06954729132172845,36889465.0
36889465.0,0.0,0.45891712602839974,0.03504588854423384,0.3463282020251469,0.15970878340221947,36907686.0
36907686.0,0.0,0.19909527961293808,0.800904720387062,0.0,0.0,37037391.0
37037391.0,0.00038326229654310484,0.00865006783671958,0.9577760528770798,0.0010960225609104384,0.032094594428747035,37268758.0
37268758.0,0.0,0.06420223667255331,0.8888386421827419,0.0,0.04695912114470492,37337614.0
37337614.0,0.0,0.10451490791544385,0.6906589823203323,0.0,0.20482610976422386,37486079.0
37486079.0,0.0,0.04838853360472304,0.0,0.5166973059892002,0.4349141604060767,37503358.0
37503358.0,0.0,0.25336572297772836,0.7466342770222717,0.0,0.0,37670758.0
37670758.0,0.0,0.30954817741290575,0.6904518225870943,0.0,0.0,37779512.0
37779512.0,0.2639776357827476,0.1385782747603834,0.2012779552715655,0.20087859424920126,0.19528753993610223,37780733.0
37780733.0,0.0,0.14564090391934836,0.8246089633800542,0.029750132700597374,0.0,37880010.0
37880010.0,0.2639776357827476,0.1385782747603834,0.2012779552715655,0.20087859424920126,0.19528753993610223,37882574.0
37882574.0,0.0,0.17802117361958866,0.8219788263804113,0.0,0.0,38269324.0
38269324.0,0.39435761226863875,0.06309638160312443,0.37875316486173444,0.06340368049025893,0.10038916077624331,38271958.0
38271958.0,0.0,0.5,0.0,0.0,0.5,38272443.0
38272443.0,0.0,0.08175781341493772,0.9182421865850623,0.0,0.0,38572633.0
38572633.0,0.0,0.11992170768932937,0.8593513408572778,0.02072695145339288,0.0,38574903.0
38574903.0,0.008688144703628149,0.1842104892673168,0.783533387676033,0.016583322422558132,0.00698465593046387,38580037.0
38580037.0,0.021842213882421063,0.2909504910650905,0.5407078269105781,0.07837589730128407,0.06812357084062631,38613474.0
38613474.0,0.0,0.0880313422401421,0.7676614328280227,0.03804329520706564,0.10626392972476958,38656550.0
38656550.0,0.04415432270020415,0.060424406134446475,0.7268545859292936,0.04214767169156138,0.12641901354449428,38809057.0
38809057.0,0.10308820344803404,0.2695822715459488,0.5928583475154471,0.007985711650888754,0.02648546583968138,38865866.0
38865866.0,0.4060351649256783,0.4761296813270538,0.0,0.11783515374726791,0.0,38924318.0
38924318.0,0.06840622150135217,0.4393113306679373,0.0021337894168841375,0.48908018592557295,0.0010684724882534294,38927348.0
38927348.0,0.4060351649256783,0.4761296813270538,0.0,0.11783515374726791,0.0,38951620.0
38951620.0,0.06840622150135217,0.4393113306679373,0.0021337894168841375,0.48908018592557295,0.0010684724882534294,39064094.0
39064094.0,0.02854218748915997,0.1315513258435016,0.32668152218188223,0.23809685062534083,0.27512811386011543,39082418.0
39082418.0,0.26018013320258304,0.1612081728362053,0.0,0.3625049923982692,0.2161067015629424,39276566.0
39276566.0,0.055468912811852726,0.10856471674834675,0.07000353202351682,0.04046955366376506,0.7254932847525187,39301907.0
39301907.0,0.06302275640715281,0.2530511581552048,0.038992069409611606,0.5180205478788819,0.12691346814914903,39446798.0
39446798.0,0.03794781689264834,0.03142492847369075,0.0,0.03511008831944271,0.8955171663142182,39450840.0
39450840.0,0.021042513778555833,0.06480883048941226,0.0,0.07570614568543331,0.8384425100465986,39453662.0
39453662.0,0.6017633680043395,0.11578181056878849,0.003069954226658927,0.15250992072932826,0.12687494647088493,39456160.0
39456160.0,0.0,0.5389891797686838,0.0,0.0,0.4610108202313163,39511302.0
39511302.0,0.0,0.3216825102403586,0.0,0.5192103331014762,0.15910715665816527,39581716.0
39581716.0,0.01428523929450095,0.17560628502311537,0.009915066858511354,0.47912253245567943,0.3210708763681929,39899404.0
39899404.0,0.0,0.5,0.0,0.0,0.5,39938243.0
39938243.0,0.0,0.3462918181808485,0.0,0.6122790755225972,0.041429106296554274,39941552.0
39941552.0,0.0042246632811902855,0.21473100155311878,0.0,0.5328766540603659,0.24816768110532497,40012250.0
40012250.0,0.0,0.08712852528407908,0.045058941502118754,0.7852200313307239,0.08259250188307816,40026233.0
40026233.0,0.0,0.40276682990997037,0.0,0.5972331700900296,0.0,40385968.0
40385968.0,0.021703349855034942,0.4163044280108957,0.01754543467942749,0.43237411423775385,0.11207267321688805,40516079.0
40516079.0,0.2639776357827476,0.1385782747603834,0.2012779552715655,0.20087859424920126,0.19528753993610223,40518988.0
40518988.0,0.021703349855034942,0.4163044280108957,0.01754543467942749,0.43237411423775385,0.11207267321688805,40937117.0
40937117.0,0.8214285714285714,0.17857142857142858,0.0,0.0,0.0,40937298.0
40937298.0,0.021703349855034942,0.4163044280108957,0.01754543467942749,0.43237411423775385,0.11207267321688805,41066751.0
41066751.0,0.03235966892649566,0.023370264669978286,0.3421495926179288,0.022208161554859517,0.5799123122307378,41080619.0
41080619.0,0.021703349855034942,0.4163044280108957,0.01754543467942749,0.43237411423775385,0.11207267321688805,41469189.0
41469189.0,0.004536202543733009,0.0416734990828582,0.8509236578753854,0.06522253848101593,0.03764410201700753,41469367.0
41469367.0,0.06847292885151254,0.2217322778133466,0.006601974486157408,0.6619412438852674,0.04125157496371602,41470309.0
41470309.0,0.02650836871241516,0.2733965303426651,0.043733913892383215,0.4940956029140007,0.16226558413853587,41480065.0
41480065.0,0.04974020494303829,0.5166102663718936,0.055179025263428,0.22301949543216842,0.15545100798947173,41495252.0
41495252.0,0.0,0.0938064652738566,0.00924407114624506,0.5452258610954264,0.3517236024844721,41615848.0
41615848.0,0.0,0.39156165178452135,0.006022592356469058,0.46784502208462025,0.1345707337743895,41683130.0
41683130.0,0.0,0.21039434937766185,0.0,0.7455086707123202,0.04409697991001798,41754349.0
41754349.0,0.010896340720677264,0.1358954861558416,0.07566236800242929,0.41621052720438045,0.3613352779166714,41804823.0
41804823.0,0.006260511140709788,0.3798707929785336,0.0,0.5423592252269331,0.07150947065382349,41851432.0
41851432.0,0.49618497304440407,0.07487069310180841,0.2259977358141179,0.07733899239519723,0.1256076056444723,41851950.0
41851950.0,0.10028849468194043,0.2244989217606795,0.07101251465764075,0.42223053183304365,0.18196953706669566,41949773.0
41949773.0,0.04188509518990923,0.32121013529059916,0.04354120753653563,0.48594068076780605,0.10742288121515005,42057109.0
42057109.0,0.6713857529361612,0.0670648269997553,0.05087343389417369,0.05522445900189169,0.15545152716801827,42071456.0
42071456.0,0.0017689317013707853,0.026397857107264954,0.8239217173282386,0.0,0.14791149386312563,42114897.0
42114897.0,0.0004329985609282851,0.02827779910622712,0.9712892023328448,0.0,0.0,42185755.0
42185755.0,0.015442765087150328,0.7944843232964147,0.15750948855176222,0.0,0.03256342306467278,42185956.0
42185956.0,0.06879494407201668,0.19523839776096608,0.11019853498534028,0.4267888643569087,0.19897925882476825,42188211.0
42188211.0,0.0,0.8955949356032479,0.0,0.08919909157944489,0.015205972817307145,42197510.0
42197510.0,0.027120564998202285,0.11154945562682658,0.043539977776111,0.7272430019172976,0.09054699968156259,42347970.0
42347970.0,0.0,0.2369108383550419,0.0,0.7404701343484866,0.02261902729647143,42385629.0
42385629.0,0.03827255869108628,0.26006161888413454,0.0027959695896874396,0.5254416178196059,0.17342823501548585,42428253.0
42428253.0,0.22268748224111484,0.13978323380863542,0.24264712865306184,0.22207597770984774,0.1728061775873401,42483851.0
42483851.0,0.02215078912529864,0.44849907616755397,0.04543277571867755,0.27478788320812975,0.20912947578034002,42483969.0
42483969.0,0.0,1.0,0.0,0.0,0.0,42553900.0
42553900.0,0.0,0.10034212690760436,0.0010301470707991985,0.07313789719702275,0.8254898288245737,42666471.0
42666471.0,0.9906569477805479,0.0073381616309861845,0.0020048905884658685,0.0,0.0,42679351.0
42679351.0,0.0,0.06484801994438585,0.04190238757311343,0.04389682615782913,0.8493527663246716,42682087.0
42682087.0,0.0,0.07969806553625994,0.907731789499223,0.0,0.012570144964517051,42720192.0
42720192.0,0.02970814571716264,0.23916562217765014,0.0,0.47848832307220834,0.25263790903297884,42732000.0
42732000.0,0.07934803514807143,0.1830996906134427,0.00937897380380606,0.6250459134047359,0.10312738702994402,42834290.0
42834290.0,0.2639776357827476,0.1385782747603834,0.2012779552715655,0.20087859424920126,0.19528753993610223,42834439.0
42834439.0,0.3517707365928279,0.2523904422120262,0.01946715511671001,0.2066221358944272,0.16974953018400862,42852273.0
42852273.0,0.9497346255634372,0.029176203308721345,0.020783555485734313,5.317156288141534e-06,0.0003002984858189025,42852295.0
42852295.0,0.03457657142089606,0.30394351219338794,0.006201740964771642,0.532757769440952,0.12252040597999245,42920351.0
42920351.0,0.3333333333333333,0.6666666666666666,0.0,0.0,0.0,42920756.0
42920756.0,0.11559706075168946,0.5295451046216332,0.012816300567165378,0.16766456672781774,0.17437696733169428,42970695.0
42970695.0,0.6666666666666666,0.3333333333333333,0.0,0.0,0.0,42971875.0
42971875.0,0.0,0.42045869467775177,0.0,0.5795413053222481,0.0,43247910.0
43247910.0,0.07934803514807143,0.1830996906134427,0.00937897380380606,0.6250459134047359,0.10312738702994402,43276246.0
43276246.0,0.8169262636710093,0.18307373632899077,0.0,0.0,0.0,43341914.0
43341914.0,0.002430732354977272,0.06045717513299471,0.7582466895669078,0.026851141053080015,0.15201426189204018,43342610.0
43342610.0,0.9235133838793648,0.07235924610846882,0.0,0.0,0.00412737001216647,43565035.0
43565035.0,0.9095520146646242,0.08811737293240848,0.0001360823766329885,0.00219453002633436,0.0,43587348.0
43587348.0,0.9414564700762073,0.05854352992379274,0.0,0.0,0.0,43804722.0
43804722.0,0.07464171717968507,0.12771273856090873,0.0,0.3589600221489081,0.43868552211049805,43854245.0
43854245.0,0.9479019694618043,0.03946258359524931,6.378044124632999e-06,0.008539358699697313,0.004089710199124343,43958743.0
43958743.0,0.8303725864051907,0.16962741359480926,0.0,0.0,0.0,44503123.0
44503123.0,0.49900908231835367,0.05590481940361194,0.08058588828223436,0.1559612557748845,0.20853895422091562,44504186.0
44504186.0,0.8034098745679225,0.19659012543207754,0.0,0.0,0.0,44900771.0
44900771.0,0.8506935209973985,0.14705774000721655,0.0,0.0022487389953849374,0.0,44908512.0
44908512.0,0.9900006142791293,0.009724835774115965,0.0,0.0002745499467546602,0.0,44949990.0
44949990.0,0.9581485900152542,0.04125689981230327,0.0005945101724424143,0.0,0.0,45018565.0
45018565.0,0.0,0.5,0.0,0.0,0.5,45027109.0
45027109.0,0.7423099822860925,0.2576900177139074,0.0,0.0,0.0,45557469.0
45557469.0,0.2639776357827476,0.1385782747603834,0.2012779552715655,0.20087859424920126,0.19528753993610223,45557570.0
45557570.0,0.7459825593846315,0.026553167827412297,0.10152652348646994,0.023517027956833036,0.10242072134465317,45559137.0
45559137.0,0.9123408608992478,0.08757384412513797,0.0,0.0,8.529497561416647e-05,45817263.0
45817263.0,0.9545144729250281,0.045485527074971895,0.0,0.0,0.0,45844381.0
45844381.0,0.9123408608992478,0.08757384412513797,0.0,0.0,8.529497561416647e-05,45996942.0
45996942.0,0.9073319587219751,0.09266804127802479,0.0,0.0,0.0,46295982.0
46295982.0,0.8976503188155193,0.0993988544255917,0.0,0.002759580676537339,0.00019124608235166973,46334292.0
46334292.0,0.7985434673251932,0.11246398682946906,0.0,0.0,0.08899254584533772,46334571.0
46334571.0,0.8709012584213965,0.12909874157860346,0.0,0.0,0.0,46547229.0
46547229.0,0.8449422205941122,0.15505777940588783,0.0,0.0,0.0,46733472.0
46733472.0,0.837840238920534,0.16139647689936346,0.0007632841801024918,0.0,0.0,46846357.0
46846357.0,0.9692335868762126,0.02833971598571454,0.0012899915877532704,0.0011367055503196256,0.0,46846972.0
46846972.0,0.0,0.2606501930157213,0.0540506177831008,0.6522532816063068,0.03304590759487127,46918544.0
46918544.0,0.049853232465455935,0.24630459414482747,0.0731397429274115,0.23270074111470726,0.39800168934759794,47024413.0
47024413.0,0.0,0.3583217019464277,0.019884568074935084,0.6217937299786371,0.0,47200326.0
47200326.0,0.2639776357827476,0.1385782747603834,0.2012779552715655,0.20087859424920126,0.19528753993610223,47200411.0
47200411.0,8.676164842511566e-05,0.39330582544146736,0.006232335629992886,0.5537291401445763,0.046645937135538516,47275802.0
47275802.0,0.0,0.5,0.0,0.5,0.0,47446444.0
47446444.0,0.019670145770026865,0.3820694059100718,0.12056634517990047,0.47769410314000094,0.0,47619957.0
47619957.0,0.0,0.3495940808927268,0.027717975986065905,0.5276985467924323,0.0949893963287749,48012741.0
48012741.0,0.0,1.0,0.0,0.0,0.0,48013774.0
48013774.0,0.026667726429210746,0.33377917082796255,0.02660427890646329,0.5533345543640907,0.059614269472272816,48025104.0
48025104.0,0.014501685289877633,0.14756549394470966,0.013962196453718729,0.7487262710835898,0.07524435322810397,48139177.0
48139177.0,0.0,0.08994215044207363,0.5267532402812328,0.24244072808216052,0.14086388119453316,48177874.0
48177874.0,0.044033247482083634,0.16028034913025493,0.09936881060640372,0.45064367150857615,0.24567392127268137,48181988.0
48181988.0,0.0,1.0,0.0,0.0,0.0,48190048.0
48190048.0,0.02861788909850528,0.13908285508238083,0.08613219191222922,0.6645342340394881,0.08163282986739671,48369304.0
48369304.0,0.018565535597946485,0.026584412609338564,0.14858880808518746,0.0952433561307929,0.7110178875767346,48402604.0
48402604.0,0.021402591493348975,0.16016772898436946,0.2172883574325082,0.4801078190540756,0.12103350303569753,48404087.0
48404087.0,0.02893888233871291,0.2678375995045247,0.16014656003679187,0.47295982506510703,0.07011713305486347,48462789.0
48462789.0,0.2639776357827476,0.1385782747603834,0.2012779552715655,0.20087859424920126,0.19528753993610223,48464071.0
48464071.0,0.0,0.16132171423809083,0.2765060782982838,0.4479054240918625,0.1142667833717628,48660981.0
48660981.0,0.026116671333301998,0.16677505523320574,0.016980557502825528,0.4461477776937557,0.34397993823691114,48884586.0
48884586.0,0.025433339346241323,0.2728861579914701,0.005944579489592413,0.6457819029970773,0.04995402017561896,48934809.0
48934809.0,0.052588832487309646,0.30111675126903553,0.0,0.6462944162436548,0.0,48937775.0
48937775.0,0.0,0.3265771064198601,0.0,0.67342289358014,0.0,48990527.0
48990527.0,0.031062199345306154,0.17322906892807646,0.5107003015186379,0.179225655684272,0.10578277452370739,49011895.0
49011895.0,0.0,0.759558735499644,0.0,0.240441264500356,0.0,49162005.0
49162005.0,0.0,0.9457615440488345,0.03163436012018457,0.022604095830981028,0.0,49225012.0
49225012.0,0.04118710148186172,0.1371475116347145,0.0,0.44005523572758865,0.3816101511558352,49253585.0
49253585.0,0.9833064317566274,0.016693568243372637,0.0,0.0,0.0,49256401.0
49256401.0,0.06653985718728203,0.11897766969433289,0.024990852255838608,0.5008911815746283,0.28860043928791795,49283916.0
49283916.0,0.03513119116426793,0.10556010186271424,0.004140318750178832,0.855168388222839,0.0,49388887.0
49388887.0,0.0,0.5,0.0,0.5,0.0,49529881.0
49529881.0,0.011756570307032628,0.017623733976763735,0.03027998252433115,0.8615765350635485,0.078763178128324,49636053.0
49636053.0,0.0,0.24134243340190564,0.0,0.7586575665980942,0.0,49668188.0
49668188.0,0.013493152236081739,0.6597838082494398,0.0054859849275150025,0.2544034762345996,0.06683357835236388,49780896.0
49780896.0,0.02670195767623767,0.06790084463927187,0.03193494014449667,0.8291477805155817,0.0443144770244121,49869149.0
49869149.0,0.03134467519299071,0.16726262418055723,0.18959010379516786,0.3071966564372833,0.30460594039400085,49869352.0
49869352.0,0.10171777627613135,0.10453313990696944,0.37448917205650484,0.18805730747641164,0.23120260428398282,49872607.0
49872607.0,0.0,0.14720239750363023,0.07365140420798962,0.77914619828838,0.0,49948839.0
49948839.0,0.042292738617591044,0.3074368403884803,0.0,0.6502704209939286,0.0,50013485.0
50013485.0,0.14570375604442054,0.0874514609560593,0.0,0.7668447829995201,0.0,50109897.0
50109897.0,0.05479311326018913,0.18648926302719446,0.0,0.6450176824694114,0.1136999412432051,50266048.0
50266048.0,0.04295640560987822,0.010327831108479816,0.08870125252753071,0.009018970902789851,0.8489955398513215,50267848.0
50267848.0,0.18009560136269598,0.16682304887719346,0.03158654847184013,0.5957090139060556,0.025785787382214962,50306697.0
50306697.0,0.0,0.08462613469366012,0.0,0.8343402091251774,0.08103365618116244,50360712.0
50360712.0,0.0,0.19004310065994115,0.0,0.7293396970125574,0.08061720232750141,50459986.0
50459986.0,0.02894212729839993,0.20273770813411288,0.022978140299812367,0.7006765985028857,0.04466542576478912,50536654.0
50536654.0,0.005932445210648194,0.06672032010822747,0.184969520565864,0.5486319720930182,0.19374574202224207,50633366.0
50633366.0,0.0,0.4183386306634418,0.0,0.45790493852676506,0.12375643080979327,50706409.0
50706409.0,0.8196474958979415,0.0499680505026828,0.009491730057252215,0.08364948350988509,0.037243240032238493,50714939.0
50714939.0,0.16091787670405205,0.5786210491705611,0.0,0.2604610741253867,0.0,50825763.0
50825763.0,0.07523312827210137,0.9123347004082132,0.0,0.012432171319685496,0.0,51110435.0
51110435.0,0.0,0.8372194096296383,0.0,0.16278059037036166,0.0,51328944.0
51328944.0,0.01568236012265446,0.12619136112671547,0.0026913212198625782,0.5084739887285906,0.34696096880217686,51386039.0
51386039.0,0.0,0.34354136488382836,0.0,0.6050428195158183,0.05141581560035341,51525774.0
51525774.0,0.10203076882409697,0.15336400009398649,0.009450597621848333,0.3493840948441073,0.385770538615961,51526370.0
51526370.0,0.031340598973781796,0.24825982379463035,0.019944815804849622,0.6209884959558897,0.07946626547084863,51690704.0
51690704.0,0.0017338770302167945,0.2524649008523037,0.0007031548787229334,0.44890407881280014,0.29619398842595634,51796687.0
51796687.0,0.12364068489468304,0.13689505568312035,0.26430406658685146,0.31358499980065946,0.16157519303468565,51811803.0
51811803.0,0.2861493644067797,0.2861493644067797,0.4277012711864407,0.0,0.0,51813964.0
51813964.0,0.013035077092402566,0.021547061350658106,0.014541883781968737,0.8876946160094149,0.06318136176555571,51899423.0
51899423.0,0.005299126244394331,0.05285406823696869,0.05613815456642343,0.6124177906587893,0.2732908602934241,51924079.0
51924079.0,0.06272083663122957,0.07090898668669171,0.0006731779925084998,0.4554141729195631,0.41028282577000724,52050915.0
52050915.0,0.08580447472145174,0.26153040782421605,0.0007578204225218142,0.570182429711932,0.08172486731987832,52096818.0
52096818.0,0.0,0.17952625061959723,0.002182529323306332,0.5713025110689559,0.2469887089881405,52209024.0
52209024.0,0.0,0.7068991928654665,0.0,0.2906579170216154,0.002442890112917944,52305121.0
52305121.0,0.0024259940274229245,0.06708982706550541,0.6173932306029288,0.06315379873181803,0.24993714957232477,52389987.0
52389987.0,0.026677357371943686,0.10332640244888364,0.27285990543953215,0.2756505496546354,0.3214857850850051,52410136.0
52410136.0,0.01659337586498149,0.16315279408412994,0.001408198482727184,0.6725232273744975,0.14632240419366394,52472179.0
52472179.0,0.29443932760344144,0.11622106499164087,0.15755835017525785,0.29431099432103397,0.13747026290862582,52479582.0
52479582.0,0.8720092153364958,0.029829852250637955,0.027750001999856014,0.04069307009895288,0.02971786031405739,52481486.0
52481486.0,0.5455790539400417,0.055683671747567366,0.19879070813881547,0.11963833736430621,0.08030822880926937,52483499.0
52483499.0,0.12701089127940304,0.12661087902726068,0.0888969672245094,0.3674545400077889,0.29002672246103806,52513746.0
52513746.0,0.1485327228531776,0.1815222964810582,0.22001545180496324,0.23743319626699258,0.21249633259380843,52526908.0
52526908.0,0.10386584715697302,0.11833395299909741,0.12438570841975043,0.44159465489755967,0.21181983652661943,52567782.0
52567782.0,0.033353677080889654,0.3703211520097012,0.06783957851884254,0.3688297897718259,0.15965580261874068,52621383.0
52621383.0,0.11088503432133477,0.05038037836995714,0.013536326932064965,0.7091123753892472,0.11608588498739578,52716098.0
52716098.0,0.020440926563287207,0.35021452384363827,0.015815671404427786,0.5845598720281237,0.028969006160523177,52822365.0
52822365.0,0.026337444605276834,0.5089467992267233,0.26859943620336163,0.1268830711629463,0.06923324880169192,52876494.0
52876494.0,0.23853383485829893,0.21024857879567485,0.0,0.5512175863460261,0.0,52973610.0
52973610.0,0.0484236693937962,0.13453237985506533,0.3049183586703428,0.3051435483574158,0.20698204372338008,53019720.0
53019720.0,0.0023013056114755954,0.9477700849518149,0.026468462436257344,0.01111922610537917,0.012340920895072922,53127893.0
53127893.0,0.026928621861932876,0.24805118913095278,0.07569350570753203,0.5829616526855922,0.06636503061399016,53221888.0
53221888.0,0.023237206865525446,0.5075491330232164,0.12839288629427692,0.25093881130543577,0.08988196251154532,53267823.0
53267823.0,0.03138362491039008,0.25035418674890825,0.007339229582809268,0.48471492001047417,0.22620803874741824,53298771.0
53298771.0,0.0,0.3689268169736474,0.0,0.6202891317338555,0.010784051292497128,53421563.0
53421563.0,0.05332890683419394,0.21859142382784058,0.05564867700458123,0.5474399531266876,0.12499103920669657,53448203.0
53448203.0,0.015862308548723284,0.012495082049550616,0.01860450191276881,0.0014788730429347537,0.9515592344460225,53466115.0
53466115.0,0.027533708543646927,0.13722634031810868,0.3486824943844295,0.13052394497218894,0.35603351178162596,53620173.0
53620173.0,0.06786632887418466,0.12171732665091939,0.28091102384115657,0.2402689634317404,0.28923635720199914,53620782.0
53620782.0,1.3620597266512234e-05,0.7225185348090973,0.0,0.2774678445936361,0.0,53847889.0
53847889.0,0.0,0.5640556072686066,0.0,0.3740438706544174,0.061900522076975995,54054720.0
54054720.0,0.0850129910018899,0.1935579925219468,0.23746856929735766,0.28306563825152714,0.20089480892727862,54056585.0
54056585.0,0.03059639235834845,0.19380111470233274,0.24166242346649777,0.29907521181141344,0.23486485766140763,54057298.0
54057298.0,0.11623955815860712,0.15681522930319985,0.001225079289047588,0.6978430476024589,0.02787708564668655,54089982.0
54089982.0,0.017510398059538423,0.1633635992116875,0.10953740373807092,0.3916434167909662,0.317945182199737,54129736.0
54129736.0,0.009675358943015376,0.11885526753379057,0.0695380615891025,0.7022087802450081,0.0997225316890833,54170353.0
54170353.0,0.013773527528809218,0.44211027528809216,0.07396734955185659,0.36627528809218945,0.1038735595390525,54320783.0
54320783.0,0.0019647068993195764,0.007685943269242642,0.012647723483866186,0.007335235060941725,0.9703663912866298,54323542.0
54323542.0,0.009991905914967092,0.1938975015351583,0.004993192645169071,0.7412428030164693,0.04987459688823623,54396821.0
54396821.0,0.036494143375846645,0.1356954522712416,0.3353249890373102,0.23844481124877664,0.254040604066825,54398649.0
54398649.0,8.35472096983757e-06,0.007275614429088228,0.9387078804153751,0.0,0.05400815043456676,54406911.0
54406911.0,3.570415345452159e-05,0.5744136209308255,0.3517578023225069,0.04131329740616294,0.03247957518705009,54493817.0
54493817.0,0.011132916430466782,0.26335680761142816,0.16331320185414044,0.2445131944148508,0.3176838796891139,54534894.0
54534894.0,0.05990897848315499,0.18253461089480225,0.0310928937627011,0.60692173984588,0.11954177701346165,54752477.0
54752477.0,0.0,0.3433612899943854,0.14696912175325286,0.452768613804304,0.056900974448057695,54857340.0
54857340.0,0.10233766081641378,0.12459478217070835,0.0,0.5056424059595521,0.2674251510533258,54965476.0
54965476.0,0.003778957528957529,0.08311092342342341,0.008770109395109395,0.22228523166023165,0.682054777992278,55115679.0
55115679.0,0.2639776357827476,0.1385782747603834,0.2012779552715655,0.20087859424920126,0.19528753993610223,55115871.0
55115871.0,0.0037671192871645475,0.07050246463432075,0.1700081486212539,0.18702017138940463,0.5687020960678562,55148563.0
55148563.0,0.0,0.3693272274353356,0.0,0.6306727725646645,0.0,55385188.0
55385188.0,0.04521250705760956,0.3094014312693128,0.004411179809813067,0.5586622944253924,0.08231258743787218,55426900.0
55426900.0,0.0,0.05838075936492742,0.0,0.10146054727521557,0.8401586933598569,55442513.0
55442513.0,0.08927244752894742,0.2154224782513438,0.037845173948066795,0.4893657678375222,0.16809413243411983,55486295.0
55486295.0,0.0008241594450425933,0.0790424018761777,0.006526891896834276,0.1639593822160921,0.7496471645658533,55486356.0
55486356.0,0.08927244752894742,0.2154224782513438,0.037845173948066795,0.4893657678375222,0.16809413243411983,55503361.0
55503361.0,0.057292587842524396,0.14795578291450942,0.057103587389675026,0.36588511757814823,0.37176292427514307,55586872.0
55586872.0,0.2639776357827476,0.1385782747603834,0.2012779552715655,0.20087859424920126,0.19528753993610223,55587005.0
55587005.0,0.03553453691951034,0.1614648488262783,0.018175067667517364,0.5482490880151006,0.2365764585715933,55647869.0
55647869.0,0.005255728704034178,0.3146996707286638,0.009587646018554049,0.6682859642390397,0.0021709903097082714,55754195.0
55754195.0,0.0,0.48381906178633544,0.014970982002556098,0.5012099562111085,0.0,55922992.0
55922992.0,0.012922866210478981,0.3391697923641113,0.02534254157565689,0.5716495360887313,0.050915263761021366,56041620.0
56041620.0,0.04065603279256203,0.09730906570540225,0.060730877602317566,0.2947319751909199,0.5065720487087982,56053525.0
56053525.0,0.06709932305879862,0.20582740070225172,0.0,0.4540982324057414,0.2729750438332083,56163771.0
56163771.0,0.0,0.1146198693893749,0.025316751192011624,0.31051946611885684,0.5495439132997566,56220073.0
56220073.0,0.028396281959638208,0.27308863772932956,0.02935787819786472,0.4613241414347731,0.2078330606783943,56245428.0
56245428.0,0.0,0.08048310386583848,0.027041651195724985,0.26370818725343675,0.6287670576849999,56307576.0
56307576.0,0.022415903389780372,0.24580919556743056,0.027456371266891735,0.539348373045328,0.16497015673056922,56391113.0
56391113.0,0.09472345173606934,0.025180275198508732,0.2383819229417654,0.013971150285058825,0.6277431998385976,56417697.0
56417697.0,0.0,0.3226629309804086,0.49225332970916014,0.0,0.18508373931043134,56445036.0
56445036.0,0.04286077971152231,0.21940661564851277,0.005956325887399983,0.5169911732642511,0.21478510548831384,56445215.0
56445215.0,0.2639776357827476,0.1385782747603834,0.2012779552715655,0.20087859424920126,0.19528753993610223,56445363.0
56445363.0,0.0,0.0022392907321588298,0.9977607092678411,0.0,0.0,56445572.0
56445572.0,0.06645315731901569,0.20709517220392357,0.09767315019432359,0.47082578883980475,0.15795273144293237,56469895.0
56469895.0,0.21178453561506896,0.06320624335519537,0.2986245789568893,0.11585775411374982,0.3105268879590964,56473496.0
56473496.0,0.06583370618961774,0.1274824531012443,0.20241755114279872,0.26688345497278404,0.33738283459355517,56480159.0
56480159.0,0.04623940998357642,0.2560766692650703,0.008558753405411451,0.4242420783880919,0.26488308895784995,56528606.0
56528606.0,0.05962707426717984,0.26734880948738177,0.040210483322712265,0.54073865397638,0.0920749789463461,56620621.0
56620621.0,0.048640478453249314,0.3586618087068964,0.0,0.5850833366030694,0.007614376236784914,56709742.0
56709742.0,0.850781249628518,0.08997736158398856,0.004000198440781673,0.04223349220747459,0.013007698139237274,56787013.0
56787013.0,0.04878054033412571,0.2178425691477212,0.013090059208088962,0.6192036241786691,0.1010832071313949,56942546.0
56942546.0,0.009448593285245185,0.34845676766390443,0.00013833680501863186,0.5424531019280739,0.09950320031775774,57067026.0
57067026.0,0.0,0.34185217388085426,0.0029466016637455417,0.6184527554057141,0.03674846904968613,57127479.0
57127479.0,0.4785385506461884,0.08745783882748111,0.026456382805077616,0.10067818277615248,0.30686904494510037,57178325.0
57178325.0,0.7481165584327482,0.2506423339108031,0.0,0.0012411076564488325,0.0,57202516.0
57202516.0,0.0,0.21848501375232857,0.029025251733485247,0.6560276562749553,0.0964620782392309,57499367.0
57499367.0,0.0,0.2485147859018908,0.06783186695787559,0.5413720850242534,0.1422812621159804,57575357.0
57575357.0,0.2639776357827476,0.1385782747603834,0.2012779552715655,0.20087859424920126,0.19528753993610223,57575600.0
57575600.0,0.0,0.2485147859018908,0.06783186695787559,0.5413720850242534,0.1422812621159804,57659701.0
57659701.0,2.8081103939588498e-05,0.165225645948682,0.012146743282071833,0.37654023665231356,0.446059293012993,57780555.0
57780555.0,0.0,0.2485147859018908,0.06783186695787559,0.5413720850242534,0.1422812621159804,57945529.0
57945529.0,0.01202472749718262,0.011761460082019726,0.03406577476841353,0.9110343182870317,0.031113719365352517,57957370.0
57957370.0,0.028528564715835408,0.1108755567454995,0.16950288631999277,0.4147804180997482,0.27631257411892424,57973619.0
57973619.0,0.009781563419776134,0.27724326792629395,0.026793093324160834,0.5154756010999039,0.17070647422986507,58023783.0
58023783.0,0.01203860964118112,0.4596147457761932,0.004329470185764839,0.4844431759637464,0.03957399843311441,58065440.0
58065440.0,0.06545842261096227,0.056341459015408844,0.17136209816234516,0.0456534322866955,0.6611845879245882,58085898.0
58085898.0,0.025220214057535495,0.02033804902830278,0.1684217777280281,0.0,0.7860199591861337,58088260.0
58088260.0,0.0,0.49759756579010717,0.0,0.5024024342098928,0.0,58139937.0
58139937.0,0.05432008472956036,0.15512853583556638,0.0,0.7154039676012612,0.07514741183361202,58158234.0
58158234.0,0.01576326414090187,0.9625682148390494,0.02166852102004876,0.0,0.0,58190831.0
58190831.0,0.06708233831964817,0.2509841257388644,0.08594687182862741,0.5423071446387594,0.053679519474100525,58260465.0
58260465.0,0.14736553221457416,0.08816629393448794,0.2762391828186769,0.16848955309354152,0.31973943793871956,58264707.0
58264707.0,0.0,0.20089165658195507,0.0,0.7991083434180449,0.0,58276328.0
58276328.0,0.04309896216000968,0.3413758988601457,0.3895115305789814,0.04670838558516273,0.17930522281570038,58278176.0
58278176.0,0.19133342605989448,0.17888705850520797,0.10311637310198056,0.26077959856281074,0.2658835437701062,58283586.0
58283586.0,0.00711735794706255,0.13629592121655065,0.0,0.7229059918659708,0.133680728970416,58298099.0
58298099.0,0.07682760241835232,0.03760326205433148,0.0,0.7907697049530185,0.09479943057429771,58317438.0
58317438.0,0.15209556784983674,0.3771007104635587,0.034341321616632586,0.30211033430498585,0.13435206576498604,58337992.0
58337992.0,0.1470101354953329,0.3311291352562829,0.015770939975257015,0.40726824215203355,0.0988215471210936,58381415.0
58381415.0,0.11672740818736134,0.18255970737749927,0.21596949559383283,0.26212958626771876,0.22261380257358776,58389120.0
58389120.0,0.09779190190910557,0.21943143750842642,0.11536051455885529,0.3652746053423082,0.20214154068130455,58398469.0
58398469.0,0.0007104005016067089,0.5865644642997099,0.00045646210518065675,0.36882514303628805,0.043443530057214505,58430364.0
58430364.0,0.0,0.5,0.5,0.0,0.0,58434594.0
58434594.0,0.0007104005016067089,0.5865644642997099,0.00045646210518065675,0.36882514303628805,0.043443530057214505,58593757.0
58593757.0,0.0,0.36776293476721866,0.0,0.6322370652327814,0.0,58736009.0
58736009.0,0.031060653109411713,0.7202869023378797,0.12090324351908183,0.12774920103362664,0.0,58784341.0
58784341.0,0.008862366059128875,0.11130630515878234,0.061463521447547284,0.6336741195615408,0.1846936877730007,58829549.0
58829549.0,0.004357065833340802,0.1736556918161338,0.020804042837861515,0.33851055879543157,0.4626726407172322,58875437.0
58875437.0,0.002012680890320462,0.15936454823350976,0.08026112314223394,0.49764160457825485,0.260720043155681,58889950.0
58889950.0,0.0026632610492653727,0.22657672627534572,0.032318783494651754,0.4428978687110516,0.29554336046968566,59092149.0
59092149.0,0.2639776357827476,0.1385782747603834,0.2012779552715655,0.20087859424920126,0.19528753993610223,59092614.0
59092614.0,0.0,0.178565937087435,0.0,0.5565968910425421,0.264837171870023,59173361.0
59173361.0,0.020866206366537215,0.12876311844615368,0.0,0.8341256316819927,0.0162450435053162,59290089.0
59290089.0,0.0020393433624845145,0.09517472310466213,0.0019423686663641155,0.8895140072857509,0.011329557580738142,59321129.0
59321129.0,0.015959616511252033,0.2021310454939025,0.010175359516612359,0.737381713530935,0.034352264947297935,59361669.0
59361669.0,0.16498695231868754,0.18748931319464238,0.0492632390659313,0.41723132114059647,0.1810291742801424,59386063.0
59386063.0,0.06873458512016821,0.2625250874668354,0.010207915552653607,0.5427570628964223,0.11577534896392042,59398422.0
59398422.0,0.05252511498346056,0.07075279260744244,0.0017589929645600415,0.8412347949765245,0.03372830446801233,59455062.0
59455062.0,0.02640235127773571,0.31565795942682223,0.18738987357216935,0.4035656739288803,0.0669841417943924,59469491.0
59469491.0,0.03438904394098032,0.26730203657503715,0.019306316100505344,0.3255654100098647,0.3534371933736125,59559273.0
59559273.0,0.007380466509957895,0.36089788959780955,0.0008245292279079379,0.5834918502828508,0.047405264381473924,59621353.0
59621353.0,0.0,0.5162806912415944,0.0,0.40598473085791975,0.07773457790048596,59672446.0
59672446.0,0.0,0.10230965355196721,0.2056941458781183,0.3569047976136913,0.33509140295622325,59697004.0
59697004.0,0.928665354699455,0.045115232807152995,0.010583754854393336,0.0049661786564912476,0.010669478982507516,59706179.0
59706179.0,0.05096175823743974,0.1658344152457326,0.0004880525374542036,0.6516925945179188,0.13102317946145473,59723984.0
59723984.0,0.0,0.21541860266240984,0.0,0.493101678971523,0.29147971836606706,59724721.0
59724721.0,0.0,0.2218996394510844,0.0,0.6444102207779553,0.13369013977096036,59763232.0
59763232.0,0.04739303368157655,0.4731669644149494,0.0014900632706839223,0.47764558106519206,0.0003043575675981132,59892262.0
59892262.0,0.5148403028845605,0.04558623288914156,0.004263834938827928,0.1739060915734693,0.2614035377140007,59895665.0
59895665.0,0.0,0.12558330676847088,0.0,0.630566618913926,0.24385007431760305,59928363.0
59928363.0,0.006605057988280975,0.017455516998529548,0.015062834742274767,0.042013122598958216,0.9188634676719564,59938432.0
59938432.0,0.06872434220779286,0.14655694985615852,0.07792360011284441,0.3814053669579725,0.32538974086523176,59968100.0
59968100.0,0.013397524792557833,0.27490643265338416,0.10254589508433946,0.5023314255626975,0.10681872190702103,60018233.0
60018233.0,0.04678111154422252,0.18937204796275883,0.2480483791026497,0.1799996662778446,0.33579879511252425,60091406.0
60091406.0,0.4857120694724803,0.30418021859875277,0.05709940849537025,0.12858055124118561,0.024427752192211046,60119707.0
60119707.0,0.23879539134304095,0.14792277632388676,0.20143595014150165,0.20760354924755978,0.20424233294401078,60120174.0
60120174.0,0.0,0.022494965151467223,0.17231518679024452,0.10390240301985469,0.7012874450384335,60141508.0
60141508.0,0.0,0.5,0.5,0.0,0.0,60141660.0
60141660.0,0.048139238632547716,0.1377146503360085,0.24686877942720659,0.25926239901693404,0.30801493258730317,60163622.0
60163622.0,0.06842143701702053,0.19020380364637307,0.3867835345314981,0.16487331252305898,0.18971791228204932,60173153.0
60173153.0,0.02065563394515336,0.23926872485752704,0.05192510909595178,0.6087878600943785,0.07936267200698936,60185794.0
60185794.0,0.0,0.5,0.5,0.0,0.0,60191051.0
60191051.0,0.027880898772549623,0.5992355941811539,0.0017502499095124755,0.3224778925656919,0.04865536457109196,60233132.0
60233132.0,0.03452133296698984,0.4604349020685325,0.0901401263885073,0.3901950779134121,0.02470856066255839,60244219.0
60244219.0,0.028062884380103195,0.46990421540104355,0.14884642220731262,0.22835099027558828,0.12483548773595232,60265949.0
60265949.0,0.3148738265437947,0.5,0.0,0.18512617345620533,0.0,60273261.0
60273261.0,0.028062884380103195,0.46990421540104355,0.14884642220731262,0.22835099027558828,0.12483548773595232,60288518.0
60288518.0,0.3148738265437947,0.5,0.0,0.18512617345620533,0.0,60292817.0
60292817.0,0.5856328390101497,0.04495039839288535,0.05930279364076172,0.09296727460141901,0.2171466943547841,60293315.0
60293315.0,0.12560444533536752,0.19669206473904083,0.004498009065017066,0.5525655766112548,0.12063990424931977,60306270.0
60306270.0,0.12276912018618748,0.19828813467654752,0.25772277394701076,0.20627551165794447,0.21494445953230976,60350652.0
60350652.0,0.017437579451649043,0.0916206069701632,0.07254927043760674,0.304492946335491,0.51389959680509,60352878.0
60352878.0,0.0,0.2807267473940829,0.0,0.7192732526059171,0.0,60389666.0
60389666.0,0.017437579451649043,0.0916206069701632,0.07254927043760674,0.304492946335491,0.51389959680509,60389847.0
60389847.0,0.0,0.2807267473940829,0.0,0.7192732526059171,0.0,60531445.0
60531445.0,0.2639776357827476,0.1385782747603834,0.2012779552715655,0.20087859424920126,0.19528753993610223,60532373.0
60532373.0,0.0,0.03958204801722214,0.0,0.17926779643218124,0.7811501555505966,60538260.0
60538260.0,0.0,0.5,0.0,0.5,0.0,60545025.0
60545025.0,0.0,0.2807267473940829,0.0,0.7192732526059171,0.0,60545455.0
60545455.0,0.0,0.03958204801722214,0.0,0.17926779643218124,0.7811501555505966,60550087.0
60550087.0,0.2801390221637448,0.13532428116385412,0.21321058107114726,0.16081552233290525,0.21051059326834856,60553155.0
60553155.0,0.03541043974897985,0.16906250718597687,0.10034700345799558,0.43617686857215365,0.25900318103489406,60665294.0
60665294.0,0.0410059434643389,0.25500581681388546,0.1546556643144557,0.3154875502392487,0.23384502516807132,60666256.0
60666256.0,0.00026846174198078124,0.014136301385645708,0.9567386534658633,0.0016079942187721664,0.027248589187738047,60689949.0
60689949.0,0.0,0.2807267473940829,0.0,0.7192732526059171,0.0,60761591.0
60761591.0,0.0035536815379035185,0.2558025027203482,0.055062568008705126,0.2441145266594124,0.44146672107363083,61010335.0
61010335.0,0.09007220028624222,0.2497191880480482,0.03167930754376203,0.6143611323528099,0.014168171769137613,61180772.0
61180772.0,0.27063782491533067,0.1464334021872477,0.22615365257782763,0.18561197848402555,0.17116314183556847,61180931.0
61180931.0,0.0,0.5335565985972952,0.0,0.4664434014027048,0.0,61318862.0
61318862.0,0.04861607091883589,0.12725515741682106,0.0015873456025610046,0.7578652485260778,0.0646761775357042,61349383.0
61349383.0,0.0621249144059092,0.13341236282208396,0.2646254918035266,0.23763444946688725,0.30220278150159313,61350053.0
61350053.0,0.04861607091883589,0.12725515741682106,0.0015873456025610046,0.7578652485260778,0.0646761775357042,61358046.0
61358046.0,0.8520209919400106,0.06190360710412591,0.00530384361767639,0.05019509643104322,0.030576460907143905,61358063.0
61358063.0,0.0,1.0,0.0,0.0,0.0,61718942.0
61718942.0,0.05786781018245067,0.17034861178633368,0.3329250197534177,0.23168724590489198,0.20717131237290598,61724703.0
61724703.0,0.0037990216290568917,0.331333269559997,0.00027312580610046945,0.4833050201710665,0.18128956283377923,61948643.0
61948643.0,0.01958578112060014,0.16323853753210485,0.007052413717329393,0.7664176489875039,0.04370561864246182,62058043.0
62058043.0,0.07554181359798372,0.15127720690393645,0.038404994661315535,0.7021875269125333,0.032588457924231075,62076768.0
62076768.0,0.3372990623351284,0.17048409748827256,0.12406114088751738,0.23655980068384885,0.1315958986052328,62077399.0
62077399.0,0.0259990747810027,0.15101685467193496,0.03372341269331339,0.7017778340038365,0.08748282384991246,62140095.0
62140095.0,0.0,0.11962881423034613,0.0,0.8422869531299076,0.038084232639746154,62189671.0
62189671.0,0.02007799341456383,0.22984183825723664,0.0,0.3101184063446783,0.4399617619835212,62198050.0
62198050.0,0.0,0.3109295800636037,0.00032561622871283907,0.5390875147884037,0.14965728891927974,62308266.0
62308266.0,0.9407556524339691,0.05833151595388418,7.63723659564966e-06,0.0,0.0009051943755510478,62308273.0
62308273.0,0.03027591347130814,0.0686789751115815,0.490289498066014,0.2369584917882104,0.17379712156288593,62347191.0
62347191.0,0.14189901770551558,0.10856154235846262,0.01062522104015523,0.4444571891020433,0.2944570297938233,62399641.0
62399641.0,0.0609302078350077,0.26536799021952906,0.014822941582947962,0.38247892414819534,0.27639993621431985,62577088.0
62577088.0,0.09643594353732834,0.1634631314426023,0.021464514351384387,0.34917749189524766,0.3694589187734372,62684440.0
62684440.0,0.0066140675455310565,0.06589915828500685,0.05682843707970712,0.0661535809529604,0.8045047561367946,62720322.0
62720322.0,0.005649466776097217,0.035210092280458086,0.7689588116492281,0.05680470709721296,0.13337692219700376,62720388.0
62720388.0,0.11238102728978183,0.0615329912414244,0.5697806390887025,0.0837602981841914,0.17254504419589983,62728344.0
62728344.0,0.027599371820412694,0.2618259620399777,0.02466493633736799,0.41718675428394697,0.26872297551829466,62762043.0
62762043.0,0.07252347547156139,0.08647220790578115,0.4968822611777309,0.16447890085225755,0.17964315459266914,62810217.0
62810217.0,0.024880265268886134,0.3325809293921739,0.01209531605298192,0.4088497497939872,0.22159373949197098,62878439.0
62878439.0,0.027209061026127135,0.08766177424772956,0.011252458250273946,0.14972044547599092,0.7241562609998784,63025522.0
