,Ne,length,sample_size,recombination_rate,mutation_rate,ancestral_state_error_param,tool,averaging,polytomies,rooting,metric,treedist_mean,treedist_se
0,5000,100000,16,1e-08,4.999999999999999e-09,0,ARGweaver,per site,retained,rooted,KC,15.809933937077837,0.18361503909298124
1,5000,100000,16,1e-08,4.999999999999999e-09,0,ARGweaver,per site,retained,rooted,RF,17.299678474576275,0.19438787362976168
3,5000,100000,16,1e-08,4.999999999999999e-09,0,ARGweaver,per site,retained,unrooted,RF,15.727499423728803,0.1919035062499931
4,5000,100000,16,1e-08,4.999999999999999e-09,0,ARGweaver,per site,retained,unrooted,SPR,4.128037497175141,0.0405817171509395
5,5000,100000,16,1e-08,4.999999999999999e-09,0,ARGweaver,per site,retained,unrooted,path,21.52679461599686,0.2207778257546615
7,5000,100000,16,1e-08,4.999999999999999e-09,0,RentPlus,per site,retained,rooted,KC,15.62100122298124,0.19251229286490465
8,5000,100000,16,1e-08,4.999999999999999e-09,0,RentPlus,per site,retained,rooted,RF,15.77332565000001,0.22535023710516625
9,5000,100000,16,1e-08,4.999999999999999e-09,0,RentPlus,per site,retained,unrooted,RF,14.012818050000007,0.2245285738654408
10,5000,100000,16,1e-08,4.999999999999999e-09,0,RentPlus,per site,retained,unrooted,SPR,3.7705300249999953,0.05344452585452224
11,5000,100000,16,1e-08,4.999999999999999e-09,0,RentPlus,per site,retained,unrooted,path,19.893822285928778,0.2354820824487066
12,5000,100000,16,1e-08,4.999999999999999e-09,0,fastARG,per site,retained,rooted,KC,16.906524542994358,0.21957859276621666
13,5000,100000,16,1e-08,4.999999999999999e-09,0,fastARG,per site,retained,rooted,RF,16.199268788678225,0.21891701430944047
15,5000,100000,16,1e-08,4.999999999999999e-09,0,fastARG,per site,retained,unrooted,RF,14.062481641946512,0.21566710885694512
16,5000,100000,16,1e-08,4.999999999999999e-09,0,fastARG,per site,retained,unrooted,SPR,3.7638105579280894,0.05088376063208138
17,5000,100000,16,1e-08,4.999999999999999e-09,0,fastARG,per site,retained,unrooted,path,20.197125103932347,0.25724037787448906
19,5000,100000,16,1e-08,4.999999999999999e-09,0,tsinfer,per site,broken,rooted,KC,16.49539390514699,0.22839586136885381
20,5000,100000,16,1e-08,4.999999999999999e-09,0,tsinfer,per site,broken,rooted,RF,16.74566998838372,0.19067860115558746
22,5000,100000,16,1e-08,4.999999999999999e-09,0,tsinfer,per site,broken,unrooted,RF,15.181443617661314,0.1838705676179153
23,5000,100000,16,1e-08,4.999999999999999e-09,0,tsinfer,per site,broken,unrooted,SPR,4.01615270368851,0.038331206459187625
24,5000,100000,16,1e-08,4.999999999999999e-09,0,tsinfer,per site,broken,unrooted,path,21.278209650156295,0.22051609393498453
26,5000,100000,16,1e-08,4.999999999999999e-09,0,tsinfer,per site,retained,rooted,KC,14.05757686061452,0.17145953737942893
30,5000,100000,16,1e-08,4.999999999999999e-09,0,tsinfer,per site,retained,unrooted,path,25.536275966179936,0.3410354101812084
32,5000,100000,16,1e-08,4.999999999999999e-09,0.01,ARGweaver,per site,retained,rooted,KC,15.800384090257099,0.17866880422576045
33,5000,100000,16,1e-08,4.999999999999999e-09,0.01,ARGweaver,per site,retained,rooted,RF,17.341936775956295,0.20056439860814873
35,5000,100000,16,1e-08,4.999999999999999e-09,0.01,ARGweaver,per site,retained,unrooted,RF,15.774439846994527,0.19659759582047365
36,5000,100000,16,1e-08,4.999999999999999e-09,0.01,ARGweaver,per site,retained,unrooted,SPR,4.131511666666667,0.041627233477714166
37,5000,100000,16,1e-08,4.999999999999999e-09,0.01,ARGweaver,per site,retained,unrooted,path,21.495817448519286,0.21926989949426026
39,5000,100000,16,1e-08,4.999999999999999e-09,0.01,RentPlus,per site,retained,rooted,KC,15.828175934244527,0.19884567412106022
40,5000,100000,16,1e-08,4.999999999999999e-09,0.01,RentPlus,per site,retained,rooted,RF,15.803189549999999,0.22726783185348381
41,5000,100000,16,1e-08,4.999999999999999e-09,0.01,RentPlus,per site,retained,unrooted,RF,14.018861550000004,0.2263129758496962
42,5000,100000,16,1e-08,4.999999999999999e-09,0.01,RentPlus,per site,retained,unrooted,SPR,3.7483680749999966,0.0548999115250941
43,5000,100000,16,1e-08,4.999999999999999e-09,0.01,RentPlus,per site,retained,unrooted,path,20.011657983215617,0.24285986151118782
44,5000,100000,16,1e-08,4.999999999999999e-09,0.01,fastARG,per site,retained,rooted,KC,16.80572974096101,0.21123002571505395
45,5000,100000,16,1e-08,4.999999999999999e-09,0.01,fastARG,per site,retained,rooted,RF,16.241711512378302,0.2250392022474735
47,5000,100000,16,1e-08,4.999999999999999e-09,0.01,fastARG,per site,retained,unrooted,RF,14.114519316715116,0.2243140671518371
48,5000,100000,16,1e-08,4.999999999999999e-09,0.01,fastARG,per site,retained,unrooted,SPR,3.766721992729525,0.053987380348185274
49,5000,100000,16,1e-08,4.999999999999999e-09,0.01,fastARG,per site,retained,unrooted,path,20.251232414794515,0.26767308264561024
51,5000,100000,16,1e-08,4.999999999999999e-09,0.01,tsinfer,per site,broken,rooted,KC,16.62641672877779,0.22808052463787734
52,5000,100000,16,1e-08,4.999999999999999e-09,0.01,tsinfer,per site,broken,rooted,RF,16.798703412470097,0.19679731457931313
54,5000,100000,16,1e-08,4.999999999999999e-09,0.01,tsinfer,per site,broken,unrooted,RF,15.210978572181341,0.190839252618581
55,5000,100000,16,1e-08,4.999999999999999e-09,0.01,tsinfer,per site,broken,unrooted,SPR,4.009095308876225,0.039565503796514544
56,5000,100000,16,1e-08,4.999999999999999e-09,0.01,tsinfer,per site,broken,unrooted,path,21.316940754226707,0.22175524382789322
58,5000,100000,16,1e-08,4.999999999999999e-09,0.01,tsinfer,per site,retained,rooted,KC,14.161674234832592,0.1736959089243124
62,5000,100000,16,1e-08,4.999999999999999e-09,0.01,tsinfer,per site,retained,unrooted,path,25.663815778160657,0.34715960261566275
64,5000,100000,16,1e-08,4.999999999999999e-09,0.02,ARGweaver,per site,retained,rooted,KC,15.845779627539477,0.18370593591378823
65,5000,100000,16,1e-08,4.999999999999999e-09,0.02,ARGweaver,per site,retained,rooted,RF,17.492676558659227,0.1977959007320986
67,5000,100000,16,1e-08,4.999999999999999e-09,0.02,ARGweaver,per site,retained,unrooted,RF,15.944803575418993,0.1945994132727248
68,5000,100000,16,1e-08,4.999999999999999e-09,0.02,ARGweaver,per site,retained,unrooted,SPR,4.175184368715084,0.04107466445280829
69,5000,100000,16,1e-08,4.999999999999999e-09,0.02,ARGweaver,per site,retained,unrooted,path,21.70077616481039,0.22463892370287983
71,5000,100000,16,1e-08,4.999999999999999e-09,0.02,RentPlus,per site,retained,rooted,KC,15.778936262042329,0.20728181787273842
72,5000,100000,16,1e-08,4.999999999999999e-09,0.02,RentPlus,per site,retained,rooted,RF,15.885996500000003,0.2306185201505418
73,5000,100000,16,1e-08,4.999999999999999e-09,0.02,RentPlus,per site,retained,unrooted,RF,14.123052400000004,0.23006197058718433
74,5000,100000,16,1e-08,4.999999999999999e-09,0.02,RentPlus,per site,retained,unrooted,SPR,3.7814003749999974,0.05287973024208853
75,5000,100000,16,1e-08,4.999999999999999e-09,0.02,RentPlus,per site,retained,unrooted,path,20.09297338388944,0.251789191126475
76,5000,100000,16,1e-08,4.999999999999999e-09,0.02,fastARG,per site,retained,rooted,KC,17.066982199905553,0.22868134669707374
77,5000,100000,16,1e-08,4.999999999999999e-09,0.02,fastARG,per site,retained,rooted,RF,16.422854767318302,0.22901155912078996
79,5000,100000,16,1e-08,4.999999999999999e-09,0.02,fastARG,per site,retained,unrooted,RF,14.260155907141604,0.223557413934529
80,5000,100000,16,1e-08,4.999999999999999e-09,0.02,fastARG,per site,retained,unrooted,SPR,3.8119225179196645,0.05183008927314246
81,5000,100000,16,1e-08,4.999999999999999e-09,0.02,fastARG,per site,retained,unrooted,path,20.28761428649814,0.25710226070007935
83,5000,100000,16,1e-08,4.999999999999999e-09,0.02,tsinfer,per site,broken,rooted,KC,16.71880886402316,0.23610578911688646
84,5000,100000,16,1e-08,4.999999999999999e-09,0.02,tsinfer,per site,broken,rooted,RF,16.913714419970848,0.2030324457583648
86,5000,100000,16,1e-08,4.999999999999999e-09,0.02,tsinfer,per site,broken,unrooted,RF,15.341918129449152,0.19556024396687388
87,5000,100000,16,1e-08,4.999999999999999e-09,0.02,tsinfer,per site,broken,unrooted,SPR,4.03323353491511,0.04069455324418603
88,5000,100000,16,1e-08,4.999999999999999e-09,0.02,tsinfer,per site,broken,unrooted,path,21.471824323261252,0.23121048657114399
90,5000,100000,16,1e-08,4.999999999999999e-09,0.02,tsinfer,per site,retained,rooted,KC,14.170382238267386,0.17312528541049008
94,5000,100000,16,1e-08,4.999999999999999e-09,0.02,tsinfer,per site,retained,unrooted,path,25.69835982559279,0.34107426300998883
96,5000,100000,16,1e-08,1.4898859031336945e-08,0,ARGweaver,per site,retained,rooted,KC,11.911106599668695,0.15888910644942408
97,5000,100000,16,1e-08,1.4898859031336945e-08,0,ARGweaver,per site,retained,rooted,RF,12.412801640718556,0.19151984916896703
99,5000,100000,16,1e-08,1.4898859031336945e-08,0,ARGweaver,per site,retained,unrooted,RF,11.241250155688622,0.1911511899003736
100,5000,100000,16,1e-08,1.4898859031336945e-08,0,ARGweaver,per site,retained,unrooted,SPR,3.228200508982037,0.04349417109014284
101,5000,100000,16,1e-08,1.4898859031336945e-08,0,ARGweaver,per site,retained,unrooted,path,16.70571375506918,0.20565416553059881
103,5000,100000,16,1e-08,1.4898859031336945e-08,0,RentPlus,per site,retained,rooted,KC,12.996758793730564,0.1511919736111808
104,5000,100000,16,1e-08,1.4898859031336945e-08,0,RentPlus,per site,retained,rooted,RF,12.023610650000009,0.16850093278294925
105,5000,100000,16,1e-08,1.4898859031336945e-08,0,RentPlus,per site,retained,unrooted,RF,10.47124065,0.17071558678497137
106,5000,100000,16,1e-08,1.4898859031336945e-08,0,RentPlus,per site,retained,unrooted,SPR,3.072912599999999,0.044969039557020286
107,5000,100000,16,1e-08,1.4898859031336945e-08,0,RentPlus,per site,retained,unrooted,path,16.407566987160045,0.18824779336895944
108,5000,100000,16,1e-08,1.4898859031336945e-08,0,fastARG,per site,retained,rooted,KC,15.01046521996837,0.1787987558041983
109,5000,100000,16,1e-08,1.4898859031336945e-08,0,fastARG,per site,retained,rooted,RF,13.4511682783105,0.20715944287350532
111,5000,100000,16,1e-08,1.4898859031336945e-08,0,fastARG,per site,retained,unrooted,RF,11.313763412641343,0.20290537316823942
112,5000,100000,16,1e-08,1.4898859031336945e-08,0,fastARG,per site,retained,unrooted,SPR,3.250102580560154,0.05251071062364392
113,5000,100000,16,1e-08,1.4898859031336945e-08,0,fastARG,per site,retained,unrooted,path,17.267424888586135,0.20999567078557563
115,5000,100000,16,1e-08,1.4898859031336945e-08,0,tsinfer,per site,broken,rooted,KC,12.251378807200886,0.1713397050177715
116,5000,100000,16,1e-08,1.4898859031336945e-08,0,tsinfer,per site,broken,rooted,RF,12.48757496389359,0.1894985737820879
118,5000,100000,16,1e-08,1.4898859031336945e-08,0,tsinfer,per site,broken,unrooted,RF,11.318091789287074,0.1856972347349634
119,5000,100000,16,1e-08,1.4898859031336945e-08,0,tsinfer,per site,broken,unrooted,SPR,3.2897681686084645,0.04171589729580098
120,5000,100000,16,1e-08,1.4898859031336945e-08,0,tsinfer,per site,broken,unrooted,path,16.79164186749624,0.1986572839825623
122,5000,100000,16,1e-08,1.4898859031336945e-08,0,tsinfer,per site,retained,rooted,KC,11.230764644702756,0.15054766407908896
126,5000,100000,16,1e-08,1.4898859031336945e-08,0,tsinfer,per site,retained,unrooted,SPR,2.636590159158644,0.16241717789558616
127,5000,100000,16,1e-08,1.4898859031336945e-08,0,tsinfer,per site,retained,unrooted,path,19.38098640605019,0.30785991030941795
129,5000,100000,16,1e-08,1.4898859031336945e-08,0.01,ARGweaver,per site,retained,rooted,KC,12.025767673514526,0.14618623362499808
130,5000,100000,16,1e-08,1.4898859031336945e-08,0.01,ARGweaver,per site,retained,rooted,RF,12.457569674157295,0.17375657909071662
132,5000,100000,16,1e-08,1.4898859031336945e-08,0.01,ARGweaver,per site,retained,unrooted,RF,11.262420516853924,0.1720037527229217
133,5000,100000,16,1e-08,1.4898859031336945e-08,0.01,ARGweaver,per site,retained,unrooted,SPR,3.2463920842696643,0.04157663994007283
134,5000,100000,16,1e-08,1.4898859031336945e-08,0.01,ARGweaver,per site,retained,unrooted,path,16.70554514631743,0.1786644051561579
136,5000,100000,16,1e-08,1.4898859031336945e-08,0.01,RentPlus,per site,retained,rooted,KC,12.896906034925564,0.14508761195217923
137,5000,100000,16,1e-08,1.4898859031336945e-08,0.01,RentPlus,per site,retained,rooted,RF,11.906697150000005,0.17106849680143146
138,5000,100000,16,1e-08,1.4898859031336945e-08,0.01,RentPlus,per site,retained,unrooted,RF,10.32378585,0.16959758193933586
139,5000,100000,16,1e-08,1.4898859031336945e-08,0.01,RentPlus,per site,retained,unrooted,SPR,3.0478166249999994,0.046437135129645035
140,5000,100000,16,1e-08,1.4898859031336945e-08,0.01,RentPlus,per site,retained,unrooted,path,16.145748617157224,0.168560503495141
141,5000,100000,16,1e-08,1.4898859031336945e-08,0.01,fastARG,per site,retained,rooted,KC,15.008719388667,0.1666254153250924
142,5000,100000,16,1e-08,1.4898859031336945e-08,0.01,fastARG,per site,retained,rooted,RF,13.391100803700317,0.2140157999776433
144,5000,100000,16,1e-08,1.4898859031336945e-08,0.01,fastARG,per site,retained,unrooted,RF,11.25992322649334,0.2061990478202046
145,5000,100000,16,1e-08,1.4898859031336945e-08,0.01,fastARG,per site,retained,unrooted,SPR,3.236935720540727,0.05364938370894442
146,5000,100000,16,1e-08,1.4898859031336945e-08,0.01,fastARG,per site,retained,unrooted,path,17.07127252349015,0.20146781695281257
148,5000,100000,16,1e-08,1.4898859031336945e-08,0.01,tsinfer,per site,broken,rooted,KC,12.124216499567131,0.16078058415255012
149,5000,100000,16,1e-08,1.4898859031336945e-08,0.01,tsinfer,per site,broken,rooted,RF,12.288087843807158,0.17454530815666594
151,5000,100000,16,1e-08,1.4898859031336945e-08,0.01,tsinfer,per site,broken,unrooted,RF,11.120694496143372,0.17045115148261197
152,5000,100000,16,1e-08,1.4898859031336945e-08,0.01,tsinfer,per site,broken,unrooted,SPR,3.2481267582555016,0.03937504756717924
153,5000,100000,16,1e-08,1.4898859031336945e-08,0.01,tsinfer,per site,broken,unrooted,path,16.587287483129426,0.18319429277585053
155,5000,100000,16,1e-08,1.4898859031336945e-08,0.01,tsinfer,per site,retained,rooted,KC,11.184411768534485,0.15264336286943594
159,5000,100000,16,1e-08,1.4898859031336945e-08,0.01,tsinfer,per site,retained,unrooted,SPR,2.67127870054901,0.15824481889362213
160,5000,100000,16,1e-08,1.4898859031336945e-08,0.01,tsinfer,per site,retained,unrooted,path,19.2304473192103,0.30435593177811543
162,5000,100000,16,1e-08,1.4898859031336945e-08,0.02,ARGweaver,per site,retained,rooted,KC,11.941334047019467,0.15300066144973698
163,5000,100000,16,1e-08,1.4898859031336945e-08,0.02,ARGweaver,per site,retained,rooted,RF,12.365429441340785,0.1668104905705797
165,5000,100000,16,1e-08,1.4898859031336945e-08,0.02,ARGweaver,per site,retained,unrooted,RF,11.168634335195527,0.16483127193572952
166,5000,100000,16,1e-08,1.4898859031336945e-08,0.02,ARGweaver,per site,retained,unrooted,SPR,3.239882877094974,0.03841433912359381
167,5000,100000,16,1e-08,1.4898859031336945e-08,0.02,ARGweaver,per site,retained,unrooted,path,16.62154640653052,0.18105682563297024
169,5000,100000,16,1e-08,1.4898859031336945e-08,0.02,RentPlus,per site,retained,rooted,KC,12.887291520270763,0.1443020122933404
170,5000,100000,16,1e-08,1.4898859031336945e-08,0.02,RentPlus,per site,retained,rooted,RF,11.847803650000005,0.16562687163801
171,5000,100000,16,1e-08,1.4898859031336945e-08,0.02,RentPlus,per site,retained,unrooted,RF,10.27421375,0.16475943162971562
172,5000,100000,16,1e-08,1.4898859031336945e-08,0.02,RentPlus,per site,retained,unrooted,SPR,3.0275571,0.04486368154552513
173,5000,100000,16,1e-08,1.4898859031336945e-08,0.02,RentPlus,per site,retained,unrooted,path,16.135142240311378,0.17264340809321022
174,5000,100000,16,1e-08,1.4898859031336945e-08,0.02,fastARG,per site,retained,rooted,KC,15.136492774900464,0.1748272919868424
175,5000,100000,16,1e-08,1.4898859031336945e-08,0.02,fastARG,per site,retained,rooted,RF,13.373404309036427,0.1983800491885824
177,5000,100000,16,1e-08,1.4898859031336945e-08,0.02,fastARG,per site,retained,unrooted,RF,11.182764728471575,0.19191279600169556
178,5000,100000,16,1e-08,1.4898859031336945e-08,0.02,fastARG,per site,retained,unrooted,SPR,3.2240517896363348,0.05054625791795198
179,5000,100000,16,1e-08,1.4898859031336945e-08,0.02,fastARG,per site,retained,unrooted,path,17.043099748185956,0.20122132230742862
181,5000,100000,16,1e-08,1.4898859031336945e-08,0.02,tsinfer,per site,broken,rooted,KC,12.128504778275623,0.16503111667315506
182,5000,100000,16,1e-08,1.4898859031336945e-08,0.02,tsinfer,per site,broken,rooted,RF,12.25161873073995,0.1702988404647778
184,5000,100000,16,1e-08,1.4898859031336945e-08,0.02,tsinfer,per site,broken,unrooted,RF,11.098131541543152,0.1670866683836682
185,5000,100000,16,1e-08,1.4898859031336945e-08,0.02,tsinfer,per site,broken,unrooted,SPR,3.2502741478052752,0.037737456652873334
186,5000,100000,16,1e-08,1.4898859031336945e-08,0.02,tsinfer,per site,broken,unrooted,path,16.591231337688832,0.18646331989018528
188,5000,100000,16,1e-08,1.4898859031336945e-08,0.02,tsinfer,per site,retained,rooted,KC,11.160396679324396,0.14943267891724565
192,5000,100000,16,1e-08,1.4898859031336945e-08,0.02,tsinfer,per site,retained,unrooted,SPR,2.5563760343905226,0.14359809800839357
193,5000,100000,16,1e-08,1.4898859031336945e-08,0.02,tsinfer,per site,retained,unrooted,path,19.227183423630613,0.29924687091871854
195,5000,100000,16,1e-08,4.439520008713e-08,0,ARGweaver,per site,retained,rooted,KC,8.762607906889027,0.12827967517786154
196,5000,100000,16,1e-08,4.439520008713e-08,0,ARGweaver,per site,retained,rooted,RF,7.775178902173918,0.1413209274606087
198,5000,100000,16,1e-08,4.439520008713e-08,0,ARGweaver,per site,retained,unrooted,RF,7.000002956521737,0.13872497169481934
199,5000,100000,16,1e-08,4.439520008713e-08,0,ARGweaver,per site,retained,unrooted,SPR,2.255274418478263,0.03677919552621508
200,5000,100000,16,1e-08,4.439520008713e-08,0,ARGweaver,per site,retained,unrooted,path,12.205752411711407,0.1655581940620064
202,5000,100000,16,1e-08,4.439520008713e-08,0,RentPlus,per site,retained,rooted,KC,10.826846561492552,0.09386533362346466
203,5000,100000,16,1e-08,4.439520008713e-08,0,RentPlus,per site,retained,rooted,RF,8.794513900000004,0.1354957362036006
204,5000,100000,16,1e-08,4.439520008713e-08,0,RentPlus,per site,retained,unrooted,RF,7.506922350000004,0.13997249073036167
205,5000,100000,16,1e-08,4.439520008713e-08,0,RentPlus,per site,retained,unrooted,SPR,2.3680177000000007,0.03962453517725623
206,5000,100000,16,1e-08,4.439520008713e-08,0,RentPlus,per site,retained,unrooted,path,13.277746506269938,0.15644490187898774
207,5000,100000,16,1e-08,4.439520008713e-08,0,fastARG,per site,retained,rooted,KC,14.62735171228632,0.1632791791388669
208,5000,100000,16,1e-08,4.439520008713e-08,0,fastARG,per site,retained,rooted,RF,11.43295969526383,0.20957605638191545
210,5000,100000,16,1e-08,4.439520008713e-08,0,fastARG,per site,retained,unrooted,RF,9.10191047936345,0.20505747788959502
211,5000,100000,16,1e-08,4.439520008713e-08,0,fastARG,per site,retained,unrooted,SPR,2.7624550078492636,0.053168367282224294
212,5000,100000,16,1e-08,4.439520008713e-08,0,fastARG,per site,retained,unrooted,path,14.924123315383166,0.23409083725162497
214,5000,100000,16,1e-08,4.439520008713e-08,0,tsinfer,per site,broken,rooted,KC,9.200125982727599,0.14364366117535232
215,5000,100000,16,1e-08,4.439520008713e-08,0,tsinfer,per site,broken,rooted,RF,8.41601960895497,0.15371151392075758
217,5000,100000,16,1e-08,4.439520008713e-08,0,tsinfer,per site,broken,unrooted,RF,7.6806950272345285,0.15037022474650416
218,5000,100000,16,1e-08,4.439520008713e-08,0,tsinfer,per site,broken,unrooted,SPR,2.4170460447846556,0.03921772014819646
219,5000,100000,16,1e-08,4.439520008713e-08,0,tsinfer,per site,broken,unrooted,path,13.222510927944093,0.1765260059626491
221,5000,100000,16,1e-08,4.439520008713e-08,0,tsinfer,per site,retained,rooted,KC,8.686460662184599,0.12426869848090823
225,5000,100000,16,1e-08,4.439520008713e-08,0,tsinfer,per site,retained,unrooted,SPR,1.9814176795199165,0.0648975624591494
226,5000,100000,16,1e-08,4.439520008713e-08,0,tsinfer,per site,retained,unrooted,path,14.209513625866721,0.19437370103922066
228,5000,100000,16,1e-08,4.439520008713e-08,0.01,ARGweaver,per site,retained,rooted,KC,8.800866881477313,0.13094688889056616
229,5000,100000,16,1e-08,4.439520008713e-08,0.01,ARGweaver,per site,retained,rooted,RF,7.805434323699427,0.14927004498630825
231,5000,100000,16,1e-08,4.439520008713e-08,0.01,ARGweaver,per site,retained,unrooted,RF,7.012070728323694,0.14804660771629294
232,5000,100000,16,1e-08,4.439520008713e-08,0.01,ARGweaver,per site,retained,unrooted,SPR,2.260164485549134,0.041080319673623134
233,5000,100000,16,1e-08,4.439520008713e-08,0.01,ARGweaver,per site,retained,unrooted,path,12.199264860489626,0.1752891046109662
235,5000,100000,16,1e-08,4.439520008713e-08,0.01,RentPlus,per site,retained,rooted,KC,10.736894211966987,0.08960852910027069
236,5000,100000,16,1e-08,4.439520008713e-08,0.01,RentPlus,per site,retained,rooted,RF,8.768445400000003,0.13817696361440893
237,5000,100000,16,1e-08,4.439520008713e-08,0.01,RentPlus,per site,retained,unrooted,RF,7.4839768499999995,0.1433396356230741
238,5000,100000,16,1e-08,4.439520008713e-08,0.01,RentPlus,per site,retained,unrooted,SPR,2.3646476999999977,0.040206714878505134
239,5000,100000,16,1e-08,4.439520008713e-08,0.01,RentPlus,per site,retained,unrooted,path,13.193050207890282,0.15757591297403037
240,5000,100000,16,1e-08,4.439520008713e-08,0.01,fastARG,per site,retained,rooted,KC,14.395064370841858,0.16381127019638045
241,5000,100000,16,1e-08,4.439520008713e-08,0.01,fastARG,per site,retained,rooted,RF,11.385434674415473,0.20820585637687652
243,5000,100000,16,1e-08,4.439520008713e-08,0.01,fastARG,per site,retained,unrooted,RF,9.10461530883261,0.2042334498206772
244,5000,100000,16,1e-08,4.439520008713e-08,0.01,fastARG,per site,retained,unrooted,SPR,2.7861943973655965,0.0545310090728561
245,5000,100000,16,1e-08,4.439520008713e-08,0.01,fastARG,per site,retained,unrooted,path,14.871079288466467,0.22647889711722977
247,5000,100000,16,1e-08,4.439520008713e-08,0.01,tsinfer,per site,broken,rooted,KC,9.127753847242671,0.1368653867933824
248,5000,100000,16,1e-08,4.439520008713e-08,0.01,tsinfer,per site,broken,rooted,RF,8.427685171484818,0.1543536843130557
250,5000,100000,16,1e-08,4.439520008713e-08,0.01,tsinfer,per site,broken,unrooted,RF,7.693010952581794,0.15085528137721352
251,5000,100000,16,1e-08,4.439520008713e-08,0.01,tsinfer,per site,broken,unrooted,SPR,2.436563593834761,0.0397053405333299
252,5000,100000,16,1e-08,4.439520008713e-08,0.01,tsinfer,per site,broken,unrooted,path,13.175361609257983,0.1737274746762042
254,5000,100000,16,1e-08,4.439520008713e-08,0.01,tsinfer,per site,retained,rooted,KC,8.636950923885768,0.12007867195902204
258,5000,100000,16,1e-08,4.439520008713e-08,0.01,tsinfer,per site,retained,unrooted,SPR,1.9588072126616216,0.06198610426819628
259,5000,100000,16,1e-08,4.439520008713e-08,0.01,tsinfer,per site,retained,unrooted,path,14.194387426209722,0.19420010956472633
261,5000,100000,16,1e-08,4.439520008713e-08,0.02,ARGweaver,per site,retained,rooted,KC,8.777855204783403,0.13012037693928574
262,5000,100000,16,1e-08,4.439520008713e-08,0.02,ARGweaver,per site,retained,rooted,RF,7.673858156424585,0.13503556719264823
264,5000,100000,16,1e-08,4.439520008713e-08,0.02,ARGweaver,per site,retained,unrooted,RF,6.89294886033519,0.1331608828194108
265,5000,100000,16,1e-08,4.439520008713e-08,0.02,ARGweaver,per site,retained,unrooted,SPR,2.2209006703910634,0.03594319598536357
266,5000,100000,16,1e-08,4.439520008713e-08,0.02,ARGweaver,per site,retained,unrooted,path,12.130811677365017,0.1633806965632608
268,5000,100000,16,1e-08,4.439520008713e-08,0.02,RentPlus,per site,retained,rooted,KC,10.818008578973467,0.09087313788978311
269,5000,100000,16,1e-08,4.439520008713e-08,0.02,RentPlus,per site,retained,rooted,RF,8.850324950000001,0.1373231842251286
270,5000,100000,16,1e-08,4.439520008713e-08,0.02,RentPlus,per site,retained,unrooted,RF,7.5716919000000065,0.14225109051660292
271,5000,100000,16,1e-08,4.439520008713e-08,0.02,RentPlus,per site,retained,unrooted,SPR,2.3860660250000008,0.039861046401502495
272,5000,100000,16,1e-08,4.439520008713e-08,0.02,RentPlus,per site,retained,unrooted,path,13.343907995612549,0.16449904653680253
273,5000,100000,16,1e-08,4.439520008713e-08,0.02,fastARG,per site,retained,rooted,KC,14.501374059355436,0.16239774470154944
274,5000,100000,16,1e-08,4.439520008713e-08,0.02,fastARG,per site,retained,rooted,RF,11.378826336870059,0.20682747579775876
276,5000,100000,16,1e-08,4.439520008713e-08,0.02,fastARG,per site,retained,unrooted,RF,9.066968112947295,0.2042994619008618
277,5000,100000,16,1e-08,4.439520008713e-08,0.02,fastARG,per site,retained,unrooted,SPR,2.7540543199950225,0.052873806543867356
278,5000,100000,16,1e-08,4.439520008713e-08,0.02,fastARG,per site,retained,unrooted,path,14.861827887262288,0.22934222093784518
280,5000,100000,16,1e-08,4.439520008713e-08,0.02,tsinfer,per site,broken,rooted,KC,9.205385942309142,0.13975106145950333
281,5000,100000,16,1e-08,4.439520008713e-08,0.02,tsinfer,per site,broken,rooted,RF,8.440852974265812,0.15582234603687922
283,5000,100000,16,1e-08,4.439520008713e-08,0.02,tsinfer,per site,broken,unrooted,RF,7.702183226633975,0.15127289470059632
284,5000,100000,16,1e-08,4.439520008713e-08,0.02,tsinfer,per site,broken,unrooted,SPR,2.432962481141892,0.03989681811789786
285,5000,100000,16,1e-08,4.439520008713e-08,0.02,tsinfer,per site,broken,unrooted,path,13.227416220649273,0.17591341639861763
287,5000,100000,16,1e-08,4.439520008713e-08,0.02,tsinfer,per site,retained,rooted,KC,8.730587810726522,0.12221605810633102
291,5000,100000,16,1e-08,4.439520008713e-08,0.02,tsinfer,per site,retained,unrooted,SPR,2.027874102052318,0.05713024860852244
292,5000,100000,16,1e-08,4.439520008713e-08,0.02,tsinfer,per site,retained,unrooted,path,14.184983536155295,0.1916126839465824
294,5000,100000,16,1e-08,1.3228756555322952e-07,0,ARGweaver,per site,retained,rooted,KC,5.973584660840944,0.10148017792630931
295,5000,100000,16,1e-08,1.3228756555322952e-07,0,ARGweaver,per site,retained,rooted,RF,4.176601868852461,0.10090939706839637
297,5000,100000,16,1e-08,1.3228756555322952e-07,0,ARGweaver,per site,retained,unrooted,RF,3.6348765683060082,0.10183467279809087
298,5000,100000,16,1e-08,1.3228756555322952e-07,0,ARGweaver,per site,retained,unrooted,SPR,1.3211770273224037,0.03416229492612687
299,5000,100000,16,1e-08,1.3228756555322952e-07,0,ARGweaver,per site,retained,unrooted,path,7.682134364483511,0.15182229029957459
301,5000,100000,16,1e-08,1.3228756555322952e-07,0,RentPlus,per site,retained,rooted,KC,9.199314262540078,0.08415221222028328
302,5000,100000,16,1e-08,1.3228756555322952e-07,0,RentPlus,per site,retained,rooted,RF,6.586141700000001,0.13692527027080947
303,5000,100000,16,1e-08,1.3228756555322952e-07,0,RentPlus,per site,retained,unrooted,RF,5.431768399999999,0.14499649914736612
304,5000,100000,16,1e-08,1.3228756555322952e-07,0,RentPlus,per site,retained,unrooted,SPR,1.7968750499999997,0.04378432061022511
305,5000,100000,16,1e-08,1.3228756555322952e-07,0,RentPlus,per site,retained,unrooted,path,10.479417281288306,0.1900580885036954
306,5000,100000,16,1e-08,1.3228756555322952e-07,0,fastARG,per site,retained,rooted,KC,13.866100759603786,0.18507326269380756
307,5000,100000,16,1e-08,1.3228756555322952e-07,0,fastARG,per site,retained,rooted,RF,10.06927236104086,0.2585523171679257
309,5000,100000,16,1e-08,1.3228756555322952e-07,0,fastARG,per site,retained,unrooted,RF,7.645708356367295,0.2592393554486817
310,5000,100000,16,1e-08,1.3228756555322952e-07,0,fastARG,per site,retained,unrooted,SPR,2.352467814388861,0.06763801981709013
311,5000,100000,16,1e-08,1.3228756555322952e-07,0,fastARG,per site,retained,unrooted,path,12.961518610008477,0.3029939565502649
313,5000,100000,16,1e-08,1.3228756555322952e-07,0,tsinfer,per site,broken,rooted,KC,6.75525556363203,0.11090326312878408
314,5000,100000,16,1e-08,1.3228756555322952e-07,0,tsinfer,per site,broken,rooted,RF,5.887287173715707,0.14220517208219907
316,5000,100000,16,1e-08,1.3228756555322952e-07,0,tsinfer,per site,broken,unrooted,RF,5.418146209881686,0.13683880536290946
317,5000,100000,16,1e-08,1.3228756555322952e-07,0,tsinfer,per site,broken,unrooted,SPR,1.804677502237786,0.0394312728552733
318,5000,100000,16,1e-08,1.3228756555322952e-07,0,tsinfer,per site,broken,unrooted,path,10.2367875351955,0.17531807432194535
320,5000,100000,16,1e-08,1.3228756555322952e-07,0,tsinfer,per site,retained,rooted,KC,6.566770835923091,0.10314837356622497
324,5000,100000,16,1e-08,1.3228756555322952e-07,0,tsinfer,per site,retained,unrooted,SPR,1.5496824704318524,0.049849819328384504
325,5000,100000,16,1e-08,1.3228756555322952e-07,0,tsinfer,per site,retained,unrooted,path,10.95171075506226,0.188401547329224
327,5000,100000,16,1e-08,1.3228756555322952e-07,0.01,ARGweaver,per site,retained,rooted,KC,6.071430871530101,0.10418002836319952
328,5000,100000,16,1e-08,1.3228756555322952e-07,0.01,ARGweaver,per site,retained,rooted,RF,4.253123226519337,0.09900451895827765
330,5000,100000,16,1e-08,1.3228756555322952e-07,0.01,ARGweaver,per site,retained,unrooted,RF,3.693172419889503,0.09992827158294998
331,5000,100000,16,1e-08,1.3228756555322952e-07,0.01,ARGweaver,per site,retained,unrooted,SPR,1.3346050883977898,0.03274854427414238
332,5000,100000,16,1e-08,1.3228756555322952e-07,0.01,ARGweaver,per site,retained,unrooted,path,7.763320607581716,0.1494848461104391
334,5000,100000,16,1e-08,1.3228756555322952e-07,0.01,RentPlus,per site,retained,rooted,KC,9.213702650689811,0.08072216130010937
335,5000,100000,16,1e-08,1.3228756555322952e-07,0.01,RentPlus,per site,retained,rooted,RF,6.716911449999997,0.13862467050795535
336,5000,100000,16,1e-08,1.3228756555322952e-07,0.01,RentPlus,per site,retained,unrooted,RF,5.568442,0.14680878076882578
337,5000,100000,16,1e-08,1.3228756555322952e-07,0.01,RentPlus,per site,retained,unrooted,SPR,1.8313388749999993,0.0439815402669325
338,5000,100000,16,1e-08,1.3228756555322952e-07,0.01,RentPlus,per site,retained,unrooted,path,10.59760501438258,0.18980229050976538
339,5000,100000,16,1e-08,1.3228756555322952e-07,0.01,fastARG,per site,retained,rooted,KC,13.66866960618779,0.16667958765713148
340,5000,100000,16,1e-08,1.3228756555322952e-07,0.01,fastARG,per site,retained,rooted,RF,10.160043834910377,0.25938193417248484
342,5000,100000,16,1e-08,1.3228756555322952e-07,0.01,fastARG,per site,retained,unrooted,RF,7.781434817205447,0.2622215179783146
343,5000,100000,16,1e-08,1.3228756555322952e-07,0.01,fastARG,per site,retained,unrooted,SPR,2.3869661448327246,0.0684165290264198
344,5000,100000,16,1e-08,1.3228756555322952e-07,0.01,fastARG,per site,retained,unrooted,path,13.048301255873325,0.3048527179093064
346,5000,100000,16,1e-08,1.3228756555322952e-07,0.01,tsinfer,per site,broken,rooted,KC,6.825304498894797,0.1152400783541779
347,5000,100000,16,1e-08,1.3228756555322952e-07,0.01,tsinfer,per site,broken,rooted,RF,6.009498095278335,0.14825981373914096
349,5000,100000,16,1e-08,1.3228756555322952e-07,0.01,tsinfer,per site,broken,unrooted,RF,5.537210187946514,0.14230447247301808
350,5000,100000,16,1e-08,1.3228756555322952e-07,0.01,tsinfer,per site,broken,unrooted,SPR,1.832848040176418,0.040378425073714044
351,5000,100000,16,1e-08,1.3228756555322952e-07,0.01,tsinfer,per site,broken,unrooted,path,10.390031184325364,0.18340817425123532
353,5000,100000,16,1e-08,1.3228756555322952e-07,0.01,tsinfer,per site,retained,rooted,KC,6.621935734002358,0.10531550909457674
357,5000,100000,16,1e-08,1.3228756555322952e-07,0.01,tsinfer,per site,retained,unrooted,SPR,1.5929022426531525,0.04909628184475611
358,5000,100000,16,1e-08,1.3228756555322952e-07,0.01,tsinfer,per site,retained,unrooted,path,11.07201958279039,0.19373875141805702
360,5000,100000,16,1e-08,1.3228756555322952e-07,0.02,ARGweaver,per site,retained,rooted,KC,5.932557174186102,0.1025746272109725
361,5000,100000,16,1e-08,1.3228756555322952e-07,0.02,ARGweaver,per site,retained,rooted,RF,4.1098845762711855,0.10420207553510939
363,5000,100000,16,1e-08,1.3228756555322952e-07,0.02,ARGweaver,per site,retained,unrooted,RF,3.578493638418079,0.10605549083344645
364,5000,100000,16,1e-08,1.3228756555322952e-07,0.02,ARGweaver,per site,retained,unrooted,SPR,1.2944198870056496,0.03481637955458738
365,5000,100000,16,1e-08,1.3228756555322952e-07,0.02,ARGweaver,per site,retained,unrooted,path,7.581651156389189,0.15674360950589838
367,5000,100000,16,1e-08,1.3228756555322952e-07,0.02,RentPlus,per site,retained,rooted,KC,9.206460449675214,0.08315525723759781
368,5000,100000,16,1e-08,1.3228756555322952e-07,0.02,RentPlus,per site,retained,rooted,RF,6.660015749999998,0.14364624944494786
369,5000,100000,16,1e-08,1.3228756555322952e-07,0.02,RentPlus,per site,retained,unrooted,RF,5.515791549999999,0.15165825139547184
370,5000,100000,16,1e-08,1.3228756555322952e-07,0.02,RentPlus,per site,retained,unrooted,SPR,1.820827825,0.04595779090443809
371,5000,100000,16,1e-08,1.3228756555322952e-07,0.02,RentPlus,per site,retained,unrooted,path,10.537561156092249,0.19174432071614964
372,5000,100000,16,1e-08,1.3228756555322952e-07,0.02,fastARG,per site,retained,rooted,KC,13.895698025665231,0.18300820487975938
373,5000,100000,16,1e-08,1.3228756555322952e-07,0.02,fastARG,per site,retained,rooted,RF,10.234119834704563,0.2696308575036062
375,5000,100000,16,1e-08,1.3228756555322952e-07,0.02,fastARG,per site,retained,unrooted,RF,7.807697050063919,0.2684999452184049
376,5000,100000,16,1e-08,1.3228756555322952e-07,0.02,fastARG,per site,retained,unrooted,SPR,2.381922040675018,0.06880695417370239
377,5000,100000,16,1e-08,1.3228756555322952e-07,0.02,fastARG,per site,retained,unrooted,path,13.09059194584736,0.31159674916142527
379,5000,100000,16,1e-08,1.3228756555322952e-07,0.02,tsinfer,per site,broken,rooted,KC,6.797645240433378,0.11225216237709662
380,5000,100000,16,1e-08,1.3228756555322952e-07,0.02,tsinfer,per site,broken,rooted,RF,5.968438126485311,0.1498210372267089
382,5000,100000,16,1e-08,1.3228756555322952e-07,0.02,tsinfer,per site,broken,unrooted,RF,5.495360631263917,0.14427308244632353
383,5000,100000,16,1e-08,1.3228756555322952e-07,0.02,tsinfer,per site,broken,unrooted,SPR,1.824560749235132,0.041076399379988277
384,5000,100000,16,1e-08,1.3228756555322952e-07,0.02,tsinfer,per site,broken,unrooted,path,10.339645045967174,0.18350333383788436
386,5000,100000,16,1e-08,1.3228756555322952e-07,0.02,tsinfer,per site,retained,rooted,KC,6.596287012568398,0.10258215877719207
390,5000,100000,16,1e-08,1.3228756555322952e-07,0.02,tsinfer,per site,retained,unrooted,SPR,1.563822409629262,0.05025959645726526
391,5000,100000,16,1e-08,1.3228756555322952e-07,0.02,tsinfer,per site,retained,unrooted,path,11.100563555566689,0.20221588851362546
393,5000,100000,16,1e-08,3.941867581552624e-07,0,ARGweaver,per site,retained,rooted,KC,4.069499339380483,0.12009288106022235
394,5000,100000,16,1e-08,3.941867581552624e-07,0,ARGweaver,per site,retained,rooted,RF,2.016560295081966,0.07602778435503138
396,5000,100000,16,1e-08,3.941867581552624e-07,0,ARGweaver,per site,retained,unrooted,RF,1.590310666666667,0.07133674946661574
397,5000,100000,16,1e-08,3.941867581552624e-07,0,ARGweaver,per site,retained,unrooted,SPR,0.630353049180328,0.027987483287081876
398,5000,100000,16,1e-08,3.941867581552624e-07,0,ARGweaver,per site,retained,unrooted,path,3.915867858353279,0.14769530330409436
400,5000,100000,16,1e-08,3.941867581552624e-07,0,RentPlus,per site,retained,rooted,KC,8.113557358070961,0.08008761968613896
401,5000,100000,16,1e-08,3.941867581552624e-07,0,RentPlus,per site,retained,rooted,RF,5.015597300000001,0.13800261780886272
402,5000,100000,16,1e-08,3.941867581552624e-07,0,RentPlus,per site,retained,unrooted,RF,3.8719341499999986,0.15015935739775563
403,5000,100000,16,1e-08,3.941867581552624e-07,0,RentPlus,per site,retained,unrooted,SPR,1.3011450249999996,0.04666132821535385
404,5000,100000,16,1e-08,3.941867581552624e-07,0,RentPlus,per site,retained,unrooted,path,7.848981488809283,0.2360853943326678
405,5000,100000,16,1e-08,3.941867581552624e-07,0,fastARG,per site,retained,rooted,KC,12.944485923343432,0.18545548668944098
406,5000,100000,16,1e-08,3.941867581552624e-07,0,fastARG,per site,retained,rooted,RF,8.634611251282777,0.29488222010603626
408,5000,100000,16,1e-08,3.941867581552624e-07,0,fastARG,per site,retained,unrooted,RF,6.192803212186385,0.29294033775666534
409,5000,100000,16,1e-08,3.941867581552624e-07,0,fastARG,per site,retained,unrooted,SPR,1.9311960015423049,0.08114217291996452
410,5000,100000,16,1e-08,3.941867581552624e-07,0,fastARG,per site,retained,unrooted,path,10.611967526094132,0.3838407319823151
412,5000,100000,16,1e-08,3.941867581552624e-07,0,tsinfer,per site,broken,rooted,KC,4.714224445044621,0.12812933351161146
413,5000,100000,16,1e-08,3.941867581552624e-07,0,tsinfer,per site,broken,rooted,RF,3.937634776856486,0.14938228924616917
415,5000,100000,16,1e-08,3.941867581552624e-07,0,tsinfer,per site,broken,unrooted,RF,3.622840636233354,0.1422600157226261
416,5000,100000,16,1e-08,3.941867581552624e-07,0,tsinfer,per site,broken,unrooted,SPR,1.2646676164218515,0.044885566324314265
417,5000,100000,16,1e-08,3.941867581552624e-07,0,tsinfer,per site,broken,unrooted,path,7.3750048457404604,0.2227294646795888
419,5000,100000,16,1e-08,3.941867581552624e-07,0,tsinfer,per site,retained,rooted,KC,4.560127601773464,0.11972951827584541
423,5000,100000,16,1e-08,3.941867581552624e-07,0,tsinfer,per site,retained,unrooted,SPR,1.0189299833088936,0.038158256511697033
424,5000,100000,16,1e-08,3.941867581552624e-07,0,tsinfer,per site,retained,unrooted,path,7.800279165558928,0.23832166520552903
426,5000,100000,16,1e-08,3.941867581552624e-07,0.01,ARGweaver,per site,retained,rooted,KC,4.0460773019870855,0.11806971372413043
427,5000,100000,16,1e-08,3.941867581552624e-07,0.01,ARGweaver,per site,retained,rooted,RF,2.024108918032786,0.07092001141534399
429,5000,100000,16,1e-08,3.941867581552624e-07,0.01,ARGweaver,per site,retained,unrooted,RF,1.599413081967213,0.06841715472547724
430,5000,100000,16,1e-08,3.941867581552624e-07,0.01,ARGweaver,per site,retained,unrooted,SPR,0.6345399289617487,0.026900821990556562
431,5000,100000,16,1e-08,3.941867581552624e-07,0.01,ARGweaver,per site,retained,unrooted,path,3.944034077120764,0.14687900696414977
433,5000,100000,16,1e-08,3.941867581552624e-07,0.01,RentPlus,per site,retained,rooted,KC,8.08468729689208,0.0782600500866151
434,5000,100000,16,1e-08,3.941867581552624e-07,0.01,RentPlus,per site,retained,rooted,RF,5.014636949999999,0.13772771805708556
435,5000,100000,16,1e-08,3.941867581552624e-07,0.01,RentPlus,per site,retained,unrooted,RF,3.8801794999999992,0.15008385756808204
436,5000,100000,16,1e-08,3.941867581552624e-07,0.01,RentPlus,per site,retained,unrooted,SPR,1.3050165500000006,0.04674020469750922
437,5000,100000,16,1e-08,3.941867581552624e-07,0.01,RentPlus,per site,retained,unrooted,path,7.843909154342278,0.23621661362617627
438,5000,100000,16,1e-08,3.941867581552624e-07,0.01,fastARG,per site,retained,rooted,KC,13.051702462788136,0.18712133636737996
439,5000,100000,16,1e-08,3.941867581552624e-07,0.01,fastARG,per site,retained,rooted,RF,8.80772628653614,0.3059540483157026
441,5000,100000,16,1e-08,3.941867581552624e-07,0.01,fastARG,per site,retained,unrooted,RF,6.336577675707356,0.30194582056658237
442,5000,100000,16,1e-08,3.941867581552624e-07,0.01,fastARG,per site,retained,unrooted,SPR,1.967479558004316,0.08384452541609327
443,5000,100000,16,1e-08,3.941867581552624e-07,0.01,fastARG,per site,retained,unrooted,path,10.727731803671695,0.3914302254432354
445,5000,100000,16,1e-08,3.941867581552624e-07,0.01,tsinfer,per site,broken,rooted,KC,4.702275602512462,0.12838229928168876
446,5000,100000,16,1e-08,3.941867581552624e-07,0.01,tsinfer,per site,broken,rooted,RF,3.9017350497764887,0.14803041191067615
448,5000,100000,16,1e-08,3.941867581552624e-07,0.01,tsinfer,per site,broken,unrooted,RF,3.584726292827631,0.14056648410154676
449,5000,100000,16,1e-08,3.941867581552624e-07,0.01,tsinfer,per site,broken,unrooted,SPR,1.2469514742423946,0.0439019281287443
450,5000,100000,16,1e-08,3.941867581552624e-07,0.01,tsinfer,per site,broken,unrooted,path,7.317919137734503,0.21970001756550006
452,5000,100000,16,1e-08,3.941867581552624e-07,0.01,tsinfer,per site,retained,rooted,KC,4.540959743008503,0.11927795977610647
456,5000,100000,16,1e-08,3.941867581552624e-07,0.01,tsinfer,per site,retained,unrooted,SPR,1.0180977133768203,0.03849403946507291
457,5000,100000,16,1e-08,3.941867581552624e-07,0.01,tsinfer,per site,retained,unrooted,path,7.74986884394988,0.2358848816659719
459,5000,100000,16,1e-08,3.941867581552624e-07,0.02,ARGweaver,per site,retained,rooted,KC,4.033572652986711,0.12184404291503068
460,5000,100000,16,1e-08,3.941867581552624e-07,0.02,ARGweaver,per site,retained,rooted,RF,2.0267338999999986,0.07581179563899347
462,5000,100000,16,1e-08,3.941867581552624e-07,0.02,ARGweaver,per site,retained,unrooted,RF,1.607167966666667,0.07127853124758904
463,5000,100000,16,1e-08,3.941867581552624e-07,0.02,ARGweaver,per site,retained,unrooted,SPR,0.635078611111111,0.027523942793562736
464,5000,100000,16,1e-08,3.941867581552624e-07,0.02,ARGweaver,per site,retained,unrooted,path,3.995995574781402,0.15216253216067085
466,5000,100000,16,1e-08,3.941867581552624e-07,0.02,RentPlus,per site,retained,rooted,KC,8.124672904888085,0.08198454074778232
467,5000,100000,16,1e-08,3.941867581552624e-07,0.02,RentPlus,per site,retained,rooted,RF,5.014194549999998,0.13764969094593543
468,5000,100000,16,1e-08,3.941867581552624e-07,0.02,RentPlus,per site,retained,unrooted,RF,3.878182249999997,0.1499350230409279
469,5000,100000,16,1e-08,3.941867581552624e-07,0.02,RentPlus,per site,retained,unrooted,SPR,1.3104695500000012,0.04698284326302663
470,5000,100000,16,1e-08,3.941867581552624e-07,0.02,RentPlus,per site,retained,unrooted,path,7.902413761466924,0.23805879887158057
471,5000,100000,16,1e-08,3.941867581552624e-07,0.02,fastARG,per site,retained,rooted,KC,12.989616282582036,0.19842816478214576
472,5000,100000,16,1e-08,3.941867581552624e-07,0.02,fastARG,per site,retained,rooted,RF,8.850816652811305,0.310003263852505
474,5000,100000,16,1e-08,3.941867581552624e-07,0.02,fastARG,per site,retained,unrooted,RF,6.403973462718534,0.3068118202987957
475,5000,100000,16,1e-08,3.941867581552624e-07,0.02,fastARG,per site,retained,unrooted,SPR,1.993105597135241,0.08557154634853761
476,5000,100000,16,1e-08,3.941867581552624e-07,0.02,fastARG,per site,retained,unrooted,path,10.799329545908808,0.3954250793799444
478,5000,100000,16,1e-08,3.941867581552624e-07,0.02,tsinfer,per site,broken,rooted,KC,4.724152765259338,0.13034780063549503
479,5000,100000,16,1e-08,3.941867581552624e-07,0.02,tsinfer,per site,broken,rooted,RF,3.9407249604233128,0.15149407801167694
481,5000,100000,16,1e-08,3.941867581552624e-07,0.02,tsinfer,per site,broken,unrooted,RF,3.630471176968878,0.14460521551780148
482,5000,100000,16,1e-08,3.941867581552624e-07,0.02,tsinfer,per site,broken,unrooted,SPR,1.2662417067015055,0.0454923952679562
483,5000,100000,16,1e-08,3.941867581552624e-07,0.02,tsinfer,per site,broken,unrooted,path,7.36831839837048,0.22351192366304518
485,5000,100000,16,1e-08,3.941867581552624e-07,0.02,tsinfer,per site,retained,rooted,KC,4.572559324990865,0.12263381829405742
489,5000,100000,16,1e-08,3.941867581552624e-07,0.02,tsinfer,per site,retained,unrooted,SPR,1.0331989908220156,0.0397426613310351
490,5000,100000,16,1e-08,3.941867581552624e-07,0.02,tsinfer,per site,retained,unrooted,path,7.808452466472654,0.24122341353569585
492,5000,100000,16,1e-08,1.1745865883549928e-06,0,ARGweaver,per site,retained,rooted,KC,3.1572747168953526,0.10294468315383067
493,5000,100000,16,1e-08,1.1745865883549928e-06,0,ARGweaver,per site,retained,rooted,RF,1.1716198571428575,0.048307374075527904
495,5000,100000,16,1e-08,1.1745865883549928e-06,0,ARGweaver,per site,retained,unrooted,RF,0.8153670000000005,0.046354694059430386
496,5000,100000,16,1e-08,1.1745865883549928e-06,0,ARGweaver,per site,retained,unrooted,SPR,0.34694975274725265,0.019893108171494513
497,5000,100000,16,1e-08,1.1745865883549928e-06,0,ARGweaver,per site,retained,unrooted,path,2.203703670144237,0.11166205231006003
499,5000,100000,16,1e-08,1.1745865883549928e-06,0,RentPlus,per site,retained,rooted,KC,7.6701069318103645,0.0831989010159545
500,5000,100000,16,1e-08,1.1745865883549928e-06,0,RentPlus,per site,retained,rooted,RF,4.461081449999997,0.15968436234717254
501,5000,100000,16,1e-08,1.1745865883549928e-06,0,RentPlus,per site,retained,unrooted,RF,3.3415562999999997,0.1728878358346517
502,5000,100000,16,1e-08,1.1745865883549928e-06,0,RentPlus,per site,retained,unrooted,SPR,1.1255429000000001,0.05499166582482197
503,5000,100000,16,1e-08,1.1745865883549928e-06,0,RentPlus,per site,retained,unrooted,path,6.7131950283044315,0.28965499300118097
504,5000,100000,16,1e-08,1.1745865883549928e-06,0,fastARG,per site,retained,rooted,KC,13.045568134539765,0.1728205483751077
505,5000,100000,16,1e-08,1.1745865883549928e-06,0,fastARG,per site,retained,rooted,RF,8.348356822596338,0.32967885135505515
507,5000,100000,16,1e-08,1.1745865883549928e-06,0,fastARG,per site,retained,unrooted,RF,5.749310473428659,0.3393021896626659
508,5000,100000,16,1e-08,1.1745865883549928e-06,0,fastARG,per site,retained,unrooted,SPR,1.771555672686903,0.09603391558532888
509,5000,100000,16,1e-08,1.1745865883549928e-06,0,fastARG,per site,retained,unrooted,path,9.502037180674373,0.47222608411174916
511,5000,100000,16,1e-08,1.1745865883549928e-06,0,tsinfer,per site,broken,rooted,KC,3.654059959736789,0.14688576318033714
512,5000,100000,16,1e-08,1.1745865883549928e-06,0,tsinfer,per site,broken,rooted,RF,3.2398101678209463,0.16709407341804022
514,5000,100000,16,1e-08,1.1745865883549928e-06,0,tsinfer,per site,broken,unrooted,RF,3.0256339878991927,0.15791386159682155
515,5000,100000,16,1e-08,1.1745865883549928e-06,0,tsinfer,per site,broken,unrooted,SPR,1.0658491572986888,0.05062735952386504
516,5000,100000,16,1e-08,1.1745865883549928e-06,0,tsinfer,per site,broken,unrooted,path,6.081739273490152,0.25797280727350397
518,5000,100000,16,1e-08,1.1745865883549928e-06,0,tsinfer,per site,retained,rooted,KC,3.5211137321163664,0.13685108963169873
522,5000,100000,16,1e-08,1.1745865883549928e-06,0,tsinfer,per site,retained,unrooted,SPR,0.8340224305420064,0.042048340789202755
523,5000,100000,16,1e-08,1.1745865883549928e-06,0,tsinfer,per site,retained,unrooted,path,6.545662154590811,0.27746393307455475
525,5000,100000,16,1e-08,1.1745865883549928e-06,0.01,ARGweaver,per site,retained,rooted,KC,3.1749070768067282,0.10232096635782055
526,5000,100000,16,1e-08,1.1745865883549928e-06,0.01,ARGweaver,per site,retained,rooted,RF,1.245131406593406,0.05832085450570831
528,5000,100000,16,1e-08,1.1745865883549928e-06,0.01,ARGweaver,per site,retained,unrooted,RF,0.8862639450549451,0.05533467356600351
529,5000,100000,16,1e-08,1.1745865883549928e-06,0.01,ARGweaver,per site,retained,unrooted,SPR,0.3760473901098901,0.023416222986325893
530,5000,100000,16,1e-08,1.1745865883549928e-06,0.01,ARGweaver,per site,retained,unrooted,path,2.3636514831250786,0.13010402611082686
532,5000,100000,16,1e-08,1.1745865883549928e-06,0.01,RentPlus,per site,retained,rooted,KC,7.667474550498173,0.08266369349067408
533,5000,100000,16,1e-08,1.1745865883549928e-06,0.01,RentPlus,per site,retained,rooted,RF,4.4698785999999995,0.15972954347063312
534,5000,100000,16,1e-08,1.1745865883549928e-06,0.01,RentPlus,per site,retained,unrooted,RF,3.3478999,0.1731092779754623
535,5000,100000,16,1e-08,1.1745865883549928e-06,0.01,RentPlus,per site,retained,unrooted,SPR,1.1284101749999995,0.05498739765794236
536,5000,100000,16,1e-08,1.1745865883549928e-06,0.01,RentPlus,per site,retained,unrooted,path,6.7122162454750525,0.289059575133965
537,5000,100000,16,1e-08,1.1745865883549928e-06,0.01,fastARG,per site,retained,rooted,KC,13.057231553092329,0.17901179956330462
538,5000,100000,16,1e-08,1.1745865883549928e-06,0.01,fastARG,per site,retained,rooted,RF,8.373197687973505,0.33376872371129473
540,5000,100000,16,1e-08,1.1745865883549928e-06,0.01,fastARG,per site,retained,unrooted,RF,5.7705331287296895,0.34315466128381344
541,5000,100000,16,1e-08,1.1745865883549928e-06,0.01,fastARG,per site,retained,unrooted,SPR,1.774403887192693,0.09661735255074903
542,5000,100000,16,1e-08,1.1745865883549928e-06,0.01,fastARG,per site,retained,unrooted,path,9.509293611870989,0.47690004754504484
544,5000,100000,16,1e-08,1.1745865883549928e-06,0.01,tsinfer,per site,broken,rooted,KC,3.6325347832117263,0.14586173181991013
545,5000,100000,16,1e-08,1.1745865883549928e-06,0.01,tsinfer,per site,broken,rooted,RF,3.2048663559325647,0.16385032185330264
547,5000,100000,16,1e-08,1.1745865883549928e-06,0.01,tsinfer,per site,broken,unrooted,RF,2.991926182627788,0.1548172848363541
548,5000,100000,16,1e-08,1.1745865883549928e-06,0.01,tsinfer,per site,broken,unrooted,SPR,1.05449820868057,0.049515440961748
549,5000,100000,16,1e-08,1.1745865883549928e-06,0.01,tsinfer,per site,broken,unrooted,path,6.065496196067758,0.2565648630146525
551,5000,100000,16,1e-08,1.1745865883549928e-06,0.01,tsinfer,per site,retained,rooted,KC,3.493875741930109,0.13562727590146395
555,5000,100000,16,1e-08,1.1745865883549928e-06,0.01,tsinfer,per site,retained,unrooted,SPR,0.8169826223865183,0.0403013501379117
556,5000,100000,16,1e-08,1.1745865883549928e-06,0.01,tsinfer,per site,retained,unrooted,path,6.519802860812649,0.27613147929198106
558,5000,100000,16,1e-08,1.1745865883549928e-06,0.02,ARGweaver,per site,retained,rooted,KC,3.24124055547745,0.10614022976726101
559,5000,100000,16,1e-08,1.1745865883549928e-06,0.02,ARGweaver,per site,retained,rooted,RF,1.2389128314606748,0.054028474821143334
561,5000,100000,16,1e-08,1.1745865883549928e-06,0.02,ARGweaver,per site,retained,unrooted,RF,0.8664550112359549,0.051562581472411675
562,5000,100000,16,1e-08,1.1745865883549928e-06,0.02,ARGweaver,per site,retained,unrooted,SPR,0.37266617415730324,0.022799273649822423
563,5000,100000,16,1e-08,1.1745865883549928e-06,0.02,ARGweaver,per site,retained,unrooted,path,2.3344719777168446,0.12415078477958044
565,5000,100000,16,1e-08,1.1745865883549928e-06,0.02,RentPlus,per site,retained,rooted,KC,7.694572204900373,0.08525972687335819
566,5000,100000,16,1e-08,1.1745865883549928e-06,0.02,RentPlus,per site,retained,rooted,RF,4.478876060606059,0.1607242213317017
567,5000,100000,16,1e-08,1.1745865883549928e-06,0.02,RentPlus,per site,retained,unrooted,RF,3.3578266666666656,0.17376585067265307
568,5000,100000,16,1e-08,1.1745865883549928e-06,0.02,RentPlus,per site,retained,unrooted,SPR,1.1357725757575758,0.05567762149052101
569,5000,100000,16,1e-08,1.1745865883549928e-06,0.02,RentPlus,per site,retained,unrooted,path,6.742453362220795,0.29149215877570106
570,5000,100000,16,1e-08,1.1745865883549928e-06,0.02,fastARG,per site,retained,rooted,KC,13.213678073487234,0.18596463587907347
571,5000,100000,16,1e-08,1.1745865883549928e-06,0.02,fastARG,per site,retained,rooted,RF,8.439732195032176,0.3369084656753004
573,5000,100000,16,1e-08,1.1745865883549928e-06,0.02,fastARG,per site,retained,unrooted,RF,5.798040239302204,0.3434974145222333
574,5000,100000,16,1e-08,1.1745865883549928e-06,0.02,fastARG,per site,retained,unrooted,SPR,1.789857422614823,0.09752976820453885
575,5000,100000,16,1e-08,1.1745865883549928e-06,0.02,fastARG,per site,retained,unrooted,path,9.511212859610165,0.4739914391709566
577,5000,100000,16,1e-08,1.1745865883549928e-06,0.02,tsinfer,per site,broken,rooted,KC,3.6634386969430257,0.14795129419117833
578,5000,100000,16,1e-08,1.1745865883549928e-06,0.02,tsinfer,per site,broken,rooted,RF,3.2402899120340583,0.1665348608935465
580,5000,100000,16,1e-08,1.1745865883549928e-06,0.02,tsinfer,per site,broken,unrooted,RF,3.026186792617198,0.1572077780998408
581,5000,100000,16,1e-08,1.1745865883549928e-06,0.02,tsinfer,per site,broken,unrooted,SPR,1.0645994705465887,0.0502896807350411
582,5000,100000,16,1e-08,1.1745865883549928e-06,0.02,tsinfer,per site,broken,unrooted,path,6.100972245073743,0.2590848976401069
584,5000,100000,16,1e-08,1.1745865883549928e-06,0.02,tsinfer,per site,retained,rooted,KC,3.5276327925635855,0.1377457372294066
588,5000,100000,16,1e-08,1.1745865883549928e-06,0.02,tsinfer,per site,retained,unrooted,SPR,0.8348130088810436,0.04143788309214655
589,5000,100000,16,1e-08,1.1745865883549928e-06,0.02,tsinfer,per site,retained,unrooted,path,6.563564956511177,0.2786504538406597
591,5000,100000,16,1e-08,3.5000000000000016e-06,0,ARGweaver,per site,retained,rooted,KC,2.647123139223873,0.09541233291474659
592,5000,100000,16,1e-08,3.5000000000000016e-06,0,ARGweaver,per site,retained,rooted,RF,0.7447944972972973,0.038552324625914264
594,5000,100000,16,1e-08,3.5000000000000016e-06,0,ARGweaver,per site,retained,unrooted,RF,0.4382729945945948,0.03588600444428325
595,5000,100000,16,1e-08,3.5000000000000016e-06,0,ARGweaver,per site,retained,unrooted,SPR,0.18972949729729727,0.0159227546161383
596,5000,100000,16,1e-08,3.5000000000000016e-06,0,ARGweaver,per site,retained,unrooted,path,1.2238465017442142,0.0925673871974991
598,5000,100000,16,1e-08,3.5000000000000016e-06,0,RentPlus,per site,retained,rooted,KC,7.390265643109816,0.08346079886565175
599,5000,100000,16,1e-08,3.5000000000000016e-06,0,RentPlus,per site,retained,rooted,RF,4.182366494845361,0.16635764891391816
600,5000,100000,16,1e-08,3.5000000000000016e-06,0,RentPlus,per site,retained,unrooted,RF,3.0717959793814438,0.18385185097960904
601,5000,100000,16,1e-08,3.5000000000000016e-06,0,RentPlus,per site,retained,unrooted,SPR,1.0152429896907227,0.05904515414930507
602,5000,100000,16,1e-08,3.5000000000000016e-06,0,RentPlus,per site,retained,unrooted,path,6.011487723256905,0.3219713362253646
603,5000,100000,16,1e-08,3.5000000000000016e-06,0,fastARG,per site,retained,rooted,KC,13.029727693216454,0.18339340316945102
604,5000,100000,16,1e-08,3.5000000000000016e-06,0,fastARG,per site,retained,rooted,RF,8.03472923722222,0.34271559833910403
606,5000,100000,16,1e-08,3.5000000000000016e-06,0,fastARG,per site,retained,unrooted,RF,5.336106812374945,0.3541654558340441
607,5000,100000,16,1e-08,3.5000000000000016e-06,0,fastARG,per site,retained,unrooted,SPR,1.6237453368271944,0.10340652986271695
608,5000,100000,16,1e-08,3.5000000000000016e-06,0,fastARG,per site,retained,unrooted,path,8.44186198712026,0.5121900982843431
610,5000,100000,16,1e-08,3.5000000000000016e-06,0,tsinfer,per site,broken,rooted,KC,2.958683419088869,0.15844128397509943
611,5000,100000,16,1e-08,3.5000000000000016e-06,0,tsinfer,per site,broken,rooted,RF,2.7847609283963277,0.17521092309631434
613,5000,100000,16,1e-08,3.5000000000000016e-06,0,tsinfer,per site,broken,unrooted,RF,2.6157637004340666,0.16650715948675687
614,5000,100000,16,1e-08,3.5000000000000016e-06,0,tsinfer,per site,broken,unrooted,SPR,0.8977268633864297,0.05399107246419859
615,5000,100000,16,1e-08,3.5000000000000016e-06,0,tsinfer,per site,broken,unrooted,path,5.122188339521619,0.2887418851101528
617,5000,100000,16,1e-08,3.5000000000000016e-06,0,tsinfer,per site,retained,rooted,KC,2.8337545055752558,0.14909458758476785
621,5000,100000,16,1e-08,3.5000000000000016e-06,0,tsinfer,per site,retained,unrooted,SPR,0.6701156589970563,0.04055721559855592
622,5000,100000,16,1e-08,3.5000000000000016e-06,0,tsinfer,per site,retained,unrooted,path,5.4922910392191735,0.31220574240904253
624,5000,100000,16,1e-08,3.5000000000000016e-06,0.01,ARGweaver,per site,retained,rooted,KC,2.680680241501379,0.09830035968442749
625,5000,100000,16,1e-08,3.5000000000000016e-06,0.01,ARGweaver,per site,retained,rooted,RF,0.7654386081871346,0.03930695716620054
627,5000,100000,16,1e-08,3.5000000000000016e-06,0.01,ARGweaver,per site,retained,unrooted,RF,0.45440849122807014,0.0369244028311379
628,5000,100000,16,1e-08,3.5000000000000016e-06,0.01,ARGweaver,per site,retained,unrooted,SPR,0.19384370760233915,0.015683076517904224
629,5000,100000,16,1e-08,3.5000000000000016e-06,0.01,ARGweaver,per site,retained,unrooted,path,1.264143990734276,0.0957942528767335
631,5000,100000,16,1e-08,3.5000000000000016e-06,0.01,RentPlus,per site,retained,rooted,KC,7.36063085927543,0.0811693786321558
632,5000,100000,16,1e-08,3.5000000000000016e-06,0.01,RentPlus,per site,retained,rooted,RF,4.120083266331657,0.1634974595844021
633,5000,100000,16,1e-08,3.5000000000000016e-06,0.01,RentPlus,per site,retained,unrooted,RF,3.0015964824120593,0.18055349014774316
634,5000,100000,16,1e-08,3.5000000000000016e-06,0.01,RentPlus,per site,retained,unrooted,SPR,0.9912002512562814,0.05785962867691173
635,5000,100000,16,1e-08,3.5000000000000016e-06,0.01,RentPlus,per site,retained,unrooted,path,5.8938204645281225,0.31663319159991127
636,5000,100000,16,1e-08,3.5000000000000016e-06,0.01,fastARG,per site,retained,rooted,KC,13.010441664838773,0.18351421098971485
637,5000,100000,16,1e-08,3.5000000000000016e-06,0.01,fastARG,per site,retained,rooted,RF,8.030050695081327,0.3426679187552137
639,5000,100000,16,1e-08,3.5000000000000016e-06,0.01,fastARG,per site,retained,unrooted,RF,5.331752838198423,0.3541681003523569
640,5000,100000,16,1e-08,3.5000000000000016e-06,0.01,fastARG,per site,retained,unrooted,SPR,1.6146902857805299,0.10271105065255885
641,5000,100000,16,1e-08,3.5000000000000016e-06,0.01,fastARG,per site,retained,unrooted,path,8.519390546787397,0.5193466596740467
643,5000,100000,16,1e-08,3.5000000000000016e-06,0.01,tsinfer,per site,broken,rooted,KC,2.932851579797818,0.15658845998561974
644,5000,100000,16,1e-08,3.5000000000000016e-06,0.01,tsinfer,per site,broken,rooted,RF,2.747199832449061,0.17212638691259388
646,5000,100000,16,1e-08,3.5000000000000016e-06,0.01,tsinfer,per site,broken,unrooted,RF,2.5805510144559065,0.16360403848488395
647,5000,100000,16,1e-08,3.5000000000000016e-06,0.01,tsinfer,per site,broken,unrooted,SPR,0.8884486221541872,0.05323448519347478
648,5000,100000,16,1e-08,3.5000000000000016e-06,0.01,tsinfer,per site,broken,unrooted,path,5.080734079615511,0.2857800876734823
650,5000,100000,16,1e-08,3.5000000000000016e-06,0.01,tsinfer,per site,retained,rooted,KC,2.807471220462662,0.14725882122557998
654,5000,100000,16,1e-08,3.5000000000000016e-06,0.01,tsinfer,per site,retained,unrooted,SPR,0.6634976208606994,0.039871528830663874
655,5000,100000,16,1e-08,3.5000000000000016e-06,0.01,tsinfer,per site,retained,unrooted,path,5.447156127281582,0.3094363409071012
657,5000,100000,16,1e-08,3.5000000000000016e-06,0.02,ARGweaver,per site,retained,rooted,KC,2.632109139666841,0.09668330105629884
658,5000,100000,16,1e-08,3.5000000000000016e-06,0.02,ARGweaver,per site,retained,rooted,RF,0.7060795307262567,0.03283346663818839
660,5000,100000,16,1e-08,3.5000000000000016e-06,0.02,ARGweaver,per site,retained,unrooted,RF,0.39751252513966506,0.030049805017703376
661,5000,100000,16,1e-08,3.5000000000000016e-06,0.02,ARGweaver,per site,retained,unrooted,SPR,0.1722571787709498,0.013587361225505983
662,5000,100000,16,1e-08,3.5000000000000016e-06,0.02,ARGweaver,per site,retained,unrooted,path,1.1139093667087536,0.078071574604347
664,5000,100000,16,1e-08,3.5000000000000016e-06,0.02,RentPlus,per site,retained,rooted,KC,7.381777741076184,0.082433075196339
665,5000,100000,16,1e-08,3.5000000000000016e-06,0.02,RentPlus,per site,retained,rooted,RF,4.133192020202021,0.16395747452509782
666,5000,100000,16,1e-08,3.5000000000000016e-06,0.02,RentPlus,per site,retained,unrooted,RF,3.0191392424242407,0.18119899948126927
667,5000,100000,16,1e-08,3.5000000000000016e-06,0.02,RentPlus,per site,retained,unrooted,SPR,0.9942930050505054,0.057956120031880984
668,5000,100000,16,1e-08,3.5000000000000016e-06,0.02,RentPlus,per site,retained,unrooted,path,5.925629218270035,0.3175118888174839
669,5000,100000,16,1e-08,3.5000000000000016e-06,0.02,fastARG,per site,retained,rooted,KC,13.152281724549525,0.19384894174135012
670,5000,100000,16,1e-08,3.5000000000000016e-06,0.02,fastARG,per site,retained,rooted,RF,8.040522813915246,0.3432333082809432
672,5000,100000,16,1e-08,3.5000000000000016e-06,0.02,fastARG,per site,retained,unrooted,RF,5.294387933525689,0.3515848089353907
673,5000,100000,16,1e-08,3.5000000000000016e-06,0.02,fastARG,per site,retained,unrooted,SPR,1.6109414996524594,0.10240797370391329
674,5000,100000,16,1e-08,3.5000000000000016e-06,0.02,fastARG,per site,retained,unrooted,path,8.425888557035242,0.5122043712544428
676,5000,100000,16,1e-08,3.5000000000000016e-06,0.02,tsinfer,per site,broken,rooted,KC,2.959817513284273,0.1587220549783029
677,5000,100000,16,1e-08,3.5000000000000016e-06,0.02,tsinfer,per site,broken,rooted,RF,2.7766011759209706,0.1747261004531243
679,5000,100000,16,1e-08,3.5000000000000016e-06,0.02,tsinfer,per site,broken,unrooted,RF,2.6080752279391124,0.1661193747694008
680,5000,100000,16,1e-08,3.5000000000000016e-06,0.02,tsinfer,per site,broken,unrooted,SPR,0.8965849728958711,0.054023994607048195
681,5000,100000,16,1e-08,3.5000000000000016e-06,0.02,tsinfer,per site,broken,unrooted,path,5.112454355784845,0.28800055429630067
683,5000,100000,16,1e-08,3.5000000000000016e-06,0.02,tsinfer,per site,retained,rooted,KC,2.8372124048113236,0.14971209130977486
687,5000,100000,16,1e-08,3.5000000000000016e-06,0.02,tsinfer,per site,retained,unrooted,SPR,0.6551218333102911,0.03908272304835455
688,5000,100000,16,1e-08,3.5000000000000016e-06,0.02,tsinfer,per site,retained,unrooted,path,5.495039291001117,0.31292182005065483
