,Ne,length,sample_size,recombination_rate,mutation_rate,error_param,tool,averaging,polytomies,rooting,metric,treedist_mean,treedist_se
0,5000,1000000,16,1e-08,2.0000000000000003e-10,0,ARGweaver,per site,retained,rooted,KC,22.432043139324364,0.14157331506246554
1,5000,1000000,16,1e-08,2.0000000000000003e-10,0,ARGweaver,per site,retained,rooted,RF,25.08001548085106,0.21864774377374477
3,5000,1000000,16,1e-08,2.0000000000000003e-10,0,ARGweaver,per site,retained,unrooted,RF,23.09301194893617,0.2180899596180926
4,5000,1000000,16,1e-08,2.0000000000000003e-10,0,ARGweaver,per site,retained,unrooted,SPR,5.525174819148939,0.048934326941733476
5,5000,1000000,16,1e-08,2.0000000000000003e-10,0,ARGweaver,per site,retained,unrooted,path,30.66786675265938,0.195805677415405
7,5000,1000000,16,1e-08,2.0000000000000003e-10,0,RentPlus,per site,retained,rooted,KC,22.495680096192533,0.22706095914383656
8,5000,1000000,16,1e-08,2.0000000000000003e-10,0,RentPlus,per site,retained,rooted,RF,23.557980680000004,0.19860447848100732
9,5000,1000000,16,1e-08,2.0000000000000003e-10,0,RentPlus,per site,retained,unrooted,RF,21.460436679999997,0.20130433858797678
10,5000,1000000,16,1e-08,2.0000000000000003e-10,0,RentPlus,per site,retained,unrooted,SPR,5.19164476,0.04783172296459793
11,5000,1000000,16,1e-08,2.0000000000000003e-10,0,RentPlus,per site,retained,unrooted,path,28.46028061856639,0.22279269400117982
12,5000,1000000,16,1e-08,2.0000000000000003e-10,0,fastARG,per site,retained,rooted,KC,21.2180945994275,0.2388449117476466
13,5000,1000000,16,1e-08,2.0000000000000003e-10,0,fastARG,per site,retained,rooted,RF,23.746831197481196,0.20228095569317764
15,5000,1000000,16,1e-08,2.0000000000000003e-10,0,fastARG,per site,retained,unrooted,RF,21.66467622522888,0.2035245223187651
16,5000,1000000,16,1e-08,2.0000000000000003e-10,0,fastARG,per site,retained,unrooted,SPR,5.241626105199622,0.04776577640756572
17,5000,1000000,16,1e-08,2.0000000000000003e-10,0,fastARG,per site,retained,unrooted,path,28.52170736021964,0.25525948800154163
19,5000,1000000,16,1e-08,2.0000000000000003e-10,0,tsinfer,per site,broken,rooted,KC,26.97783943595796,0.3652702769736101
20,5000,1000000,16,1e-08,2.0000000000000003e-10,0,tsinfer,per site,broken,rooted,RF,24.445748475901265,0.15564286735065452
22,5000,1000000,16,1e-08,2.0000000000000003e-10,0,tsinfer,per site,broken,unrooted,RF,22.36868281336529,0.15550049683854456
23,5000,1000000,16,1e-08,2.0000000000000003e-10,0,tsinfer,per site,broken,unrooted,SPR,5.390644292032872,0.033986744271588855
24,5000,1000000,16,1e-08,2.0000000000000003e-10,0,tsinfer,per site,broken,unrooted,path,30.447188263937452,0.2109031040970648
26,5000,1000000,16,1e-08,2.0000000000000003e-10,0,tsinfer,per site,retained,rooted,KC,19.067980299219705,0.14619381427426273
30,5000,1000000,16,1e-08,2.0000000000000003e-10,0,tsinfer,per site,retained,unrooted,path,34.015810402904094,0.33332863610897034
32,5000,1000000,16,1e-08,2.0000000000000003e-10,EmpiricalErrorPlatinum1000G,ARGweaver,per site,retained,rooted,KC,22.829594689005177,0.2098268155990577
33,5000,1000000,16,1e-08,2.0000000000000003e-10,EmpiricalErrorPlatinum1000G,ARGweaver,per site,retained,rooted,RF,25.4776175755102,0.15613578383052365
35,5000,1000000,16,1e-08,2.0000000000000003e-10,EmpiricalErrorPlatinum1000G,ARGweaver,per site,retained,unrooted,RF,23.481584420408172,0.154732845531171
36,5000,1000000,16,1e-08,2.0000000000000003e-10,EmpiricalErrorPlatinum1000G,ARGweaver,per site,retained,unrooted,SPR,5.614662600000002,0.034066200866527466
37,5000,1000000,16,1e-08,2.0000000000000003e-10,EmpiricalErrorPlatinum1000G,ARGweaver,per site,retained,unrooted,path,31.146208500315954,0.17844688621788785
39,5000,1000000,16,1e-08,2.0000000000000003e-10,EmpiricalErrorPlatinum1000G,RentPlus,per site,retained,rooted,KC,22.58571472178554,0.22298944497127682
40,5000,1000000,16,1e-08,2.0000000000000003e-10,EmpiricalErrorPlatinum1000G,RentPlus,per site,retained,rooted,RF,23.684514480000004,0.19812177699227995
41,5000,1000000,16,1e-08,2.0000000000000003e-10,EmpiricalErrorPlatinum1000G,RentPlus,per site,retained,unrooted,RF,21.600715740000005,0.19928589029312585
42,5000,1000000,16,1e-08,2.0000000000000003e-10,EmpiricalErrorPlatinum1000G,RentPlus,per site,retained,unrooted,SPR,5.207967100000001,0.047340110791908814
43,5000,1000000,16,1e-08,2.0000000000000003e-10,EmpiricalErrorPlatinum1000G,RentPlus,per site,retained,unrooted,path,28.67830333037916,0.2198866574317538
44,5000,1000000,16,1e-08,2.0000000000000003e-10,EmpiricalErrorPlatinum1000G,fastARG,per site,retained,rooted,KC,21.364912500919722,0.23936828361172352
45,5000,1000000,16,1e-08,2.0000000000000003e-10,EmpiricalErrorPlatinum1000G,fastARG,per site,retained,rooted,RF,23.90209840680628,0.19856276376648868
47,5000,1000000,16,1e-08,2.0000000000000003e-10,EmpiricalErrorPlatinum1000G,fastARG,per site,retained,unrooted,RF,21.824246084055147,0.19862548635710336
48,5000,1000000,16,1e-08,2.0000000000000003e-10,EmpiricalErrorPlatinum1000G,fastARG,per site,retained,unrooted,SPR,5.275518560233978,0.04670480838410632
49,5000,1000000,16,1e-08,2.0000000000000003e-10,EmpiricalErrorPlatinum1000G,fastARG,per site,retained,unrooted,path,28.73401481520326,0.2485603708494346
51,5000,1000000,16,1e-08,2.0000000000000003e-10,EmpiricalErrorPlatinum1000G,tsinfer,per site,broken,rooted,KC,27.15939229680141,0.36135325629888726
52,5000,1000000,16,1e-08,2.0000000000000003e-10,EmpiricalErrorPlatinum1000G,tsinfer,per site,broken,rooted,RF,24.622483112915017,0.1567736747769855
54,5000,1000000,16,1e-08,2.0000000000000003e-10,EmpiricalErrorPlatinum1000G,tsinfer,per site,broken,unrooted,RF,22.5524315739247,0.15569868899792608
55,5000,1000000,16,1e-08,2.0000000000000003e-10,EmpiricalErrorPlatinum1000G,tsinfer,per site,broken,unrooted,SPR,5.419204920986241,0.034367192824782004
56,5000,1000000,16,1e-08,2.0000000000000003e-10,EmpiricalErrorPlatinum1000G,tsinfer,per site,broken,unrooted,path,30.738135246069596,0.2092442445816062
58,5000,1000000,16,1e-08,2.0000000000000003e-10,EmpiricalErrorPlatinum1000G,tsinfer,per site,retained,rooted,KC,19.07630943422044,0.13255300889471383
62,5000,1000000,16,1e-08,2.0000000000000003e-10,EmpiricalErrorPlatinum1000G,tsinfer,per site,retained,unrooted,path,34.18468581297421,0.3348919642473005
64,5000,1000000,16,1e-08,7.368062997280773e-10,0,ARGweaver,per site,retained,rooted,KC,20.26134989597154,0.16125610845665625
65,5000,1000000,16,1e-08,7.368062997280773e-10,0,ARGweaver,per site,retained,rooted,RF,22.05409753617022,0.21203443482954554
67,5000,1000000,16,1e-08,7.368062997280773e-10,0,ARGweaver,per site,retained,unrooted,RF,20.137082587234044,0.2127046890821302
68,5000,1000000,16,1e-08,7.368062997280773e-10,0,ARGweaver,per site,retained,unrooted,SPR,4.925197697872339,0.046208528428733506
69,5000,1000000,16,1e-08,7.368062997280773e-10,0,ARGweaver,per site,retained,unrooted,path,27.202030603962957,0.20971347729666248
71,5000,1000000,16,1e-08,7.368062997280773e-10,0,RentPlus,per site,retained,rooted,KC,20.042031736000027,0.18596985014345924
72,5000,1000000,16,1e-08,7.368062997280773e-10,0,RentPlus,per site,retained,rooted,RF,20.153002459999996,0.1817325903868378
73,5000,1000000,16,1e-08,7.368062997280773e-10,0,RentPlus,per site,retained,unrooted,RF,18.095873440000013,0.18151075300779798
74,5000,1000000,16,1e-08,7.368062997280773e-10,0,RentPlus,per site,retained,unrooted,SPR,4.510849919999998,0.04104918574460999
75,5000,1000000,16,1e-08,7.368062997280773e-10,0,RentPlus,per site,retained,unrooted,path,24.934563710705437,0.1819822085146924
76,5000,1000000,16,1e-08,7.368062997280773e-10,0,fastARG,per site,retained,rooted,KC,19.877313562895807,0.14381454768288404
77,5000,1000000,16,1e-08,7.368062997280773e-10,0,fastARG,per site,retained,rooted,RF,21.41521498627666,0.18697571270085678
79,5000,1000000,16,1e-08,7.368062997280773e-10,0,fastARG,per site,retained,unrooted,RF,19.28022127547048,0.18924874741521505
80,5000,1000000,16,1e-08,7.368062997280773e-10,0,fastARG,per site,retained,unrooted,SPR,4.754026354813432,0.04206390098275316
81,5000,1000000,16,1e-08,7.368062997280773e-10,0,fastARG,per site,retained,unrooted,path,25.61542864600419,0.18883339154908024
83,5000,1000000,16,1e-08,7.368062997280773e-10,0,tsinfer,per site,broken,rooted,KC,23.201904147200576,0.2586284736046262
84,5000,1000000,16,1e-08,7.368062997280773e-10,0,tsinfer,per site,broken,rooted,RF,21.73015249332069,0.16416630632503076
86,5000,1000000,16,1e-08,7.368062997280773e-10,0,tsinfer,per site,broken,unrooted,RF,19.699415485696097,0.16406350597344266
87,5000,1000000,16,1e-08,7.368062997280773e-10,0,tsinfer,per site,broken,unrooted,SPR,4.863378795259614,0.03502182575518363
88,5000,1000000,16,1e-08,7.368062997280773e-10,0,tsinfer,per site,broken,unrooted,path,26.88663336156195,0.18911296026671637
90,5000,1000000,16,1e-08,7.368062997280773e-10,0,tsinfer,per site,retained,rooted,KC,18.43300100403767,0.1503318001632766
94,5000,1000000,16,1e-08,7.368062997280773e-10,0,tsinfer,per site,retained,unrooted,SPR,4.059800295085927,0.4937090590141525
95,5000,1000000,16,1e-08,7.368062997280773e-10,0,tsinfer,per site,retained,unrooted,path,28.643351295733368,0.18438370742158416
97,5000,1000000,16,1e-08,7.368062997280773e-10,EmpiricalErrorPlatinum1000G,ARGweaver,per site,retained,rooted,KC,20.385414824078364,0.20021086692605305
98,5000,1000000,16,1e-08,7.368062997280773e-10,EmpiricalErrorPlatinum1000G,ARGweaver,per site,retained,rooted,RF,22.62669007272727,0.204024805635895
100,5000,1000000,16,1e-08,7.368062997280773e-10,EmpiricalErrorPlatinum1000G,ARGweaver,per site,retained,unrooted,RF,20.698534409090907,0.2033069557983789
101,5000,1000000,16,1e-08,7.368062997280773e-10,EmpiricalErrorPlatinum1000G,ARGweaver,per site,retained,unrooted,SPR,5.066866763636363,0.04298168154536363
102,5000,1000000,16,1e-08,7.368062997280773e-10,EmpiricalErrorPlatinum1000G,ARGweaver,per site,retained,unrooted,path,27.505244655805505,0.24025177488486646
104,5000,1000000,16,1e-08,7.368062997280773e-10,EmpiricalErrorPlatinum1000G,RentPlus,per site,retained,rooted,KC,20.201879536413703,0.17952682353027866
105,5000,1000000,16,1e-08,7.368062997280773e-10,EmpiricalErrorPlatinum1000G,RentPlus,per site,retained,rooted,RF,20.46804831999999,0.15874789383718196
106,5000,1000000,16,1e-08,7.368062997280773e-10,EmpiricalErrorPlatinum1000G,RentPlus,per site,retained,unrooted,RF,18.423876120000006,0.15832038961623301
107,5000,1000000,16,1e-08,7.368062997280773e-10,EmpiricalErrorPlatinum1000G,RentPlus,per site,retained,unrooted,SPR,4.5789468,0.035670141440157045
108,5000,1000000,16,1e-08,7.368062997280773e-10,EmpiricalErrorPlatinum1000G,RentPlus,per site,retained,unrooted,path,25.246209991077862,0.16774361052980485
109,5000,1000000,16,1e-08,7.368062997280773e-10,EmpiricalErrorPlatinum1000G,fastARG,per site,retained,rooted,KC,20.061859755232433,0.17023801708460973
110,5000,1000000,16,1e-08,7.368062997280773e-10,EmpiricalErrorPlatinum1000G,fastARG,per site,retained,rooted,RF,21.80006661112442,0.15728407054900856
112,5000,1000000,16,1e-08,7.368062997280773e-10,EmpiricalErrorPlatinum1000G,fastARG,per site,retained,unrooted,RF,19.682839948159824,0.1548579126797148
113,5000,1000000,16,1e-08,7.368062997280773e-10,EmpiricalErrorPlatinum1000G,fastARG,per site,retained,unrooted,SPR,4.8367479417715,0.03535710691406217
114,5000,1000000,16,1e-08,7.368062997280773e-10,EmpiricalErrorPlatinum1000G,fastARG,per site,retained,unrooted,path,26.20460754663511,0.177789257417933
116,5000,1000000,16,1e-08,7.368062997280773e-10,EmpiricalErrorPlatinum1000G,tsinfer,per site,broken,rooted,KC,23.521834864990797,0.25434756040666484
117,5000,1000000,16,1e-08,7.368062997280773e-10,EmpiricalErrorPlatinum1000G,tsinfer,per site,broken,rooted,RF,22.047264951865987,0.1483725826270235
119,5000,1000000,16,1e-08,7.368062997280773e-10,EmpiricalErrorPlatinum1000G,tsinfer,per site,broken,unrooted,RF,20.018433887784294,0.14850651949905336
120,5000,1000000,16,1e-08,7.368062997280773e-10,EmpiricalErrorPlatinum1000G,tsinfer,per site,broken,unrooted,SPR,4.918209162926472,0.032176668751107224
121,5000,1000000,16,1e-08,7.368062997280773e-10,EmpiricalErrorPlatinum1000G,tsinfer,per site,broken,unrooted,path,27.190299640778935,0.16921102395947984
123,5000,1000000,16,1e-08,7.368062997280773e-10,EmpiricalErrorPlatinum1000G,tsinfer,per site,retained,rooted,KC,18.489190701587532,0.14280496460568842
127,5000,1000000,16,1e-08,7.368062997280773e-10,EmpiricalErrorPlatinum1000G,tsinfer,per site,retained,unrooted,SPR,4.2322848601605285,0.5686080095397706
128,5000,1000000,16,1e-08,7.368062997280773e-10,EmpiricalErrorPlatinum1000G,tsinfer,per site,retained,unrooted,path,28.979799868317027,0.1785957974313849
130,5000,1000000,16,1e-08,2.714417616594907e-09,0,ARGweaver,per site,retained,rooted,KC,16.5388776666291,0.12790615882773418
131,5000,1000000,16,1e-08,2.714417616594907e-09,0,ARGweaver,per site,retained,rooted,RF,17.245036812765953,0.19142777241106443
133,5000,1000000,16,1e-08,2.714417616594907e-09,0,ARGweaver,per site,retained,unrooted,RF,15.561600940425539,0.18908198701838547
134,5000,1000000,16,1e-08,2.714417616594907e-09,0,ARGweaver,per site,retained,unrooted,SPR,4.0139127425531935,0.04421678449419305
135,5000,1000000,16,1e-08,2.714417616594907e-09,0,ARGweaver,per site,retained,unrooted,path,21.963463446653982,0.16795973104029474
137,5000,1000000,16,1e-08,2.714417616594907e-09,0,RentPlus,per site,retained,rooted,KC,15.964994463733708,0.10713561018139506
138,5000,1000000,16,1e-08,2.714417616594907e-09,0,RentPlus,per site,retained,rooted,RF,14.995975260000002,0.16694200475253576
139,5000,1000000,16,1e-08,2.714417616594907e-09,0,RentPlus,per site,retained,unrooted,RF,13.178284999999995,0.16484841167344805
140,5000,1000000,16,1e-08,2.714417616594907e-09,0,RentPlus,per site,retained,unrooted,SPR,3.5146851499999996,0.04104156116896792
141,5000,1000000,16,1e-08,2.714417616594907e-09,0,RentPlus,per site,retained,unrooted,path,19.66552036650714,0.14792134281349395
142,5000,1000000,16,1e-08,2.714417616594907e-09,0,fastARG,per site,retained,rooted,KC,18.075388766822748,0.12664516582600924
143,5000,1000000,16,1e-08,2.714417616594907e-09,0,fastARG,per site,retained,rooted,RF,17.686758201130598,0.156201340495603
145,5000,1000000,16,1e-08,2.714417616594907e-09,0,fastARG,per site,retained,unrooted,RF,15.472252781400282,0.1536189322605634
146,5000,1000000,16,1e-08,2.714417616594907e-09,0,fastARG,per site,retained,unrooted,SPR,3.9980119236558807,0.03500083538556305
147,5000,1000000,16,1e-08,2.714417616594907e-09,0,fastARG,per site,retained,unrooted,path,21.834071018434614,0.1380322996081843
149,5000,1000000,16,1e-08,2.714417616594907e-09,0,tsinfer,per site,broken,rooted,KC,17.708450891068733,0.1388349156625345
150,5000,1000000,16,1e-08,2.714417616594907e-09,0,tsinfer,per site,broken,rooted,RF,16.953279021995513,0.1630845353784514
152,5000,1000000,16,1e-08,2.714417616594907e-09,0,tsinfer,per site,broken,unrooted,RF,15.179466459078121,0.16186736276591868
153,5000,1000000,16,1e-08,2.714417616594907e-09,0,tsinfer,per site,broken,unrooted,SPR,3.944342310575473,0.03758487821338939
154,5000,1000000,16,1e-08,2.714417616594907e-09,0,tsinfer,per site,broken,unrooted,path,21.657017441060763,0.15099938954800107
156,5000,1000000,16,1e-08,2.714417616594907e-09,0,tsinfer,per site,retained,rooted,KC,15.46785365271728,0.10525735345269008
160,5000,1000000,16,1e-08,2.714417616594907e-09,0,tsinfer,per site,retained,unrooted,SPR,3.4018852884618394,0.1098227922851011
161,5000,1000000,16,1e-08,2.714417616594907e-09,0,tsinfer,per site,retained,unrooted,path,23.025824766618765,0.18387130153625525
163,5000,1000000,16,1e-08,2.714417616594907e-09,EmpiricalErrorPlatinum1000G,ARGweaver,per site,retained,rooted,KC,16.893759448938894,0.1419108230741548
164,5000,1000000,16,1e-08,2.714417616594907e-09,EmpiricalErrorPlatinum1000G,ARGweaver,per site,retained,rooted,RF,17.924895721568625,0.21022082125245595
166,5000,1000000,16,1e-08,2.714417616594907e-09,EmpiricalErrorPlatinum1000G,ARGweaver,per site,retained,unrooted,RF,16.214071309803916,0.21166418720204916
167,5000,1000000,16,1e-08,2.714417616594907e-09,EmpiricalErrorPlatinum1000G,ARGweaver,per site,retained,unrooted,SPR,4.1551492411764706,0.04676734558366605
168,5000,1000000,16,1e-08,2.714417616594907e-09,EmpiricalErrorPlatinum1000G,ARGweaver,per site,retained,unrooted,path,22.4463325216548,0.20675813868015164
170,5000,1000000,16,1e-08,2.714417616594907e-09,EmpiricalErrorPlatinum1000G,RentPlus,per site,retained,rooted,KC,16.244995582437497,0.10526168849478476
171,5000,1000000,16,1e-08,2.714417616594907e-09,EmpiricalErrorPlatinum1000G,RentPlus,per site,retained,rooted,RF,15.479032180000006,0.16066638630523028
172,5000,1000000,16,1e-08,2.714417616594907e-09,EmpiricalErrorPlatinum1000G,RentPlus,per site,retained,unrooted,RF,13.656689300000007,0.1590635160075266
173,5000,1000000,16,1e-08,2.714417616594907e-09,EmpiricalErrorPlatinum1000G,RentPlus,per site,retained,unrooted,SPR,3.6276883899999994,0.03869702974693446
174,5000,1000000,16,1e-08,2.714417616594907e-09,EmpiricalErrorPlatinum1000G,RentPlus,per site,retained,unrooted,path,20.106631887433963,0.14510617774234644
175,5000,1000000,16,1e-08,2.714417616594907e-09,EmpiricalErrorPlatinum1000G,fastARG,per site,retained,rooted,KC,18.05263813616916,0.11363157456115769
176,5000,1000000,16,1e-08,2.714417616594907e-09,EmpiricalErrorPlatinum1000G,fastARG,per site,retained,rooted,RF,18.296087035947746,0.1310926784312062
178,5000,1000000,16,1e-08,2.714417616594907e-09,EmpiricalErrorPlatinum1000G,fastARG,per site,retained,unrooted,RF,16.13177178181833,0.1313208706613053
179,5000,1000000,16,1e-08,2.714417616594907e-09,EmpiricalErrorPlatinum1000G,fastARG,per site,retained,unrooted,SPR,4.149714222530944,0.030878459224950687
180,5000,1000000,16,1e-08,2.714417616594907e-09,EmpiricalErrorPlatinum1000G,fastARG,per site,retained,unrooted,path,22.356899748024592,0.12453737610855604
182,5000,1000000,16,1e-08,2.714417616594907e-09,EmpiricalErrorPlatinum1000G,tsinfer,per site,broken,rooted,KC,18.12976953222485,0.138864435840438
183,5000,1000000,16,1e-08,2.714417616594907e-09,EmpiricalErrorPlatinum1000G,tsinfer,per site,broken,rooted,RF,17.476175936671666,0.1604892710977393
185,5000,1000000,16,1e-08,2.714417616594907e-09,EmpiricalErrorPlatinum1000G,tsinfer,per site,broken,unrooted,RF,15.680307703912629,0.1598999646469045
186,5000,1000000,16,1e-08,2.714417616594907e-09,EmpiricalErrorPlatinum1000G,tsinfer,per site,broken,unrooted,SPR,4.050748604244799,0.03706547249139184
187,5000,1000000,16,1e-08,2.714417616594907e-09,EmpiricalErrorPlatinum1000G,tsinfer,per site,broken,unrooted,path,22.13365009191405,0.1497135789193312
189,5000,1000000,16,1e-08,2.714417616594907e-09,EmpiricalErrorPlatinum1000G,tsinfer,per site,retained,rooted,KC,15.706084287886615,0.10288715344415819
193,5000,1000000,16,1e-08,2.714417616594907e-09,EmpiricalErrorPlatinum1000G,tsinfer,per site,retained,unrooted,SPR,3.5074152092185003,0.1258257507117147
194,5000,1000000,16,1e-08,2.714417616594907e-09,EmpiricalErrorPlatinum1000G,tsinfer,per site,retained,unrooted,path,23.454945761598587,0.18019899096720707
196,5000,1000000,16,1e-08,1e-08,0,ARGweaver,per site,retained,rooted,KC,12.319574855475318,0.10889474646024515
197,5000,1000000,16,1e-08,1e-08,0,ARGweaver,per site,retained,rooted,RF,11.561730814035093,0.18619649955677542
199,5000,1000000,16,1e-08,1e-08,0,ARGweaver,per site,retained,unrooted,RF,10.315201438596487,0.18224616713538502
200,5000,1000000,16,1e-08,1e-08,0,ARGweaver,per site,retained,unrooted,SPR,2.949482550877193,0.04572809274064625
201,5000,1000000,16,1e-08,1e-08,0,ARGweaver,per site,retained,unrooted,path,16.330567324735195,0.16703338906767634
203,5000,1000000,16,1e-08,1e-08,0,RentPlus,per site,retained,rooted,KC,11.92200689488251,0.0798330457503513
204,5000,1000000,16,1e-08,1e-08,0,RentPlus,per site,retained,rooted,RF,10.277811340000003,0.13209687349467256
205,5000,1000000,16,1e-08,1e-08,0,RentPlus,per site,retained,unrooted,RF,8.91336296,0.12950056643084257
206,5000,1000000,16,1e-08,1e-08,0,RentPlus,per site,retained,unrooted,SPR,2.6445099999999995,0.03549004431869064
207,5000,1000000,16,1e-08,1e-08,0,RentPlus,per site,retained,unrooted,path,15.025848993634561,0.1351457832099567
208,5000,1000000,16,1e-08,1e-08,0,fastARG,per site,retained,rooted,KC,15.988398196845031,0.110298686032925
209,5000,1000000,16,1e-08,1e-08,0,fastARG,per site,retained,rooted,RF,14.057386725190204,0.1516531199002286
211,5000,1000000,16,1e-08,1e-08,0,fastARG,per site,retained,unrooted,RF,11.76946841467639,0.15400800116311522
212,5000,1000000,16,1e-08,1e-08,0,fastARG,per site,retained,unrooted,SPR,3.2662203333876607,0.038286838460796155
213,5000,1000000,16,1e-08,1e-08,0,fastARG,per site,retained,unrooted,path,17.82144831143195,0.14415903414938644
215,5000,1000000,16,1e-08,1e-08,0,tsinfer,per site,broken,rooted,KC,12.758876564309737,0.0881607010471254
216,5000,1000000,16,1e-08,1e-08,0,tsinfer,per site,broken,rooted,RF,11.870267481758344,0.14333255279122087
218,5000,1000000,16,1e-08,1e-08,0,tsinfer,per site,broken,unrooted,RF,10.598282021456107,0.14201505664118058
219,5000,1000000,16,1e-08,1e-08,0,tsinfer,per site,broken,unrooted,SPR,3.0193803199586533,0.03460200879584259
220,5000,1000000,16,1e-08,1e-08,0,tsinfer,per site,broken,unrooted,path,16.719044429127,0.1347594386651959
222,5000,1000000,16,1e-08,1e-08,0,tsinfer,per site,retained,rooted,KC,11.943210627677866,0.07603568201957865
226,5000,1000000,16,1e-08,1e-08,0,tsinfer,per site,retained,unrooted,SPR,2.710380800405555,0.05089973445770901
227,5000,1000000,16,1e-08,1e-08,0,tsinfer,per site,retained,unrooted,path,17.422274429289686,0.15013952977969017
229,5000,1000000,16,1e-08,1e-08,EmpiricalErrorPlatinum1000G,ARGweaver,per site,retained,rooted,KC,13.034160904809454,0.09985733890780116
230,5000,1000000,16,1e-08,1e-08,EmpiricalErrorPlatinum1000G,ARGweaver,per site,retained,rooted,RF,13.25220034166667,0.1578701110404786
232,5000,1000000,16,1e-08,1e-08,EmpiricalErrorPlatinum1000G,ARGweaver,per site,retained,unrooted,RF,11.965646970833335,0.15905494495832237
233,5000,1000000,16,1e-08,1e-08,EmpiricalErrorPlatinum1000G,ARGweaver,per site,retained,unrooted,SPR,3.323252695833334,0.039913692814826235
234,5000,1000000,16,1e-08,1e-08,EmpiricalErrorPlatinum1000G,ARGweaver,per site,retained,unrooted,path,17.801703069209434,0.1499373116254421
236,5000,1000000,16,1e-08,1e-08,EmpiricalErrorPlatinum1000G,RentPlus,per site,retained,rooted,KC,12.533212010953367,0.07592690797601731
237,5000,1000000,16,1e-08,1e-08,EmpiricalErrorPlatinum1000G,RentPlus,per site,retained,rooted,RF,11.516467619999997,0.12053604852093905
238,5000,1000000,16,1e-08,1e-08,EmpiricalErrorPlatinum1000G,RentPlus,per site,retained,unrooted,RF,10.15273996,0.11769759089321344
239,5000,1000000,16,1e-08,1e-08,EmpiricalErrorPlatinum1000G,RentPlus,per site,retained,unrooted,SPR,2.95401774,0.031207072994495356
240,5000,1000000,16,1e-08,1e-08,EmpiricalErrorPlatinum1000G,RentPlus,per site,retained,unrooted,path,16.232814157408203,0.11490972998464115
241,5000,1000000,16,1e-08,1e-08,EmpiricalErrorPlatinum1000G,fastARG,per site,retained,rooted,KC,16.699609112837855,0.0967569366091682
242,5000,1000000,16,1e-08,1e-08,EmpiricalErrorPlatinum1000G,fastARG,per site,retained,rooted,RF,16.18144534691031,0.11575198999645564
244,5000,1000000,16,1e-08,1e-08,EmpiricalErrorPlatinum1000G,fastARG,per site,retained,unrooted,RF,13.90883652424239,0.11371755582947123
245,5000,1000000,16,1e-08,1e-08,EmpiricalErrorPlatinum1000G,fastARG,per site,retained,unrooted,SPR,3.7579101498213667,0.027661840300625164
246,5000,1000000,16,1e-08,1e-08,EmpiricalErrorPlatinum1000G,fastARG,per site,retained,unrooted,path,19.753033771003228,0.11691002236858597
248,5000,1000000,16,1e-08,1e-08,EmpiricalErrorPlatinum1000G,tsinfer,per site,broken,rooted,KC,13.644297220087577,0.08324522600721038
249,5000,1000000,16,1e-08,1e-08,EmpiricalErrorPlatinum1000G,tsinfer,per site,broken,rooted,RF,13.247833496946287,0.12005441276551809
251,5000,1000000,16,1e-08,1e-08,EmpiricalErrorPlatinum1000G,tsinfer,per site,broken,unrooted,RF,11.886472141714284,0.1203917158653659
252,5000,1000000,16,1e-08,1e-08,EmpiricalErrorPlatinum1000G,tsinfer,per site,broken,unrooted,SPR,3.316206553217536,0.029310620585930376
253,5000,1000000,16,1e-08,1e-08,EmpiricalErrorPlatinum1000G,tsinfer,per site,broken,unrooted,path,17.89886738092379,0.1195148255568919
255,5000,1000000,16,1e-08,1e-08,EmpiricalErrorPlatinum1000G,tsinfer,per site,retained,rooted,KC,12.568924773480715,0.07199694871257468
259,5000,1000000,16,1e-08,1e-08,EmpiricalErrorPlatinum1000G,tsinfer,per site,retained,unrooted,SPR,2.8986167215431693,0.05594181411254447
260,5000,1000000,16,1e-08,1e-08,EmpiricalErrorPlatinum1000G,tsinfer,per site,retained,unrooted,path,18.69381110814418,0.1323045332607771
262,5000,1000000,16,1e-08,3.6840314986403866e-08,0,ARGweaver,per site,retained,rooted,KC,8.470755800564202,0.08948410474787863
263,5000,1000000,16,1e-08,3.6840314986403866e-08,0,ARGweaver,per site,retained,rooted,RF,6.775028969999999,0.12880228192675175
265,5000,1000000,16,1e-08,3.6840314986403866e-08,0,ARGweaver,per site,retained,unrooted,RF,5.983742079999999,0.12815193653585347
266,5000,1000000,16,1e-08,3.6840314986403866e-08,0,ARGweaver,per site,retained,unrooted,SPR,1.9687111824999999,0.036776513492948165
267,5000,1000000,16,1e-08,3.6840314986403866e-08,0,ARGweaver,per site,retained,unrooted,path,11.24798398247614,0.16625253460743453
269,5000,1000000,16,1e-08,3.6840314986403866e-08,0,RentPlus,per site,retained,rooted,KC,8.89063364215386,0.07017340359683613
270,5000,1000000,16,1e-08,3.6840314986403866e-08,0,RentPlus,per site,retained,rooted,RF,6.64854922,0.08895092730722522
271,5000,1000000,16,1e-08,3.6840314986403866e-08,0,RentPlus,per site,retained,unrooted,RF,5.6736191599999986,0.08601706456692444
272,5000,1000000,16,1e-08,3.6840314986403866e-08,0,RentPlus,per site,retained,unrooted,SPR,1.9034286999999999,0.027509278509173098
273,5000,1000000,16,1e-08,3.6840314986403866e-08,0,RentPlus,per site,retained,unrooted,path,11.078975304607827,0.10549327113025764
274,5000,1000000,16,1e-08,3.6840314986403866e-08,0,fastARG,per site,retained,rooted,KC,14.33143249591172,0.09497271423509086
275,5000,1000000,16,1e-08,3.6840314986403866e-08,0,fastARG,per site,retained,rooted,RF,10.77385698751636,0.11434426081679852
277,5000,1000000,16,1e-08,3.6840314986403866e-08,0,fastARG,per site,retained,unrooted,RF,8.37002431381851,0.11399159120931217
278,5000,1000000,16,1e-08,3.6840314986403866e-08,0,fastARG,per site,retained,unrooted,SPR,2.5682557139094517,0.031229477570136315
279,5000,1000000,16,1e-08,3.6840314986403866e-08,0,fastARG,per site,retained,unrooted,path,14.116792395638361,0.12054419833222
281,5000,1000000,16,1e-08,3.6840314986403866e-08,0,tsinfer,per site,broken,rooted,KC,8.839809143100924,0.06453103767008349
282,5000,1000000,16,1e-08,3.6840314986403866e-08,0,tsinfer,per site,broken,rooted,RF,7.6697857609119895,0.0974766712756958
284,5000,1000000,16,1e-08,3.6840314986403866e-08,0,tsinfer,per site,broken,unrooted,RF,6.941058464764218,0.09588249302342766
285,5000,1000000,16,1e-08,3.6840314986403866e-08,0,tsinfer,per site,broken,unrooted,SPR,2.2068648503012143,0.028728722117999123
286,5000,1000000,16,1e-08,3.6840314986403866e-08,0,tsinfer,per site,broken,unrooted,path,12.453135049212108,0.10307312998060911
288,5000,1000000,16,1e-08,3.6840314986403866e-08,0,tsinfer,per site,retained,rooted,KC,8.568646335126843,0.06109328093768403
292,5000,1000000,16,1e-08,3.6840314986403866e-08,0,tsinfer,per site,retained,unrooted,SPR,1.938691926305203,0.031260934595130185
293,5000,1000000,16,1e-08,3.6840314986403866e-08,0,tsinfer,per site,retained,unrooted,path,12.899431870146987,0.113521164632117
295,5000,1000000,16,1e-08,3.6840314986403866e-08,EmpiricalErrorPlatinum1000G,ARGweaver,per site,retained,rooted,KC,9.290475632491425,0.08608591196578011
296,5000,1000000,16,1e-08,3.6840314986403866e-08,EmpiricalErrorPlatinum1000G,ARGweaver,per site,retained,rooted,RF,8.523406139285715,0.12002505606956244
298,5000,1000000,16,1e-08,3.6840314986403866e-08,EmpiricalErrorPlatinum1000G,ARGweaver,per site,retained,unrooted,RF,7.685968364285714,0.11992560632263993
299,5000,1000000,16,1e-08,3.6840314986403866e-08,EmpiricalErrorPlatinum1000G,ARGweaver,per site,retained,unrooted,SPR,2.3735600267857144,0.03040970438794891
300,5000,1000000,16,1e-08,3.6840314986403866e-08,EmpiricalErrorPlatinum1000G,ARGweaver,per site,retained,unrooted,path,13.04035451428686,0.1433512641826243
302,5000,1000000,16,1e-08,3.6840314986403866e-08,EmpiricalErrorPlatinum1000G,RentPlus,per site,retained,rooted,KC,10.035299755672861,0.06547669902767603
303,5000,1000000,16,1e-08,3.6840314986403866e-08,EmpiricalErrorPlatinum1000G,RentPlus,per site,retained,rooted,RF,8.72448228,0.08278627254621494
304,5000,1000000,16,1e-08,3.6840314986403866e-08,EmpiricalErrorPlatinum1000G,RentPlus,per site,retained,unrooted,RF,7.7482385,0.08029243309157565
305,5000,1000000,16,1e-08,3.6840314986403866e-08,EmpiricalErrorPlatinum1000G,RentPlus,per site,retained,unrooted,SPR,2.4524392700000015,0.021072992526410497
306,5000,1000000,16,1e-08,3.6840314986403866e-08,EmpiricalErrorPlatinum1000G,RentPlus,per site,retained,unrooted,path,13.444751013280666,0.09103758032585049
307,5000,1000000,16,1e-08,3.6840314986403866e-08,EmpiricalErrorPlatinum1000G,fastARG,per site,retained,rooted,KC,15.871281034973922,0.10970113715668597
308,5000,1000000,16,1e-08,3.6840314986403866e-08,EmpiricalErrorPlatinum1000G,fastARG,per site,retained,rooted,RF,14.96453268279189,0.10455186011712285
310,5000,1000000,16,1e-08,3.6840314986403866e-08,EmpiricalErrorPlatinum1000G,fastARG,per site,retained,unrooted,RF,12.591003574048056,0.09958000208247902
311,5000,1000000,16,1e-08,3.6840314986403866e-08,EmpiricalErrorPlatinum1000G,fastARG,per site,retained,unrooted,SPR,3.526579345894108,0.02276305513554146
312,5000,1000000,16,1e-08,3.6840314986403866e-08,EmpiricalErrorPlatinum1000G,fastARG,per site,retained,unrooted,path,18.15832392369454,0.11313949101360424
314,5000,1000000,16,1e-08,3.6840314986403866e-08,EmpiricalErrorPlatinum1000G,tsinfer,per site,broken,rooted,KC,10.22785667857911,0.06471527653688633
315,5000,1000000,16,1e-08,3.6840314986403866e-08,EmpiricalErrorPlatinum1000G,tsinfer,per site,broken,rooted,RF,9.846756726127149,0.09123413479817412
317,5000,1000000,16,1e-08,3.6840314986403866e-08,EmpiricalErrorPlatinum1000G,tsinfer,per site,broken,unrooted,RF,8.962421783096334,0.0896480638743941
318,5000,1000000,16,1e-08,3.6840314986403866e-08,EmpiricalErrorPlatinum1000G,tsinfer,per site,broken,unrooted,SPR,2.7067971151508363,0.023808320097672652
319,5000,1000000,16,1e-08,3.6840314986403866e-08,EmpiricalErrorPlatinum1000G,tsinfer,per site,broken,unrooted,path,14.52249577486563,0.09207155680845948
321,5000,1000000,16,1e-08,3.6840314986403866e-08,EmpiricalErrorPlatinum1000G,tsinfer,per site,retained,rooted,KC,9.66394648396896,0.059045445795417505
325,5000,1000000,16,1e-08,3.6840314986403866e-08,EmpiricalErrorPlatinum1000G,tsinfer,per site,retained,unrooted,SPR,2.2858705817982843,0.03199194011211588
326,5000,1000000,16,1e-08,3.6840314986403866e-08,EmpiricalErrorPlatinum1000G,tsinfer,per site,retained,unrooted,path,15.136451526806356,0.10016547189447059
328,5000,1000000,16,1e-08,1.3572088082974523e-07,0,ARGweaver,per site,retained,rooted,KC,5.287930524730604,0.07798653327810685
329,5000,1000000,16,1e-08,1.3572088082974523e-07,0,ARGweaver,per site,retained,rooted,RF,3.1085980190476183,0.07342203253649286
331,5000,1000000,16,1e-08,1.3572088082974523e-07,0,ARGweaver,per site,retained,unrooted,RF,2.5974098619047616,0.0708748753389546
332,5000,1000000,16,1e-08,1.3572088082974523e-07,0,ARGweaver,per site,retained,unrooted,SPR,0.9648538000000004,0.027664367115707248
333,5000,1000000,16,1e-08,1.3572088082974523e-07,0,ARGweaver,per site,retained,unrooted,path,6.0315861588627735,0.12227375932432484
335,5000,1000000,16,1e-08,1.3572088082974523e-07,0,RentPlus,per site,retained,rooted,KC,6.468933768652314,0.04569336869094319
336,5000,1000000,16,1e-08,1.3572088082974523e-07,0,RentPlus,per site,retained,rooted,RF,3.8741171200000015,0.051975951895796936
337,5000,1000000,16,1e-08,1.3572088082974523e-07,0,RentPlus,per site,retained,unrooted,RF,3.0888977,0.05057562453983781
338,5000,1000000,16,1e-08,1.3572088082974523e-07,0,RentPlus,per site,retained,unrooted,SPR,1.1430280400000001,0.017982789061873082
339,5000,1000000,16,1e-08,1.3572088082974523e-07,0,RentPlus,per site,retained,unrooted,path,7.140208567777194,0.08391152984460579
340,5000,1000000,16,1e-08,1.3572088082974523e-07,0,fastARG,per site,retained,rooted,KC,12.93601030637469,0.08366591735435436
341,5000,1000000,16,1e-08,1.3572088082974523e-07,0,fastARG,per site,retained,rooted,RF,7.488934524111723,0.07769695873609114
343,5000,1000000,16,1e-08,1.3572088082974523e-07,0,fastARG,per site,retained,unrooted,RF,4.979121363986755,0.07505064173444281
344,5000,1000000,16,1e-08,1.3572088082974523e-07,0,fastARG,per site,retained,unrooted,SPR,1.6949113294264522,0.024527396821218062
345,5000,1000000,16,1e-08,1.3572088082974523e-07,0,fastARG,per site,retained,unrooted,path,10.016954012652164,0.0982786705343784
347,5000,1000000,16,1e-08,1.3572088082974523e-07,0,tsinfer,per site,broken,rooted,KC,5.570883337649369,0.04916177834052098
348,5000,1000000,16,1e-08,1.3572088082974523e-07,0,tsinfer,per site,broken,rooted,RF,4.22248128480283,0.060524487228151215
350,5000,1000000,16,1e-08,1.3572088082974523e-07,0,tsinfer,per site,broken,unrooted,RF,3.865395901638716,0.06012574635428438
351,5000,1000000,16,1e-08,1.3572088082974523e-07,0,tsinfer,per site,broken,unrooted,SPR,1.3723952837938365,0.02008330611494073
352,5000,1000000,16,1e-08,1.3572088082974523e-07,0,tsinfer,per site,broken,unrooted,path,8.283310070516277,0.09205232450942877
354,5000,1000000,16,1e-08,1.3572088082974523e-07,0,tsinfer,per site,retained,rooted,KC,5.521514206548817,0.047194320108137774
358,5000,1000000,16,1e-08,1.3572088082974523e-07,0,tsinfer,per site,retained,unrooted,SPR,1.216595913471716,0.02033569365035273
359,5000,1000000,16,1e-08,1.3572088082974523e-07,0,tsinfer,per site,retained,unrooted,path,8.561201711095435,0.09893051048751496
361,5000,1000000,16,1e-08,1.3572088082974523e-07,EmpiricalErrorPlatinum1000G,ARGweaver,per site,retained,rooted,KC,5.9525287502136734,0.059364947348579715
362,5000,1000000,16,1e-08,1.3572088082974523e-07,EmpiricalErrorPlatinum1000G,ARGweaver,per site,retained,rooted,RF,4.1833358367346944,0.07742494608424878
364,5000,1000000,16,1e-08,1.3572088082974523e-07,EmpiricalErrorPlatinum1000G,ARGweaver,per site,retained,unrooted,RF,3.640395122448979,0.07863661381444245
365,5000,1000000,16,1e-08,1.3572088082974523e-07,EmpiricalErrorPlatinum1000G,ARGweaver,per site,retained,unrooted,SPR,1.3037031653061226,0.027971701732884713
366,5000,1000000,16,1e-08,1.3572088082974523e-07,EmpiricalErrorPlatinum1000G,ARGweaver,per site,retained,unrooted,path,7.607595180073932,0.10817448391333746
368,5000,1000000,16,1e-08,1.3572088082974523e-07,EmpiricalErrorPlatinum1000G,RentPlus,per site,retained,rooted,KC,8.329501604383871,0.040104267146388456
369,5000,1000000,16,1e-08,1.3572088082974523e-07,EmpiricalErrorPlatinum1000G,RentPlus,per site,retained,rooted,RF,6.812238239999999,0.05862592835087081
370,5000,1000000,16,1e-08,1.3572088082974523e-07,EmpiricalErrorPlatinum1000G,RentPlus,per site,retained,unrooted,RF,6.018149599999997,0.06006713292967388
371,5000,1000000,16,1e-08,1.3572088082974523e-07,EmpiricalErrorPlatinum1000G,RentPlus,per site,retained,unrooted,SPR,2.0024005200000006,0.018563924649633454
372,5000,1000000,16,1e-08,1.3572088082974523e-07,EmpiricalErrorPlatinum1000G,RentPlus,per site,retained,unrooted,path,11.223860367301022,0.07469417626787103
373,5000,1000000,16,1e-08,1.3572088082974523e-07,EmpiricalErrorPlatinum1000G,fastARG,per site,retained,rooted,KC,15.521168336521002,0.09661154894417588
374,5000,1000000,16,1e-08,1.3572088082974523e-07,EmpiricalErrorPlatinum1000G,fastARG,per site,retained,rooted,RF,13.932548794283784,0.0796142747570566
376,5000,1000000,16,1e-08,1.3572088082974523e-07,EmpiricalErrorPlatinum1000G,fastARG,per site,retained,unrooted,RF,11.430225702251425,0.072709258848579
377,5000,1000000,16,1e-08,1.3572088082974523e-07,EmpiricalErrorPlatinum1000G,fastARG,per site,retained,unrooted,SPR,3.2835610939101354,0.01801211007992497
378,5000,1000000,16,1e-08,1.3572088082974523e-07,EmpiricalErrorPlatinum1000G,fastARG,per site,retained,unrooted,path,17.088347962237005,0.08392573880834063
380,5000,1000000,16,1e-08,1.3572088082974523e-07,EmpiricalErrorPlatinum1000G,tsinfer,per site,broken,rooted,KC,7.751678544440071,0.03758038887610189
381,5000,1000000,16,1e-08,1.3572088082974523e-07,EmpiricalErrorPlatinum1000G,tsinfer,per site,broken,rooted,RF,7.254886324505944,0.059055420372381304
383,5000,1000000,16,1e-08,1.3572088082974523e-07,EmpiricalErrorPlatinum1000G,tsinfer,per site,broken,unrooted,RF,6.6887892836355505,0.0594053471650615
384,5000,1000000,16,1e-08,1.3572088082974523e-07,EmpiricalErrorPlatinum1000G,tsinfer,per site,broken,unrooted,SPR,2.1450393296016834,0.017229494557695554
385,5000,1000000,16,1e-08,1.3572088082974523e-07,EmpiricalErrorPlatinum1000G,tsinfer,per site,broken,unrooted,path,11.824640460715623,0.06976670862742708
387,5000,1000000,16,1e-08,1.3572088082974523e-07,EmpiricalErrorPlatinum1000G,tsinfer,per site,retained,rooted,KC,7.39969001482817,0.035087480635357896
391,5000,1000000,16,1e-08,1.3572088082974523e-07,EmpiricalErrorPlatinum1000G,tsinfer,per site,retained,unrooted,SPR,1.7370598159135,0.02210049477766335
392,5000,1000000,16,1e-08,1.3572088082974523e-07,EmpiricalErrorPlatinum1000G,tsinfer,per site,retained,unrooted,path,12.409161055712962,0.074816587695377
394,5000,1000000,16,1e-08,5e-07,0,ARGweaver,per site,retained,rooted,KC,3.4882469635111786,0.08479551316523497
395,5000,1000000,16,1e-08,5e-07,0,ARGweaver,per site,retained,rooted,RF,1.3543194926829265,0.0344967189779296
397,5000,1000000,16,1e-08,5e-07,0,ARGweaver,per site,retained,unrooted,RF,0.9634191902439027,0.03262605187343686
398,5000,1000000,16,1e-08,5e-07,0,ARGweaver,per site,retained,unrooted,SPR,0.39452721951219505,0.013258076614724059
399,5000,1000000,16,1e-08,5e-07,0,ARGweaver,per site,retained,unrooted,path,2.6305478642231486,0.08247308624612516
401,5000,1000000,16,1e-08,5e-07,0,RentPlus,per site,retained,rooted,KC,4.633015102632948,0.04664205818775404
402,5000,1000000,16,1e-08,5e-07,0,RentPlus,per site,retained,rooted,RF,2.10686014,0.032733787088890465
403,5000,1000000,16,1e-08,5e-07,0,RentPlus,per site,retained,unrooted,RF,1.3999548800000001,0.030759440607992565
404,5000,1000000,16,1e-08,5e-07,0,RentPlus,per site,retained,unrooted,SPR,0.57579101,0.012794179945683281
405,5000,1000000,16,1e-08,5e-07,0,RentPlus,per site,retained,unrooted,path,3.7402078525759133,0.07050457379665434
406,5000,1000000,16,1e-08,5e-07,0,fastARG,per site,retained,rooted,KC,11.832462655514725,0.08373684261661618
407,5000,1000000,16,1e-08,5e-07,0,fastARG,per site,retained,rooted,RF,5.069819653002295,0.06923660323986283
409,5000,1000000,16,1e-08,5e-07,0,fastARG,per site,retained,unrooted,RF,2.4316959562035234,0.05834148721951652
410,5000,1000000,16,1e-08,5e-07,0,fastARG,per site,retained,unrooted,SPR,0.9291242020625252,0.02062090557388376
411,5000,1000000,16,1e-08,5e-07,0,fastARG,per site,retained,unrooted,path,5.831437584314489,0.11328797782365248
413,5000,1000000,16,1e-08,5e-07,0,tsinfer,per site,broken,rooted,KC,2.9170733905360735,0.04207705249043445
414,5000,1000000,16,1e-08,5e-07,0,tsinfer,per site,broken,rooted,RF,1.9605651741141106,0.037492233234463865
416,5000,1000000,16,1e-08,5e-07,0,tsinfer,per site,broken,unrooted,RF,1.8063075402501472,0.03712179350699453
417,5000,1000000,16,1e-08,5e-07,0,tsinfer,per site,broken,unrooted,SPR,0.7152608572213236,0.014637306341667242
418,5000,1000000,16,1e-08,5e-07,0,tsinfer,per site,broken,unrooted,path,4.548391624602041,0.07659428902325979
420,5000,1000000,16,1e-08,5e-07,0,tsinfer,per site,retained,rooted,KC,2.9221015931567718,0.042125516445671994
424,5000,1000000,16,1e-08,5e-07,0,tsinfer,per site,retained,unrooted,SPR,0.6348638304742602,0.013327834688491757
425,5000,1000000,16,1e-08,5e-07,0,tsinfer,per site,retained,unrooted,path,4.724283185686025,0.07993832813318141
427,5000,1000000,16,1e-08,5e-07,EmpiricalErrorPlatinum1000G,ARGweaver,per site,retained,rooted,KC,3.9479190687473014,0.07209259409411842
428,5000,1000000,16,1e-08,5e-07,EmpiricalErrorPlatinum1000G,ARGweaver,per site,retained,rooted,RF,2.111293785185185,0.06570917840955942
430,5000,1000000,16,1e-08,5e-07,EmpiricalErrorPlatinum1000G,ARGweaver,per site,retained,unrooted,RF,1.7345897629629636,0.06696998427749822
431,5000,1000000,16,1e-08,5e-07,EmpiricalErrorPlatinum1000G,ARGweaver,per site,retained,unrooted,SPR,0.6834388055555556,0.02436243821716757
432,5000,1000000,16,1e-08,5e-07,EmpiricalErrorPlatinum1000G,ARGweaver,per site,retained,unrooted,path,4.138957423863757,0.11938897433544893
434,5000,1000000,16,1e-08,5e-07,EmpiricalErrorPlatinum1000G,RentPlus,per site,retained,rooted,KC,7.3316254937560315,0.03706988088022663
435,5000,1000000,16,1e-08,5e-07,EmpiricalErrorPlatinum1000G,RentPlus,per site,retained,rooted,RF,5.8647684400000015,0.05964861588996978
436,5000,1000000,16,1e-08,5e-07,EmpiricalErrorPlatinum1000G,RentPlus,per site,retained,unrooted,RF,5.162959579999998,0.06196478056307907
437,5000,1000000,16,1e-08,5e-07,EmpiricalErrorPlatinum1000G,RentPlus,per site,retained,unrooted,SPR,1.76217388,0.018837689100039676
438,5000,1000000,16,1e-08,5e-07,EmpiricalErrorPlatinum1000G,RentPlus,per site,retained,unrooted,path,9.926248917269668,0.07906515485133493
439,5000,1000000,16,1e-08,5e-07,EmpiricalErrorPlatinum1000G,fastARG,per site,retained,rooted,KC,15.069085573492242,0.07730477722643297
440,5000,1000000,16,1e-08,5e-07,EmpiricalErrorPlatinum1000G,fastARG,per site,retained,rooted,RF,13.312492194526126,0.0793575748474207
442,5000,1000000,16,1e-08,5e-07,EmpiricalErrorPlatinum1000G,fastARG,per site,retained,unrooted,RF,10.752221759748732,0.07682340716099686
443,5000,1000000,16,1e-08,5e-07,EmpiricalErrorPlatinum1000G,fastARG,per site,retained,unrooted,SPR,3.158668400036997,0.020259707835967547
444,5000,1000000,16,1e-08,5e-07,EmpiricalErrorPlatinum1000G,fastARG,per site,retained,unrooted,path,16.221689248099494,0.08645667778511618
446,5000,1000000,16,1e-08,5e-07,EmpiricalErrorPlatinum1000G,tsinfer,per site,broken,rooted,KC,6.122573976005947,0.0361933512789366
447,5000,1000000,16,1e-08,5e-07,EmpiricalErrorPlatinum1000G,tsinfer,per site,broken,rooted,RF,5.907523883227423,0.06159971498305653
449,5000,1000000,16,1e-08,5e-07,EmpiricalErrorPlatinum1000G,tsinfer,per site,broken,unrooted,RF,5.511030038294404,0.06166470605382163
450,5000,1000000,16,1e-08,5e-07,EmpiricalErrorPlatinum1000G,tsinfer,per site,broken,unrooted,SPR,1.824737476378644,0.018479686424998802
451,5000,1000000,16,1e-08,5e-07,EmpiricalErrorPlatinum1000G,tsinfer,per site,broken,unrooted,path,10.102338144397471,0.07489476245755203
453,5000,1000000,16,1e-08,5e-07,EmpiricalErrorPlatinum1000G,tsinfer,per site,retained,rooted,KC,5.832981455787635,0.03471248624797417
457,5000,1000000,16,1e-08,5e-07,EmpiricalErrorPlatinum1000G,tsinfer,per site,retained,unrooted,SPR,1.3527863074831399,0.017306201071908202
458,5000,1000000,16,1e-08,5e-07,EmpiricalErrorPlatinum1000G,tsinfer,per site,retained,unrooted,path,10.73717512412693,0.08116410461695604
