,Ne,length,sample_size,recombination_rate,mutation_rate,error_param,tool,averaging,polytomy_treatment,rooting,metric,treedist_mean,treedist_se
0,5000,1000000,16,1e-08,2.0000000000000003e-10,0,ARGweaver,per site,,rooted,KC,22.757235394417165,0.3114226090091865
1,5000,1000000,16,1e-08,2.0000000000000003e-10,0,ARGweaver,per site,,rooted,RF,25.4622208,0.4002127978740217
2,5000,1000000,16,1e-08,2.0000000000000003e-10,0,ARGweaver,per site,,rooted,wRF,106080.04767618496,1947.8306449010765
3,5000,1000000,16,1e-08,2.0000000000000003e-10,0,ARGweaver,per site,,unrooted,RF,23.476145799999998,0.3887188437459961
4,5000,1000000,16,1e-08,2.0000000000000003e-10,0,ARGweaver,per site,,unrooted,SPR,5.604447816666667,0.08922114647524403
5,5000,1000000,16,1e-08,2.0000000000000003e-10,0,ARGweaver,per site,,unrooted,path,31.117526440627387,0.456738135161354
6,5000,1000000,16,1e-08,2.0000000000000003e-10,0,ARGweaver,per site,,unrooted,wRF,105910.71324530197,1964.3656477501022
7,5000,1000000,16,1e-08,2.0000000000000003e-10,0,RentPlus,per site,,rooted,KC,22.931653287379994,0.27428474338039266
8,5000,1000000,16,1e-08,2.0000000000000003e-10,0,RentPlus,per site,,rooted,RF,23.810571999999997,0.19480313930873852
9,5000,1000000,16,1e-08,2.0000000000000003e-10,0,RentPlus,per site,,unrooted,RF,21.755783480000005,0.19491171794056644
10,5000,1000000,16,1e-08,2.0000000000000003e-10,0,RentPlus,per site,,unrooted,SPR,5.255313610000002,0.04520234479478578
11,5000,1000000,16,1e-08,2.0000000000000003e-10,0,RentPlus,per site,,unrooted,path,29.006610032381186,0.22415812869273571
12,5000,1000000,16,1e-08,2.0000000000000003e-10,0,fastARG,per site,,rooted,KC,21.2180945994275,0.2388449117476466
13,5000,1000000,16,1e-08,2.0000000000000003e-10,0,fastARG,per site,,rooted,RF,23.746831197481196,0.20228095569317764
14,5000,1000000,16,1e-08,2.0000000000000003e-10,0,fastARG,per site,,rooted,wRF,65813.20274195763,512.0614100342757
15,5000,1000000,16,1e-08,2.0000000000000003e-10,0,fastARG,per site,,unrooted,RF,21.66467622522888,0.2035245223187651
16,5000,1000000,16,1e-08,2.0000000000000003e-10,0,fastARG,per site,,unrooted,SPR,5.241626105199622,0.04776577640756572
17,5000,1000000,16,1e-08,2.0000000000000003e-10,0,fastARG,per site,,unrooted,path,28.52170736021964,0.25525948800154163
18,5000,1000000,16,1e-08,2.0000000000000003e-10,0,fastARG,per site,,unrooted,wRF,65811.77005748036,512.042762701604
19,5000,1000000,16,1e-08,2.0000000000000003e-10,0,tsinfer,per site,,rooted,KC,19.067980299219705,0.1461938142742627
20,5000,1000000,16,1e-08,2.0000000000000003e-10,0,tsinfer,per site,,rooted,RF,18.232721023134726,0.12073577325735092
21,5000,1000000,16,1e-08,2.0000000000000003e-10,0,tsinfer,per site,,rooted,wRF,66120.01731888199,512.6979393998507
22,5000,1000000,16,1e-08,2.0000000000000003e-10,0,tsinfer,per site,,unrooted,RF,16.810498625790018,0.11384480446652508
23,5000,1000000,16,1e-08,2.0000000000000003e-10,0,tsinfer,per site,,unrooted,path,34.015810402904094,0.33332863610897034
24,5000,1000000,16,1e-08,2.0000000000000003e-10,0,tsinfer,per site,,unrooted,wRF,66119.29288588223,512.7052377368248
25,5000,1000000,16,1e-08,2.0000000000000003e-10,0,tsinfer,per site,breaking polytomies,rooted,KC,26.97783943595796,0.3652702769736099
26,5000,1000000,16,1e-08,2.0000000000000003e-10,0,tsinfer,per site,breaking polytomies,rooted,RF,24.445748475901265,0.15564286735065452
27,5000,1000000,16,1e-08,2.0000000000000003e-10,0,tsinfer,per site,breaking polytomies,rooted,wRF,66120.01731888199,512.6979393998507
28,5000,1000000,16,1e-08,2.0000000000000003e-10,0,tsinfer,per site,breaking polytomies,unrooted,RF,22.36868281336529,0.15550049683854456
29,5000,1000000,16,1e-08,2.0000000000000003e-10,0,tsinfer,per site,breaking polytomies,unrooted,SPR,5.390644292032872,0.03398674427158885
30,5000,1000000,16,1e-08,2.0000000000000003e-10,0,tsinfer,per site,breaking polytomies,unrooted,path,30.447188263937452,0.2109031040970648
31,5000,1000000,16,1e-08,2.0000000000000003e-10,0,tsinfer,per site,breaking polytomies,unrooted,wRF,66119.29288588223,512.7052377368245
32,5000,1000000,16,1e-08,2.0000000000000003e-10,EmpiricalErrorPlatinum1000G,ARGweaver,per site,,rooted,KC,23.415514772637295,0.9179290280009736
33,5000,1000000,16,1e-08,2.0000000000000003e-10,EmpiricalErrorPlatinum1000G,ARGweaver,per site,,rooted,RF,25.39237508,0.33096747721760383
34,5000,1000000,16,1e-08,2.0000000000000003e-10,EmpiricalErrorPlatinum1000G,ARGweaver,per site,,rooted,wRF,108289.8973626901,1390.5214236640948
35,5000,1000000,16,1e-08,2.0000000000000003e-10,EmpiricalErrorPlatinum1000G,ARGweaver,per site,,unrooted,RF,23.36538832,0.3229492176281589
36,5000,1000000,16,1e-08,2.0000000000000003e-10,EmpiricalErrorPlatinum1000G,ARGweaver,per site,,unrooted,SPR,5.59090578,0.0652822553077342
37,5000,1000000,16,1e-08,2.0000000000000003e-10,EmpiricalErrorPlatinum1000G,ARGweaver,per site,,unrooted,path,30.898773826176114,0.5762850202732444
38,5000,1000000,16,1e-08,2.0000000000000003e-10,EmpiricalErrorPlatinum1000G,ARGweaver,per site,,unrooted,wRF,108150.94513387773,1404.4814351249845
39,5000,1000000,16,1e-08,2.0000000000000003e-10,EmpiricalErrorPlatinum1000G,RentPlus,per site,,rooted,KC,23.0454860909273,0.2611834082386046
40,5000,1000000,16,1e-08,2.0000000000000003e-10,EmpiricalErrorPlatinum1000G,RentPlus,per site,,rooted,RF,23.960424049999997,0.19302937709564877
41,5000,1000000,16,1e-08,2.0000000000000003e-10,EmpiricalErrorPlatinum1000G,RentPlus,per site,,unrooted,RF,21.91327279,0.19321247736308503
42,5000,1000000,16,1e-08,2.0000000000000003e-10,EmpiricalErrorPlatinum1000G,RentPlus,per site,,unrooted,SPR,5.274697300000001,0.04607970471246291
43,5000,1000000,16,1e-08,2.0000000000000003e-10,EmpiricalErrorPlatinum1000G,RentPlus,per site,,unrooted,path,29.256289963004182,0.22750289708139904
44,5000,1000000,16,1e-08,2.0000000000000003e-10,EmpiricalErrorPlatinum1000G,fastARG,per site,,rooted,KC,21.364912500919722,0.23936828361172352
45,5000,1000000,16,1e-08,2.0000000000000003e-10,EmpiricalErrorPlatinum1000G,fastARG,per site,,rooted,RF,23.90209840680628,0.19856276376648865
46,5000,1000000,16,1e-08,2.0000000000000003e-10,EmpiricalErrorPlatinum1000G,fastARG,per site,,rooted,wRF,65810.93165051044,511.948533442043
47,5000,1000000,16,1e-08,2.0000000000000003e-10,EmpiricalErrorPlatinum1000G,fastARG,per site,,unrooted,RF,21.824246084055147,0.19862548635710336
48,5000,1000000,16,1e-08,2.0000000000000003e-10,EmpiricalErrorPlatinum1000G,fastARG,per site,,unrooted,SPR,5.275518560233978,0.04670480838410633
49,5000,1000000,16,1e-08,2.0000000000000003e-10,EmpiricalErrorPlatinum1000G,fastARG,per site,,unrooted,path,28.73401481520326,0.2485603708494346
50,5000,1000000,16,1e-08,2.0000000000000003e-10,EmpiricalErrorPlatinum1000G,fastARG,per site,,unrooted,wRF,65809.52746756407,511.93434737525905
51,5000,1000000,16,1e-08,2.0000000000000003e-10,EmpiricalErrorPlatinum1000G,tsinfer,per site,,rooted,KC,19.07630943422044,0.13255300889471383
52,5000,1000000,16,1e-08,2.0000000000000003e-10,EmpiricalErrorPlatinum1000G,tsinfer,per site,,rooted,RF,18.351313557670757,0.1217459282203073
53,5000,1000000,16,1e-08,2.0000000000000003e-10,EmpiricalErrorPlatinum1000G,tsinfer,per site,,rooted,wRF,66119.82465724972,512.6812846864632
54,5000,1000000,16,1e-08,2.0000000000000003e-10,EmpiricalErrorPlatinum1000G,tsinfer,per site,,unrooted,RF,16.93773328958307,0.11805827491964382
55,5000,1000000,16,1e-08,2.0000000000000003e-10,EmpiricalErrorPlatinum1000G,tsinfer,per site,,unrooted,path,34.18468581297421,0.33489196424730044
56,5000,1000000,16,1e-08,2.0000000000000003e-10,EmpiricalErrorPlatinum1000G,tsinfer,per site,,unrooted,wRF,66119.0306400251,512.6899382379346
57,5000,1000000,16,1e-08,2.0000000000000003e-10,EmpiricalErrorPlatinum1000G,tsinfer,per site,breaking polytomies,rooted,KC,27.15939229680141,0.36135325629888715
58,5000,1000000,16,1e-08,2.0000000000000003e-10,EmpiricalErrorPlatinum1000G,tsinfer,per site,breaking polytomies,rooted,RF,24.622483112915017,0.15677367477698548
59,5000,1000000,16,1e-08,2.0000000000000003e-10,EmpiricalErrorPlatinum1000G,tsinfer,per site,breaking polytomies,rooted,wRF,66119.82465724972,512.6812846864631
60,5000,1000000,16,1e-08,2.0000000000000003e-10,EmpiricalErrorPlatinum1000G,tsinfer,per site,breaking polytomies,unrooted,RF,22.5524315739247,0.15569868899792605
61,5000,1000000,16,1e-08,2.0000000000000003e-10,EmpiricalErrorPlatinum1000G,tsinfer,per site,breaking polytomies,unrooted,SPR,5.419204920986241,0.034367192824782
62,5000,1000000,16,1e-08,2.0000000000000003e-10,EmpiricalErrorPlatinum1000G,tsinfer,per site,breaking polytomies,unrooted,path,30.738135246069596,0.2092442445816062
63,5000,1000000,16,1e-08,2.0000000000000003e-10,EmpiricalErrorPlatinum1000G,tsinfer,per site,breaking polytomies,unrooted,wRF,66119.0306400251,512.6899382379345
64,5000,1000000,16,1e-08,7.368062997280773e-10,0,ARGweaver,per site,,rooted,KC,20.310359118198274,0.239932345818758
65,5000,1000000,16,1e-08,7.368062997280773e-10,0,ARGweaver,per site,,rooted,RF,22.351198800000002,0.4027333766725724
66,5000,1000000,16,1e-08,7.368062997280773e-10,0,ARGweaver,per site,,rooted,wRF,99188.4985437191,1374.1377709752521
67,5000,1000000,16,1e-08,7.368062997280773e-10,0,ARGweaver,per site,,unrooted,RF,20.42394806666667,0.4004954634492527
68,5000,1000000,16,1e-08,7.368062997280773e-10,0,ARGweaver,per site,,unrooted,SPR,4.988499733333334,0.08866958280192717
69,5000,1000000,16,1e-08,7.368062997280773e-10,0,ARGweaver,per site,,unrooted,path,27.575731322882604,0.190425772378661
70,5000,1000000,16,1e-08,7.368062997280773e-10,0,ARGweaver,per site,,unrooted,wRF,98967.32324985771,1391.0902352916698
71,5000,1000000,16,1e-08,7.368062997280773e-10,0,RentPlus,per site,,rooted,KC,20.423225875865615,0.18304188387452222
72,5000,1000000,16,1e-08,7.368062997280773e-10,0,RentPlus,per site,,rooted,RF,20.572003900000006,0.17446447004483445
73,5000,1000000,16,1e-08,7.368062997280773e-10,0,RentPlus,per site,,unrooted,RF,18.534808650000006,0.17507065679101813
74,5000,1000000,16,1e-08,7.368062997280773e-10,0,RentPlus,per site,,unrooted,SPR,4.58905277,0.039465691759185365
75,5000,1000000,16,1e-08,7.368062997280773e-10,0,RentPlus,per site,,unrooted,path,25.604569143447417,0.1801361155508247
76,5000,1000000,16,1e-08,7.368062997280773e-10,0,fastARG,per site,,rooted,KC,19.877313562895807,0.14381454768288404
77,5000,1000000,16,1e-08,7.368062997280773e-10,0,fastARG,per site,,rooted,RF,21.41521498627666,0.18697571270085678
78,5000,1000000,16,1e-08,7.368062997280773e-10,0,fastARG,per site,,rooted,wRF,66202.22768052077,575.4104870952208
79,5000,1000000,16,1e-08,7.368062997280773e-10,0,fastARG,per site,,unrooted,RF,19.28022127547048,0.18924874741521502
80,5000,1000000,16,1e-08,7.368062997280773e-10,0,fastARG,per site,,unrooted,SPR,4.754026354813432,0.04206390098275316
81,5000,1000000,16,1e-08,7.368062997280773e-10,0,fastARG,per site,,unrooted,path,25.61542864600419,0.18883339154908027
82,5000,1000000,16,1e-08,7.368062997280773e-10,0,fastARG,per site,,unrooted,wRF,66198.76208547312,575.423874845586
83,5000,1000000,16,1e-08,7.368062997280773e-10,0,tsinfer,per site,,rooted,KC,18.43300100403767,0.1503318001632766
84,5000,1000000,16,1e-08,7.368062997280773e-10,0,tsinfer,per site,,rooted,RF,17.763454439230994,0.13947591675660406
85,5000,1000000,16,1e-08,7.368062997280773e-10,0,tsinfer,per site,,rooted,wRF,66803.09054717037,579.715261919918
86,5000,1000000,16,1e-08,7.368062997280773e-10,0,tsinfer,per site,,unrooted,RF,16.189208165583064,0.13742697952092292
87,5000,1000000,16,1e-08,7.368062997280773e-10,0,tsinfer,per site,,unrooted,SPR,4.059800295085927,0.4937090590141527
88,5000,1000000,16,1e-08,7.368062997280773e-10,0,tsinfer,per site,,unrooted,path,28.643351295733368,0.18438370742158416
89,5000,1000000,16,1e-08,7.368062997280773e-10,0,tsinfer,per site,,unrooted,wRF,66801.11943424215,579.7101009022861
90,5000,1000000,16,1e-08,7.368062997280773e-10,0,tsinfer,per site,breaking polytomies,rooted,KC,23.201904147200576,0.2586284736046262
91,5000,1000000,16,1e-08,7.368062997280773e-10,0,tsinfer,per site,breaking polytomies,rooted,RF,21.73015249332069,0.1641663063250308
92,5000,1000000,16,1e-08,7.368062997280773e-10,0,tsinfer,per site,breaking polytomies,rooted,wRF,66803.09054717037,579.7152619199179
93,5000,1000000,16,1e-08,7.368062997280773e-10,0,tsinfer,per site,breaking polytomies,unrooted,RF,19.699415485696097,0.16406350597344263
94,5000,1000000,16,1e-08,7.368062997280773e-10,0,tsinfer,per site,breaking polytomies,unrooted,SPR,4.863378795259614,0.03502182575518363
95,5000,1000000,16,1e-08,7.368062997280773e-10,0,tsinfer,per site,breaking polytomies,unrooted,path,26.88663336156195,0.18911296026671637
96,5000,1000000,16,1e-08,7.368062997280773e-10,0,tsinfer,per site,breaking polytomies,unrooted,wRF,66801.11943424215,579.7101009022858
97,5000,1000000,16,1e-08,7.368062997280773e-10,EmpiricalErrorPlatinum1000G,ARGweaver,per site,,rooted,KC,20.040978855991582,0.6584326308696886
98,5000,1000000,16,1e-08,7.368062997280773e-10,EmpiricalErrorPlatinum1000G,ARGweaver,per site,,rooted,RF,21.94235493333333,1.055413752916459
99,5000,1000000,16,1e-08,7.368062997280773e-10,EmpiricalErrorPlatinum1000G,ARGweaver,per site,,rooted,wRF,104149.53267599102,3664.5486618557566
100,5000,1000000,16,1e-08,7.368062997280773e-10,EmpiricalErrorPlatinum1000G,ARGweaver,per site,,unrooted,RF,20.0687266,1.0326949837303232
101,5000,1000000,16,1e-08,7.368062997280773e-10,EmpiricalErrorPlatinum1000G,ARGweaver,per site,,unrooted,SPR,4.894352333333333,0.23438756779767103
102,5000,1000000,16,1e-08,7.368062997280773e-10,EmpiricalErrorPlatinum1000G,ARGweaver,per site,,unrooted,path,27.160408614464973,1.061719161937022
103,5000,1000000,16,1e-08,7.368062997280773e-10,EmpiricalErrorPlatinum1000G,ARGweaver,per site,,unrooted,wRF,104003.56958551978,3684.697124777141
104,5000,1000000,16,1e-08,7.368062997280773e-10,EmpiricalErrorPlatinum1000G,RentPlus,per site,,rooted,KC,20.581990758408015,0.17154549478073555
105,5000,1000000,16,1e-08,7.368062997280773e-10,EmpiricalErrorPlatinum1000G,RentPlus,per site,,rooted,RF,20.855114790000002,0.1591312338054961
106,5000,1000000,16,1e-08,7.368062997280773e-10,EmpiricalErrorPlatinum1000G,RentPlus,per site,,unrooted,RF,18.82586987,0.15926072503221497
107,5000,1000000,16,1e-08,7.368062997280773e-10,EmpiricalErrorPlatinum1000G,RentPlus,per site,,unrooted,SPR,4.648477815,0.03556185869478295
108,5000,1000000,16,1e-08,7.368062997280773e-10,EmpiricalErrorPlatinum1000G,RentPlus,per site,,unrooted,path,25.843206136391565,0.17060325041889968
109,5000,1000000,16,1e-08,7.368062997280773e-10,EmpiricalErrorPlatinum1000G,fastARG,per site,,rooted,KC,20.061859755232433,0.17023801708460973
110,5000,1000000,16,1e-08,7.368062997280773e-10,EmpiricalErrorPlatinum1000G,fastARG,per site,,rooted,RF,21.80006661112442,0.15728407054900856
111,5000,1000000,16,1e-08,7.368062997280773e-10,EmpiricalErrorPlatinum1000G,fastARG,per site,,rooted,wRF,66178.67537234309,574.7123945278561
112,5000,1000000,16,1e-08,7.368062997280773e-10,EmpiricalErrorPlatinum1000G,fastARG,per site,,unrooted,RF,19.682839948159824,0.1548579126797148
113,5000,1000000,16,1e-08,7.368062997280773e-10,EmpiricalErrorPlatinum1000G,fastARG,per site,,unrooted,SPR,4.8367479417715,0.03535710691406217
114,5000,1000000,16,1e-08,7.368062997280773e-10,EmpiricalErrorPlatinum1000G,fastARG,per site,,unrooted,path,26.20460754663511,0.177789257417933
115,5000,1000000,16,1e-08,7.368062997280773e-10,EmpiricalErrorPlatinum1000G,fastARG,per site,,unrooted,wRF,66175.20355612348,574.7116150174049
116,5000,1000000,16,1e-08,7.368062997280773e-10,EmpiricalErrorPlatinum1000G,tsinfer,per site,,rooted,KC,18.489190701587532,0.14280496460568842
117,5000,1000000,16,1e-08,7.368062997280773e-10,EmpiricalErrorPlatinum1000G,tsinfer,per site,,rooted,RF,17.949439603767242,0.12941274172785067
118,5000,1000000,16,1e-08,7.368062997280773e-10,EmpiricalErrorPlatinum1000G,tsinfer,per site,,rooted,wRF,66802.19162637828,579.7253189917985
119,5000,1000000,16,1e-08,7.368062997280773e-10,EmpiricalErrorPlatinum1000G,tsinfer,per site,,unrooted,RF,16.385874755227007,0.12897571816976322
120,5000,1000000,16,1e-08,7.368062997280773e-10,EmpiricalErrorPlatinum1000G,tsinfer,per site,,unrooted,SPR,4.2322848601605285,0.5686080095397706
121,5000,1000000,16,1e-08,7.368062997280773e-10,EmpiricalErrorPlatinum1000G,tsinfer,per site,,unrooted,path,28.979799868317027,0.17859579743138487
122,5000,1000000,16,1e-08,7.368062997280773e-10,EmpiricalErrorPlatinum1000G,tsinfer,per site,,unrooted,wRF,66800.22365900327,579.7227141754913
123,5000,1000000,16,1e-08,7.368062997280773e-10,EmpiricalErrorPlatinum1000G,tsinfer,per site,breaking polytomies,rooted,KC,23.521834864990797,0.25434756040666484
124,5000,1000000,16,1e-08,7.368062997280773e-10,EmpiricalErrorPlatinum1000G,tsinfer,per site,breaking polytomies,rooted,RF,22.047264951865987,0.1483725826270235
125,5000,1000000,16,1e-08,7.368062997280773e-10,EmpiricalErrorPlatinum1000G,tsinfer,per site,breaking polytomies,rooted,wRF,66802.19162637828,579.7253189917985
126,5000,1000000,16,1e-08,7.368062997280773e-10,EmpiricalErrorPlatinum1000G,tsinfer,per site,breaking polytomies,unrooted,RF,20.018433887784294,0.1485065194990534
127,5000,1000000,16,1e-08,7.368062997280773e-10,EmpiricalErrorPlatinum1000G,tsinfer,per site,breaking polytomies,unrooted,SPR,4.918209162926472,0.03217666875110723
128,5000,1000000,16,1e-08,7.368062997280773e-10,EmpiricalErrorPlatinum1000G,tsinfer,per site,breaking polytomies,unrooted,path,27.190299640778935,0.16921102395947984
129,5000,1000000,16,1e-08,7.368062997280773e-10,EmpiricalErrorPlatinum1000G,tsinfer,per site,breaking polytomies,unrooted,wRF,66800.22365900327,579.7227141754915
130,5000,1000000,16,1e-08,2.714417616594907e-09,0,ARGweaver,per site,,rooted,KC,16.225006138842048,0.5643802334966161
131,5000,1000000,16,1e-08,2.714417616594907e-09,0,ARGweaver,per site,,rooted,RF,17.30894652,0.5457249983769727
132,5000,1000000,16,1e-08,2.714417616594907e-09,0,ARGweaver,per site,,rooted,wRF,81008.91396912435,749.5273653958598
133,5000,1000000,16,1e-08,2.714417616594907e-09,0,ARGweaver,per site,,unrooted,RF,15.61995328,0.526448712392684
134,5000,1000000,16,1e-08,2.714417616594907e-09,0,ARGweaver,per site,,unrooted,SPR,4.015768759999999,0.08677345408869357
135,5000,1000000,16,1e-08,2.714417616594907e-09,0,ARGweaver,per site,,unrooted,path,21.763519338744228,0.739538332692019
136,5000,1000000,16,1e-08,2.714417616594907e-09,0,ARGweaver,per site,,unrooted,wRF,80518.78664419983,735.067189897154
137,5000,1000000,16,1e-08,2.714417616594907e-09,0,RentPlus,per site,,rooted,KC,16.630296221236787,0.09323753449007827
138,5000,1000000,16,1e-08,2.714417616594907e-09,0,RentPlus,per site,,rooted,RF,15.777937839999995,0.1523502610832203
139,5000,1000000,16,1e-08,2.714417616594907e-09,0,RentPlus,per site,,unrooted,RF,13.926557870000005,0.15300635251072917
140,5000,1000000,16,1e-08,2.714417616594907e-09,0,RentPlus,per site,,unrooted,SPR,3.652174220000001,0.03805494262632311
141,5000,1000000,16,1e-08,2.714417616594907e-09,0,RentPlus,per site,,unrooted,path,20.645052446012258,0.1361947629431652
142,5000,1000000,16,1e-08,2.714417616594907e-09,0,fastARG,per site,,rooted,KC,18.075388766822748,0.12664516582600924
143,5000,1000000,16,1e-08,2.714417616594907e-09,0,fastARG,per site,,rooted,RF,17.686758201130598,0.156201340495603
144,5000,1000000,16,1e-08,2.714417616594907e-09,0,fastARG,per site,,rooted,wRF,66237.7423146894,539.2711372253514
145,5000,1000000,16,1e-08,2.714417616594907e-09,0,fastARG,per site,,unrooted,RF,15.472252781400282,0.1536189322605634
146,5000,1000000,16,1e-08,2.714417616594907e-09,0,fastARG,per site,,unrooted,SPR,3.9980119236558807,0.03500083538556305
147,5000,1000000,16,1e-08,2.714417616594907e-09,0,fastARG,per site,,unrooted,path,21.834071018434614,0.1380322996081843
148,5000,1000000,16,1e-08,2.714417616594907e-09,0,fastARG,per site,,unrooted,wRF,66230.05478798544,539.273718534681
149,5000,1000000,16,1e-08,2.714417616594907e-09,0,tsinfer,per site,,rooted,KC,15.46785365271728,0.10525735345269008
150,5000,1000000,16,1e-08,2.714417616594907e-09,0,tsinfer,per site,,rooted,RF,14.636216730724627,0.13084894687639304
151,5000,1000000,16,1e-08,2.714417616594907e-09,0,tsinfer,per site,,rooted,wRF,67494.04712529597,553.0658052417053
152,5000,1000000,16,1e-08,2.714417616594907e-09,0,tsinfer,per site,,unrooted,RF,13.103448208979591,0.1302451379039044
153,5000,1000000,16,1e-08,2.714417616594907e-09,0,tsinfer,per site,,unrooted,SPR,3.4018852884618394,0.1098227922851011
154,5000,1000000,16,1e-08,2.714417616594907e-09,0,tsinfer,per site,,unrooted,path,23.025824766618765,0.18387130153625525
155,5000,1000000,16,1e-08,2.714417616594907e-09,0,tsinfer,per site,,unrooted,wRF,67491.0167925178,553.0613743333449
156,5000,1000000,16,1e-08,2.714417616594907e-09,0,tsinfer,per site,breaking polytomies,rooted,KC,17.708450891068733,0.13883491566253453
157,5000,1000000,16,1e-08,2.714417616594907e-09,0,tsinfer,per site,breaking polytomies,rooted,RF,16.953279021995513,0.1630845353784514
158,5000,1000000,16,1e-08,2.714417616594907e-09,0,tsinfer,per site,breaking polytomies,rooted,wRF,67494.04712529597,553.0658052417051
159,5000,1000000,16,1e-08,2.714417616594907e-09,0,tsinfer,per site,breaking polytomies,unrooted,RF,15.179466459078123,0.16186736276591873
160,5000,1000000,16,1e-08,2.714417616594907e-09,0,tsinfer,per site,breaking polytomies,unrooted,SPR,3.944342310575473,0.03758487821338939
161,5000,1000000,16,1e-08,2.714417616594907e-09,0,tsinfer,per site,breaking polytomies,unrooted,path,21.657017441060763,0.1509993895480011
162,5000,1000000,16,1e-08,2.714417616594907e-09,0,tsinfer,per site,breaking polytomies,unrooted,wRF,67491.01679251778,553.061374333345
163,5000,1000000,16,1e-08,2.714417616594907e-09,EmpiricalErrorPlatinum1000G,ARGweaver,per site,,rooted,KC,17.085261907433107,0.46342696255926347
164,5000,1000000,16,1e-08,2.714417616594907e-09,EmpiricalErrorPlatinum1000G,ARGweaver,per site,,rooted,RF,18.0646078,0.27679313279121354
165,5000,1000000,16,1e-08,2.714417616594907e-09,EmpiricalErrorPlatinum1000G,ARGweaver,per site,,rooted,wRF,87793.81537498576,2918.8754517804455
166,5000,1000000,16,1e-08,2.714417616594907e-09,EmpiricalErrorPlatinum1000G,ARGweaver,per site,,unrooted,RF,16.3700972,0.28249960797008616
167,5000,1000000,16,1e-08,2.714417616594907e-09,EmpiricalErrorPlatinum1000G,ARGweaver,per site,,unrooted,SPR,4.149842433333333,0.05377652362066988
168,5000,1000000,16,1e-08,2.714417616594907e-09,EmpiricalErrorPlatinum1000G,ARGweaver,per site,,unrooted,path,22.742414327264175,0.7104401610879155
169,5000,1000000,16,1e-08,2.714417616594907e-09,EmpiricalErrorPlatinum1000G,ARGweaver,per site,,unrooted,wRF,87384.09818103812,2894.236559129344
170,5000,1000000,16,1e-08,2.714417616594907e-09,EmpiricalErrorPlatinum1000G,RentPlus,per site,,rooted,KC,16.863301995573096,0.09977962396484803
171,5000,1000000,16,1e-08,2.714417616594907e-09,EmpiricalErrorPlatinum1000G,RentPlus,per site,,rooted,RF,16.206011540000002,0.15053517945681685
172,5000,1000000,16,1e-08,2.714417616594907e-09,EmpiricalErrorPlatinum1000G,RentPlus,per site,,unrooted,RF,14.352124260000005,0.14967879297941128
173,5000,1000000,16,1e-08,2.714417616594907e-09,EmpiricalErrorPlatinum1000G,RentPlus,per site,,unrooted,SPR,3.7618382399999994,0.03605571058724728
174,5000,1000000,16,1e-08,2.714417616594907e-09,EmpiricalErrorPlatinum1000G,RentPlus,per site,,unrooted,path,21.030620979623635,0.1375653680666507
175,5000,1000000,16,1e-08,2.714417616594907e-09,EmpiricalErrorPlatinum1000G,fastARG,per site,,rooted,KC,18.05263813616916,0.11363157456115769
176,5000,1000000,16,1e-08,2.714417616594907e-09,EmpiricalErrorPlatinum1000G,fastARG,per site,,rooted,RF,18.296087035947746,0.13109267843120617
177,5000,1000000,16,1e-08,2.714417616594907e-09,EmpiricalErrorPlatinum1000G,fastARG,per site,,rooted,wRF,66151.93214011265,539.9533037551447
178,5000,1000000,16,1e-08,2.714417616594907e-09,EmpiricalErrorPlatinum1000G,fastARG,per site,,unrooted,RF,16.13177178181833,0.1313208706613053
179,5000,1000000,16,1e-08,2.714417616594907e-09,EmpiricalErrorPlatinum1000G,fastARG,per site,,unrooted,SPR,4.149714222530944,0.030878459224950687
180,5000,1000000,16,1e-08,2.714417616594907e-09,EmpiricalErrorPlatinum1000G,fastARG,per site,,unrooted,path,22.356899748024592,0.12453737610855604
181,5000,1000000,16,1e-08,2.714417616594907e-09,EmpiricalErrorPlatinum1000G,fastARG,per site,,unrooted,wRF,66144.6050284971,539.9296520776478
182,5000,1000000,16,1e-08,2.714417616594907e-09,EmpiricalErrorPlatinum1000G,tsinfer,per site,,rooted,KC,15.706084287886615,0.10288715344415819
183,5000,1000000,16,1e-08,2.714417616594907e-09,EmpiricalErrorPlatinum1000G,tsinfer,per site,,rooted,RF,15.031631103792671,0.12834454215936858
184,5000,1000000,16,1e-08,2.714417616594907e-09,EmpiricalErrorPlatinum1000G,tsinfer,per site,,rooted,wRF,67493.17949985451,553.0417767501067
185,5000,1000000,16,1e-08,2.714417616594907e-09,EmpiricalErrorPlatinum1000G,tsinfer,per site,,unrooted,RF,13.491462154176586,0.12815144891787394
186,5000,1000000,16,1e-08,2.714417616594907e-09,EmpiricalErrorPlatinum1000G,tsinfer,per site,,unrooted,SPR,3.507415209218501,0.1258257507117147
187,5000,1000000,16,1e-08,2.714417616594907e-09,EmpiricalErrorPlatinum1000G,tsinfer,per site,,unrooted,path,23.454945761598587,0.18019899096720707
188,5000,1000000,16,1e-08,2.714417616594907e-09,EmpiricalErrorPlatinum1000G,tsinfer,per site,,unrooted,wRF,67490.17064931463,553.0344931395285
189,5000,1000000,16,1e-08,2.714417616594907e-09,EmpiricalErrorPlatinum1000G,tsinfer,per site,breaking polytomies,rooted,KC,18.12976953222485,0.138864435840438
190,5000,1000000,16,1e-08,2.714417616594907e-09,EmpiricalErrorPlatinum1000G,tsinfer,per site,breaking polytomies,rooted,RF,17.476175936671666,0.1604892710977393
191,5000,1000000,16,1e-08,2.714417616594907e-09,EmpiricalErrorPlatinum1000G,tsinfer,per site,breaking polytomies,rooted,wRF,67493.17949985451,553.0417767501068
192,5000,1000000,16,1e-08,2.714417616594907e-09,EmpiricalErrorPlatinum1000G,tsinfer,per site,breaking polytomies,unrooted,RF,15.680307703912629,0.1598999646469045
193,5000,1000000,16,1e-08,2.714417616594907e-09,EmpiricalErrorPlatinum1000G,tsinfer,per site,breaking polytomies,unrooted,SPR,4.050748604244799,0.03706547249139184
194,5000,1000000,16,1e-08,2.714417616594907e-09,EmpiricalErrorPlatinum1000G,tsinfer,per site,breaking polytomies,unrooted,path,22.13365009191405,0.14971357891933118
195,5000,1000000,16,1e-08,2.714417616594907e-09,EmpiricalErrorPlatinum1000G,tsinfer,per site,breaking polytomies,unrooted,wRF,67490.17064931463,553.0344931395284
196,5000,1000000,16,1e-08,1e-08,0,ARGweaver,per site,,rooted,KC,12.223656595016976,0.2461488428007671
197,5000,1000000,16,1e-08,1e-08,0,ARGweaver,per site,,rooted,RF,10.346975666666667,0.7342841318070211
198,5000,1000000,16,1e-08,1e-08,0,ARGweaver,per site,,rooted,wRF,61735.498727803504,1959.9092860050828
199,5000,1000000,16,1e-08,1e-08,0,ARGweaver,per site,,unrooted,RF,9.047334000000001,0.7229518375171156
200,5000,1000000,16,1e-08,1e-08,0,ARGweaver,per site,,unrooted,SPR,2.5928253,0.20315127522762438
201,5000,1000000,16,1e-08,1e-08,0,ARGweaver,per site,,unrooted,path,15.476940408148948,0.6694613591142814
202,5000,1000000,16,1e-08,1e-08,0,ARGweaver,per site,,unrooted,wRF,61146.37676738535,1906.1011303897174
203,5000,1000000,16,1e-08,1e-08,0,RentPlus,per site,,rooted,KC,13.138965464429424,0.07600728493134624
204,5000,1000000,16,1e-08,1e-08,0,RentPlus,per site,,rooted,RF,11.414358790000001,0.1280011061202943
205,5000,1000000,16,1e-08,1e-08,0,RentPlus,per site,,unrooted,RF,9.815489130000001,0.12677192851841335
206,5000,1000000,16,1e-08,1e-08,0,RentPlus,per site,,unrooted,SPR,2.8102857949999986,0.03401998535650809
207,5000,1000000,16,1e-08,1e-08,0,RentPlus,per site,,unrooted,path,16.1601455369864,0.12821276799914696
208,5000,1000000,16,1e-08,1e-08,0,fastARG,per site,,rooted,KC,15.988398196845031,0.110298686032925
209,5000,1000000,16,1e-08,1e-08,0,fastARG,per site,,rooted,RF,14.057386725190204,0.1516531199002286
210,5000,1000000,16,1e-08,1e-08,0,fastARG,per site,,rooted,wRF,64178.88089824422,521.9272214420591
211,5000,1000000,16,1e-08,1e-08,0,fastARG,per site,,unrooted,RF,11.76946841467639,0.15400800116311522
212,5000,1000000,16,1e-08,1e-08,0,fastARG,per site,,unrooted,SPR,3.2662203333876607,0.038286838460796155
213,5000,1000000,16,1e-08,1e-08,0,fastARG,per site,,unrooted,path,17.82144831143195,0.14415903414938644
214,5000,1000000,16,1e-08,1e-08,0,fastARG,per site,,unrooted,wRF,64164.58019511393,521.9458098006378
215,5000,1000000,16,1e-08,1e-08,0,tsinfer,per site,,rooted,KC,11.943210627677866,0.07603568201957864
216,5000,1000000,16,1e-08,1e-08,0,tsinfer,per site,,rooted,RF,10.795399251209965,0.12035105452955516
217,5000,1000000,16,1e-08,1e-08,0,tsinfer,per site,,rooted,wRF,66231.68024138076,538.2985442960421
218,5000,1000000,16,1e-08,1e-08,0,tsinfer,per site,,unrooted,RF,9.6116359552783,0.11900623860335353
219,5000,1000000,16,1e-08,1e-08,0,tsinfer,per site,,unrooted,SPR,2.710380800405555,0.05089973445770901
220,5000,1000000,16,1e-08,1e-08,0,tsinfer,per site,,unrooted,path,17.422274429289686,0.15013952977969014
221,5000,1000000,16,1e-08,1e-08,0,tsinfer,per site,,unrooted,wRF,66228.95928678972,538.3009614330448
222,5000,1000000,16,1e-08,1e-08,0,tsinfer,per site,breaking polytomies,rooted,KC,12.758876564309737,0.0881607010471254
223,5000,1000000,16,1e-08,1e-08,0,tsinfer,per site,breaking polytomies,rooted,RF,11.870267481758344,0.14333255279122092
224,5000,1000000,16,1e-08,1e-08,0,tsinfer,per site,breaking polytomies,rooted,wRF,66231.68024138076,538.2985442960419
225,5000,1000000,16,1e-08,1e-08,0,tsinfer,per site,breaking polytomies,unrooted,RF,10.598282021456107,0.14201505664118058
226,5000,1000000,16,1e-08,1e-08,0,tsinfer,per site,breaking polytomies,unrooted,SPR,3.0193803199586533,0.03460200879584259
227,5000,1000000,16,1e-08,1e-08,0,tsinfer,per site,breaking polytomies,unrooted,path,16.719044429127,0.13475943866519596
228,5000,1000000,16,1e-08,1e-08,0,tsinfer,per site,breaking polytomies,unrooted,wRF,66228.95928678972,538.300961433045
229,5000,1000000,16,1e-08,1e-08,EmpiricalErrorPlatinum1000G,ARGweaver,per site,,rooted,KC,12.179727766954699,0.26323216789182213
230,5000,1000000,16,1e-08,1e-08,EmpiricalErrorPlatinum1000G,ARGweaver,per site,,rooted,RF,12.293364799999999,1.2985268000000005
231,5000,1000000,16,1e-08,1e-08,EmpiricalErrorPlatinum1000G,ARGweaver,per site,,rooted,wRF,61719.07990617173,7249.873800279084
232,5000,1000000,16,1e-08,1e-08,EmpiricalErrorPlatinum1000G,ARGweaver,per site,,unrooted,RF,11.1162466,1.3482845999999995
233,5000,1000000,16,1e-08,1e-08,EmpiricalErrorPlatinum1000G,ARGweaver,per site,,unrooted,SPR,3.0911591,0.31207220000000024
234,5000,1000000,16,1e-08,1e-08,EmpiricalErrorPlatinum1000G,ARGweaver,per site,,unrooted,path,17.01332377558166,1.5277491598701818
235,5000,1000000,16,1e-08,1e-08,EmpiricalErrorPlatinum1000G,ARGweaver,per site,,unrooted,wRF,61201.16776769972,7199.884324933978
236,5000,1000000,16,1e-08,1e-08,EmpiricalErrorPlatinum1000G,RentPlus,per site,,rooted,KC,13.560089970755836,0.07666729799949461
237,5000,1000000,16,1e-08,1e-08,EmpiricalErrorPlatinum1000G,RentPlus,per site,,rooted,RF,12.500228060000005,0.11871340269760447
238,5000,1000000,16,1e-08,1e-08,EmpiricalErrorPlatinum1000G,RentPlus,per site,,unrooted,RF,10.952097279999997,0.11657487217411448
239,5000,1000000,16,1e-08,1e-08,EmpiricalErrorPlatinum1000G,RentPlus,per site,,unrooted,SPR,3.0995394450000004,0.030686649557240424
240,5000,1000000,16,1e-08,1e-08,EmpiricalErrorPlatinum1000G,RentPlus,per site,,unrooted,path,17.1992565692084,0.11244313468623504
241,5000,1000000,16,1e-08,1e-08,EmpiricalErrorPlatinum1000G,fastARG,per site,,rooted,KC,16.699609112837855,0.0967569366091682
242,5000,1000000,16,1e-08,1e-08,EmpiricalErrorPlatinum1000G,fastARG,per site,,rooted,RF,16.18144534691031,0.11575198999645564
243,5000,1000000,16,1e-08,1e-08,EmpiricalErrorPlatinum1000G,fastARG,per site,,rooted,wRF,63950.96945154866,521.0623289203378
244,5000,1000000,16,1e-08,1e-08,EmpiricalErrorPlatinum1000G,fastARG,per site,,unrooted,RF,13.90883652424239,0.11371755582947123
245,5000,1000000,16,1e-08,1e-08,EmpiricalErrorPlatinum1000G,fastARG,per site,,unrooted,SPR,3.7579101498213663,0.027661840300625164
246,5000,1000000,16,1e-08,1e-08,EmpiricalErrorPlatinum1000G,fastARG,per site,,unrooted,path,19.753033771003228,0.11691002236858597
247,5000,1000000,16,1e-08,1e-08,EmpiricalErrorPlatinum1000G,fastARG,per site,,unrooted,wRF,63932.627639568906,520.9685635120935
248,5000,1000000,16,1e-08,1e-08,EmpiricalErrorPlatinum1000G,tsinfer,per site,,rooted,KC,12.568924773480715,0.07199694871257467
249,5000,1000000,16,1e-08,1e-08,EmpiricalErrorPlatinum1000G,tsinfer,per site,,rooted,RF,11.925048308048044,0.10367579150744852
250,5000,1000000,16,1e-08,1e-08,EmpiricalErrorPlatinum1000G,tsinfer,per site,,rooted,wRF,66230.53552411195,538.3175627873786
251,5000,1000000,16,1e-08,1e-08,EmpiricalErrorPlatinum1000G,tsinfer,per site,,unrooted,RF,10.682853356730261,0.1034543768347582
252,5000,1000000,16,1e-08,1e-08,EmpiricalErrorPlatinum1000G,tsinfer,per site,,unrooted,SPR,2.8986167215431693,0.05594181411254447
253,5000,1000000,16,1e-08,1e-08,EmpiricalErrorPlatinum1000G,tsinfer,per site,,unrooted,path,18.69381110814418,0.1323045332607771
254,5000,1000000,16,1e-08,1e-08,EmpiricalErrorPlatinum1000G,tsinfer,per site,,unrooted,wRF,66227.81036116494,538.3159286089756
255,5000,1000000,16,1e-08,1e-08,EmpiricalErrorPlatinum1000G,tsinfer,per site,breaking polytomies,rooted,KC,13.644297220087577,0.08324522600721038
256,5000,1000000,16,1e-08,1e-08,EmpiricalErrorPlatinum1000G,tsinfer,per site,breaking polytomies,rooted,RF,13.247833496946287,0.12005441276551812
257,5000,1000000,16,1e-08,1e-08,EmpiricalErrorPlatinum1000G,tsinfer,per site,breaking polytomies,rooted,wRF,66230.53552411195,538.3175627873785
258,5000,1000000,16,1e-08,1e-08,EmpiricalErrorPlatinum1000G,tsinfer,per site,breaking polytomies,unrooted,RF,11.886472141714284,0.1203917158653659
259,5000,1000000,16,1e-08,1e-08,EmpiricalErrorPlatinum1000G,tsinfer,per site,breaking polytomies,unrooted,SPR,3.316206553217536,0.02931062058593038
260,5000,1000000,16,1e-08,1e-08,EmpiricalErrorPlatinum1000G,tsinfer,per site,breaking polytomies,unrooted,path,17.89886738092379,0.11951482555689194
261,5000,1000000,16,1e-08,1e-08,EmpiricalErrorPlatinum1000G,tsinfer,per site,breaking polytomies,unrooted,wRF,66227.81036116494,538.3159286089756
262,5000,1000000,16,1e-08,3.6840314986403866e-08,0,ARGweaver,per site,,rooted,KC,8.414118203300104,0.2678532863162284
263,5000,1000000,16,1e-08,3.6840314986403866e-08,0,ARGweaver,per site,,rooted,RF,6.66107575,0.4257732461099246
264,5000,1000000,16,1e-08,3.6840314986403866e-08,0,ARGweaver,per site,,rooted,wRF,38408.56064092711,1077.062638807896
265,5000,1000000,16,1e-08,3.6840314986403866e-08,0,ARGweaver,per site,,unrooted,RF,5.84272505,0.43043397576445513
266,5000,1000000,16,1e-08,3.6840314986403866e-08,0,ARGweaver,per site,,unrooted,SPR,1.9151578000000002,0.09382476573445316
267,5000,1000000,16,1e-08,3.6840314986403866e-08,0,ARGweaver,per site,,unrooted,path,10.897885268099154,0.5700597526029095
268,5000,1000000,16,1e-08,3.6840314986403866e-08,0,ARGweaver,per site,,unrooted,wRF,37904.52614698879,1041.7181296676572
269,5000,1000000,16,1e-08,3.6840314986403866e-08,0,RentPlus,per site,,rooted,KC,10.613965351536983,0.05597929256324419
270,5000,1000000,16,1e-08,3.6840314986403866e-08,0,RentPlus,per site,,rooted,RF,7.907838029999999,0.08593631053395752
271,5000,1000000,16,1e-08,3.6840314986403866e-08,0,RentPlus,per site,,unrooted,RF,6.522212929999999,0.08448250520581378
272,5000,1000000,16,1e-08,3.6840314986403866e-08,0,RentPlus,per site,,unrooted,SPR,2.062191705,0.026497718171848345
273,5000,1000000,16,1e-08,3.6840314986403866e-08,0,RentPlus,per site,,unrooted,path,12.213228776607144,0.09545107572621939
274,5000,1000000,16,1e-08,3.6840314986403866e-08,0,fastARG,per site,,rooted,KC,14.33143249591172,0.09497271423509086
275,5000,1000000,16,1e-08,3.6840314986403866e-08,0,fastARG,per site,,rooted,RF,10.77385698751636,0.11434426081679852
276,5000,1000000,16,1e-08,3.6840314986403866e-08,0,fastARG,per site,,rooted,wRF,62648.42641136154,463.54159270847265
277,5000,1000000,16,1e-08,3.6840314986403866e-08,0,fastARG,per site,,unrooted,RF,8.37002431381851,0.11399159120931217
278,5000,1000000,16,1e-08,3.6840314986403866e-08,0,fastARG,per site,,unrooted,SPR,2.5682557139094517,0.031229477570136305
279,5000,1000000,16,1e-08,3.6840314986403866e-08,0,fastARG,per site,,unrooted,path,14.116792395638361,0.12054419833222
280,5000,1000000,16,1e-08,3.6840314986403866e-08,0,fastARG,per site,,unrooted,wRF,62624.25014070987,463.37434933743805
281,5000,1000000,16,1e-08,3.6840314986403866e-08,0,tsinfer,per site,,rooted,KC,8.568646335126843,0.06109328093768403
282,5000,1000000,16,1e-08,3.6840314986403866e-08,0,tsinfer,per site,,rooted,RF,7.19677372757757,0.08951971655950935
283,5000,1000000,16,1e-08,3.6840314986403866e-08,0,tsinfer,per site,,rooted,wRF,65805.5501074228,491.70416256831777
284,5000,1000000,16,1e-08,3.6840314986403866e-08,0,tsinfer,per site,,unrooted,RF,6.500907237110648,0.08779555360745796
285,5000,1000000,16,1e-08,3.6840314986403866e-08,0,tsinfer,per site,,unrooted,SPR,1.938691926305203,0.03126093459513019
286,5000,1000000,16,1e-08,3.6840314986403866e-08,0,tsinfer,per site,,unrooted,path,12.899431870146987,0.113521164632117
287,5000,1000000,16,1e-08,3.6840314986403866e-08,0,tsinfer,per site,,unrooted,wRF,65803.70859779353,491.7006736413596
288,5000,1000000,16,1e-08,3.6840314986403866e-08,0,tsinfer,per site,breaking polytomies,rooted,KC,8.839809143100924,0.06453103767008349
289,5000,1000000,16,1e-08,3.6840314986403866e-08,0,tsinfer,per site,breaking polytomies,rooted,RF,7.6697857609119895,0.09747667127569579
290,5000,1000000,16,1e-08,3.6840314986403866e-08,0,tsinfer,per site,breaking polytomies,rooted,wRF,65805.5501074228,491.7041625683176
291,5000,1000000,16,1e-08,3.6840314986403866e-08,0,tsinfer,per site,breaking polytomies,unrooted,RF,6.941058464764218,0.09588249302342765
292,5000,1000000,16,1e-08,3.6840314986403866e-08,0,tsinfer,per site,breaking polytomies,unrooted,SPR,2.2068648503012143,0.028728722117999123
293,5000,1000000,16,1e-08,3.6840314986403866e-08,0,tsinfer,per site,breaking polytomies,unrooted,path,12.453135049212108,0.10307312998060911
294,5000,1000000,16,1e-08,3.6840314986403866e-08,0,tsinfer,per site,breaking polytomies,unrooted,wRF,65803.70859779352,491.7006736413593
295,5000,1000000,16,1e-08,3.6840314986403866e-08,EmpiricalErrorPlatinum1000G,ARGweaver,per site,,rooted,KC,9.028882172587469,0.012050658289573855
296,5000,1000000,16,1e-08,3.6840314986403866e-08,EmpiricalErrorPlatinum1000G,ARGweaver,per site,,rooted,RF,7.658623999999998,0.5706246000000004
297,5000,1000000,16,1e-08,3.6840314986403866e-08,EmpiricalErrorPlatinum1000G,ARGweaver,per site,,rooted,wRF,47312.89681225312,1462.115169675846
298,5000,1000000,16,1e-08,3.6840314986403866e-08,EmpiricalErrorPlatinum1000G,ARGweaver,per site,,unrooted,RF,6.7912125,0.49617829999999946
299,5000,1000000,16,1e-08,3.6840314986403866e-08,EmpiricalErrorPlatinum1000G,ARGweaver,per site,,unrooted,SPR,2.1219087500000002,0.22563204999999986
300,5000,1000000,16,1e-08,3.6840314986403866e-08,EmpiricalErrorPlatinum1000G,ARGweaver,per site,,unrooted,path,12.283605833533546,0.014858776844500099
301,5000,1000000,16,1e-08,3.6840314986403866e-08,EmpiricalErrorPlatinum1000G,ARGweaver,per site,,unrooted,wRF,46746.702268469424,1435.018095258647
302,5000,1000000,16,1e-08,3.6840314986403866e-08,EmpiricalErrorPlatinum1000G,RentPlus,per site,,rooted,KC,11.266467220945305,0.05549370142601542
303,5000,1000000,16,1e-08,3.6840314986403866e-08,EmpiricalErrorPlatinum1000G,RentPlus,per site,,rooted,RF,9.751780459999999,0.07898771413579109
304,5000,1000000,16,1e-08,3.6840314986403866e-08,EmpiricalErrorPlatinum1000G,RentPlus,per site,,unrooted,RF,8.505293660000001,0.07719352467194399
305,5000,1000000,16,1e-08,3.6840314986403866e-08,EmpiricalErrorPlatinum1000G,RentPlus,per site,,unrooted,SPR,2.5861704700000008,0.020119835457505914
306,5000,1000000,16,1e-08,3.6840314986403866e-08,EmpiricalErrorPlatinum1000G,RentPlus,per site,,unrooted,path,14.332707926397257,0.0836621030771947
307,5000,1000000,16,1e-08,3.6840314986403866e-08,EmpiricalErrorPlatinum1000G,fastARG,per site,,rooted,KC,15.871281034973922,0.10970113715668597
308,5000,1000000,16,1e-08,3.6840314986403866e-08,EmpiricalErrorPlatinum1000G,fastARG,per site,,rooted,RF,14.96453268279189,0.10455186011712285
309,5000,1000000,16,1e-08,3.6840314986403866e-08,EmpiricalErrorPlatinum1000G,fastARG,per site,,rooted,wRF,63013.262608119956,487.7029704024417
310,5000,1000000,16,1e-08,3.6840314986403866e-08,EmpiricalErrorPlatinum1000G,fastARG,per site,,unrooted,RF,12.591003574048056,0.09958000208247902
311,5000,1000000,16,1e-08,3.6840314986403866e-08,EmpiricalErrorPlatinum1000G,fastARG,per site,,unrooted,SPR,3.526579345894108,0.022763055135541464
312,5000,1000000,16,1e-08,3.6840314986403866e-08,EmpiricalErrorPlatinum1000G,fastARG,per site,,unrooted,path,18.15832392369454,0.11313949101360424
313,5000,1000000,16,1e-08,3.6840314986403866e-08,EmpiricalErrorPlatinum1000G,fastARG,per site,,unrooted,wRF,62973.934817951595,487.4378118832519
314,5000,1000000,16,1e-08,3.6840314986403866e-08,EmpiricalErrorPlatinum1000G,tsinfer,per site,,rooted,KC,9.66394648396896,0.059045445795417505
315,5000,1000000,16,1e-08,3.6840314986403866e-08,EmpiricalErrorPlatinum1000G,tsinfer,per site,,rooted,RF,9.029595543114162,0.0788513211691621
316,5000,1000000,16,1e-08,3.6840314986403866e-08,EmpiricalErrorPlatinum1000G,tsinfer,per site,,rooted,wRF,65804.13554243316,491.67769114283084
317,5000,1000000,16,1e-08,3.6840314986403866e-08,EmpiricalErrorPlatinum1000G,tsinfer,per site,,unrooted,RF,8.206244693658636,0.07692250053869856
318,5000,1000000,16,1e-08,3.6840314986403866e-08,EmpiricalErrorPlatinum1000G,tsinfer,per site,,unrooted,SPR,2.285870581798284,0.03199194011211588
319,5000,1000000,16,1e-08,3.6840314986403866e-08,EmpiricalErrorPlatinum1000G,tsinfer,per site,,unrooted,path,15.136451526806356,0.10016547189447059
320,5000,1000000,16,1e-08,3.6840314986403866e-08,EmpiricalErrorPlatinum1000G,tsinfer,per site,,unrooted,wRF,65802.18604421431,491.6751997316006
321,5000,1000000,16,1e-08,3.6840314986403866e-08,EmpiricalErrorPlatinum1000G,tsinfer,per site,breaking polytomies,rooted,KC,10.22785667857911,0.06471527653688633
322,5000,1000000,16,1e-08,3.6840314986403866e-08,EmpiricalErrorPlatinum1000G,tsinfer,per site,breaking polytomies,rooted,RF,9.846756726127149,0.09123413479817413
323,5000,1000000,16,1e-08,3.6840314986403866e-08,EmpiricalErrorPlatinum1000G,tsinfer,per site,breaking polytomies,rooted,wRF,65804.13554243316,491.6776911428309
324,5000,1000000,16,1e-08,3.6840314986403866e-08,EmpiricalErrorPlatinum1000G,tsinfer,per site,breaking polytomies,unrooted,RF,8.962421783096334,0.0896480638743941
325,5000,1000000,16,1e-08,3.6840314986403866e-08,EmpiricalErrorPlatinum1000G,tsinfer,per site,breaking polytomies,unrooted,SPR,2.7067971151508363,0.023808320097672652
326,5000,1000000,16,1e-08,3.6840314986403866e-08,EmpiricalErrorPlatinum1000G,tsinfer,per site,breaking polytomies,unrooted,path,14.52249577486563,0.09207155680845944
327,5000,1000000,16,1e-08,3.6840314986403866e-08,EmpiricalErrorPlatinum1000G,tsinfer,per site,breaking polytomies,unrooted,wRF,65802.18604421431,491.6751997316007
328,5000,1000000,16,1e-08,1.3572088082974523e-07,0,ARGweaver,per site,,rooted,KC,5.604963578633754,0.04090037706196046
329,5000,1000000,16,1e-08,1.3572088082974523e-07,0,ARGweaver,per site,,rooted,RF,3.5729756666666668,0.36270467509230936
330,5000,1000000,16,1e-08,1.3572088082974523e-07,0,ARGweaver,per site,,rooted,wRF,24324.61908830257,1102.9483830315285
331,5000,1000000,16,1e-08,1.3572088082974523e-07,0,ARGweaver,per site,,unrooted,RF,3.0464268000000003,0.3443262994615041
332,5000,1000000,16,1e-08,1.3572088082974523e-07,0,ARGweaver,per site,,unrooted,SPR,1.1351136333333331,0.13424021258376503
333,5000,1000000,16,1e-08,1.3572088082974523e-07,0,ARGweaver,per site,,unrooted,path,6.648901861710324,0.4158593494457505
334,5000,1000000,16,1e-08,1.3572088082974523e-07,0,ARGweaver,per site,,unrooted,wRF,23882.55347492085,1084.7646749661017
335,5000,1000000,16,1e-08,1.3572088082974523e-07,0,RentPlus,per site,,rooted,KC,8.61655802061224,0.03333844719188771
336,5000,1000000,16,1e-08,1.3572088082974523e-07,0,RentPlus,per site,,rooted,RF,5.03818069,0.05028410470347505
337,5000,1000000,16,1e-08,1.3572088082974523e-07,0,RentPlus,per site,,unrooted,RF,3.76242594,0.05093588530420765
338,5000,1000000,16,1e-08,1.3572088082974523e-07,0,RentPlus,per site,,unrooted,SPR,1.283404505,0.017656577418343984
339,5000,1000000,16,1e-08,1.3572088082974523e-07,0,RentPlus,per site,,unrooted,path,8.229558592915224,0.07863490406579357
340,5000,1000000,16,1e-08,1.3572088082974523e-07,0,fastARG,per site,,rooted,KC,12.93601030637469,0.08366591735435436
341,5000,1000000,16,1e-08,1.3572088082974523e-07,0,fastARG,per site,,rooted,RF,7.488934524111723,0.07769695873609114
342,5000,1000000,16,1e-08,1.3572088082974523e-07,0,fastARG,per site,,rooted,wRF,62996.28827182735,506.2896073753659
343,5000,1000000,16,1e-08,1.3572088082974523e-07,0,fastARG,per site,,unrooted,RF,4.979121363986755,0.07505064173444281
344,5000,1000000,16,1e-08,1.3572088082974523e-07,0,fastARG,per site,,unrooted,SPR,1.6949113294264522,0.024527396821218062
345,5000,1000000,16,1e-08,1.3572088082974523e-07,0,fastARG,per site,,unrooted,path,10.016954012652164,0.0982786705343784
346,5000,1000000,16,1e-08,1.3572088082974523e-07,0,fastARG,per site,,unrooted,wRF,62973.92383956803,506.34321706035854
347,5000,1000000,16,1e-08,1.3572088082974523e-07,0,tsinfer,per site,,rooted,KC,5.521514206548817,0.047194320108137774
348,5000,1000000,16,1e-08,1.3572088082974523e-07,0,tsinfer,per site,,rooted,RF,4.051846114392779,0.05647522517142154
349,5000,1000000,16,1e-08,1.3572088082974523e-07,0,tsinfer,per site,,rooted,wRF,67425.73294656212,543.896289797088
350,5000,1000000,16,1e-08,1.3572088082974523e-07,0,tsinfer,per site,,unrooted,RF,3.704878585732914,0.056047095508620734
351,5000,1000000,16,1e-08,1.3572088082974523e-07,0,tsinfer,per site,,unrooted,SPR,1.216595913471716,0.02033569365035273
352,5000,1000000,16,1e-08,1.3572088082974523e-07,0,tsinfer,per site,,unrooted,path,8.561201711095435,0.09893051048751496
353,5000,1000000,16,1e-08,1.3572088082974523e-07,0,tsinfer,per site,,unrooted,wRF,67424.6795514918,543.8991918774457
354,5000,1000000,16,1e-08,1.3572088082974523e-07,0,tsinfer,per site,breaking polytomies,rooted,KC,5.570883337649369,0.049161778340520976
355,5000,1000000,16,1e-08,1.3572088082974523e-07,0,tsinfer,per site,breaking polytomies,rooted,RF,4.22248128480283,0.0605244872281512
356,5000,1000000,16,1e-08,1.3572088082974523e-07,0,tsinfer,per site,breaking polytomies,rooted,wRF,67425.73294656212,543.896289797088
357,5000,1000000,16,1e-08,1.3572088082974523e-07,0,tsinfer,per site,breaking polytomies,unrooted,RF,3.865395901638716,0.06012574635428438
358,5000,1000000,16,1e-08,1.3572088082974523e-07,0,tsinfer,per site,breaking polytomies,unrooted,SPR,1.3723952837938365,0.02008330611494073
359,5000,1000000,16,1e-08,1.3572088082974523e-07,0,tsinfer,per site,breaking polytomies,unrooted,path,8.283310070516277,0.09205232450942877
360,5000,1000000,16,1e-08,1.3572088082974523e-07,0,tsinfer,per site,breaking polytomies,unrooted,wRF,67424.6795514918,543.8991918774456
361,5000,1000000,16,1e-08,1.3572088082974523e-07,EmpiricalErrorPlatinum1000G,ARGweaver,per site,,rooted,KC,5.85755402130332,0.19714556491233437
362,5000,1000000,16,1e-08,1.3572088082974523e-07,EmpiricalErrorPlatinum1000G,ARGweaver,per site,,rooted,RF,3.9175177999999997,0.2401968159663322
363,5000,1000000,16,1e-08,1.3572088082974523e-07,EmpiricalErrorPlatinum1000G,ARGweaver,per site,,rooted,wRF,30212.81208578665,1212.3850630234674
364,5000,1000000,16,1e-08,1.3572088082974523e-07,EmpiricalErrorPlatinum1000G,ARGweaver,per site,,unrooted,RF,3.35296496,0.2049698515094297
365,5000,1000000,16,1e-08,1.3572088082974523e-07,EmpiricalErrorPlatinum1000G,ARGweaver,per site,,unrooted,SPR,1.19355138,0.08231030696406988
366,5000,1000000,16,1e-08,1.3572088082974523e-07,EmpiricalErrorPlatinum1000G,ARGweaver,per site,,unrooted,path,7.309689695490718,0.32037530814108406
367,5000,1000000,16,1e-08,1.3572088082974523e-07,EmpiricalErrorPlatinum1000G,ARGweaver,per site,,unrooted,wRF,29743.533237028856,1183.1683238912156
368,5000,1000000,16,1e-08,1.3572088082974523e-07,EmpiricalErrorPlatinum1000G,RentPlus,per site,,rooted,KC,9.716799316538156,0.034181400199344444
369,5000,1000000,16,1e-08,1.3572088082974523e-07,EmpiricalErrorPlatinum1000G,RentPlus,per site,,rooted,RF,7.830412269999999,0.0581116475867692
370,5000,1000000,16,1e-08,1.3572088082974523e-07,EmpiricalErrorPlatinum1000G,RentPlus,per site,,unrooted,RF,6.777539829999999,0.05989974652686801
371,5000,1000000,16,1e-08,1.3572088082974523e-07,EmpiricalErrorPlatinum1000G,RentPlus,per site,,unrooted,SPR,2.150080925000001,0.018389276371525664
372,5000,1000000,16,1e-08,1.3572088082974523e-07,EmpiricalErrorPlatinum1000G,RentPlus,per site,,unrooted,path,12.183876874790714,0.06991824411002977
373,5000,1000000,16,1e-08,1.3572088082974523e-07,EmpiricalErrorPlatinum1000G,fastARG,per site,,rooted,KC,15.521168336521002,0.09661154894417588
374,5000,1000000,16,1e-08,1.3572088082974523e-07,EmpiricalErrorPlatinum1000G,fastARG,per site,,rooted,RF,13.932548794283784,0.0796142747570566
375,5000,1000000,16,1e-08,1.3572088082974523e-07,EmpiricalErrorPlatinum1000G,fastARG,per site,,rooted,wRF,74306.97897287413,666.104558504244
376,5000,1000000,16,1e-08,1.3572088082974523e-07,EmpiricalErrorPlatinum1000G,fastARG,per site,,unrooted,RF,11.430225702251425,0.072709258848579
377,5000,1000000,16,1e-08,1.3572088082974523e-07,EmpiricalErrorPlatinum1000G,fastARG,per site,,unrooted,SPR,3.2835610939101354,0.01801211007992497
378,5000,1000000,16,1e-08,1.3572088082974523e-07,EmpiricalErrorPlatinum1000G,fastARG,per site,,unrooted,path,17.088347962237005,0.08392573880834063
379,5000,1000000,16,1e-08,1.3572088082974523e-07,EmpiricalErrorPlatinum1000G,fastARG,per site,,unrooted,wRF,74192.18283893882,665.296489741425
380,5000,1000000,16,1e-08,1.3572088082974523e-07,EmpiricalErrorPlatinum1000G,tsinfer,per site,,rooted,KC,7.39969001482817,0.035087480635357896
381,5000,1000000,16,1e-08,1.3572088082974523e-07,EmpiricalErrorPlatinum1000G,tsinfer,per site,,rooted,RF,6.692139574879133,0.05317910875870439
382,5000,1000000,16,1e-08,1.3572088082974523e-07,EmpiricalErrorPlatinum1000G,tsinfer,per site,,rooted,wRF,67424.56017333918,543.9025818664961
383,5000,1000000,16,1e-08,1.3572088082974523e-07,EmpiricalErrorPlatinum1000G,tsinfer,per site,,unrooted,RF,6.1649722110671465,0.05313303019099963
384,5000,1000000,16,1e-08,1.3572088082974523e-07,EmpiricalErrorPlatinum1000G,tsinfer,per site,,unrooted,SPR,1.7370598159135,0.022100494777663352
385,5000,1000000,16,1e-08,1.3572088082974523e-07,EmpiricalErrorPlatinum1000G,tsinfer,per site,,unrooted,path,12.409161055712962,0.074816587695377
386,5000,1000000,16,1e-08,1.3572088082974523e-07,EmpiricalErrorPlatinum1000G,tsinfer,per site,,unrooted,wRF,67423.30066492507,543.90562263365
387,5000,1000000,16,1e-08,1.3572088082974523e-07,EmpiricalErrorPlatinum1000G,tsinfer,per site,breaking polytomies,rooted,KC,7.751678544440069,0.03758038887610189
388,5000,1000000,16,1e-08,1.3572088082974523e-07,EmpiricalErrorPlatinum1000G,tsinfer,per site,breaking polytomies,rooted,RF,7.254886324505944,0.05905542037238133
389,5000,1000000,16,1e-08,1.3572088082974523e-07,EmpiricalErrorPlatinum1000G,tsinfer,per site,breaking polytomies,rooted,wRF,67424.56017333918,543.9025818664961
390,5000,1000000,16,1e-08,1.3572088082974523e-07,EmpiricalErrorPlatinum1000G,tsinfer,per site,breaking polytomies,unrooted,RF,6.6887892836355505,0.05940534716506152
391,5000,1000000,16,1e-08,1.3572088082974523e-07,EmpiricalErrorPlatinum1000G,tsinfer,per site,breaking polytomies,unrooted,SPR,2.1450393296016834,0.017229494557695554
392,5000,1000000,16,1e-08,1.3572088082974523e-07,EmpiricalErrorPlatinum1000G,tsinfer,per site,breaking polytomies,unrooted,path,11.824640460715623,0.0697667086274271
393,5000,1000000,16,1e-08,1.3572088082974523e-07,EmpiricalErrorPlatinum1000G,tsinfer,per site,breaking polytomies,unrooted,wRF,67423.30066492507,543.9056226336501
394,5000,1000000,16,1e-08,5e-07,0,ARGweaver,per site,,rooted,KC,3.513240226977357,0.20178587095825515
395,5000,1000000,16,1e-08,5e-07,0,ARGweaver,per site,,rooted,RF,1.3857793,0.13743724578676872
396,5000,1000000,16,1e-08,5e-07,0,ARGweaver,per site,,rooted,wRF,16834.397303260157,593.7725420484006
397,5000,1000000,16,1e-08,5e-07,0,ARGweaver,per site,,unrooted,RF,0.9958524666666667,0.11962115092964302
398,5000,1000000,16,1e-08,5e-07,0,ARGweaver,per site,,unrooted,SPR,0.39673715000000004,0.04349538484942014
399,5000,1000000,16,1e-08,5e-07,0,ARGweaver,per site,,unrooted,path,2.693554973528204,0.26406957474456544
400,5000,1000000,16,1e-08,5e-07,0,ARGweaver,per site,,unrooted,wRF,16532.947526689397,590.703374010943
401,5000,1000000,16,1e-08,5e-07,0,RentPlus,per site,,rooted,KC,7.262984432959721,0.028054502767626638
402,5000,1000000,16,1e-08,5e-07,0,RentPlus,per site,,rooted,RF,3.17696596,0.032073758164435466
403,5000,1000000,16,1e-08,5e-07,0,RentPlus,per site,,unrooted,RF,1.8991595900000002,0.03335120790644331
404,5000,1000000,16,1e-08,5e-07,0,RentPlus,per site,,unrooted,SPR,0.6898333,0.012917830212492645
405,5000,1000000,16,1e-08,5e-07,0,RentPlus,per site,,unrooted,path,4.709328947276373,0.0699153673449707
406,5000,1000000,16,1e-08,5e-07,0,fastARG,per site,,rooted,KC,11.832462655514725,0.08373684261661618
407,5000,1000000,16,1e-08,5e-07,0,fastARG,per site,,rooted,RF,5.069819653002295,0.06923660323986285
408,5000,1000000,16,1e-08,5e-07,0,fastARG,per site,,rooted,wRF,60744.73749880929,587.3755098878552
409,5000,1000000,16,1e-08,5e-07,0,fastARG,per site,,unrooted,RF,2.4316959562035234,0.05834148721951652
410,5000,1000000,16,1e-08,5e-07,0,fastARG,per site,,unrooted,SPR,0.9291242020625252,0.02062090557388376
411,5000,1000000,16,1e-08,5e-07,0,fastARG,per site,,unrooted,path,5.831437584314489,0.11328797782365248
412,5000,1000000,16,1e-08,5e-07,0,fastARG,per site,,unrooted,wRF,60723.257803052984,587.3436425988859
413,5000,1000000,16,1e-08,5e-07,0,tsinfer,per site,,rooted,KC,2.9221015931567718,0.042125516445671994
414,5000,1000000,16,1e-08,5e-07,0,tsinfer,per site,,rooted,RF,1.901238724214291,0.035892164931125105
415,5000,1000000,16,1e-08,5e-07,0,tsinfer,per site,,rooted,wRF,65601.01819069608,630.0315750961486
416,5000,1000000,16,1e-08,5e-07,0,tsinfer,per site,,unrooted,RF,1.7504017569159194,0.03552263326796491
417,5000,1000000,16,1e-08,5e-07,0,tsinfer,per site,,unrooted,SPR,0.6348638304742602,0.01332783468849176
418,5000,1000000,16,1e-08,5e-07,0,tsinfer,per site,,unrooted,path,4.724283185686025,0.07993832813318141
419,5000,1000000,16,1e-08,5e-07,0,tsinfer,per site,,unrooted,wRF,65600.52669791454,630.0341196742231
420,5000,1000000,16,1e-08,5e-07,0,tsinfer,per site,breaking polytomies,rooted,KC,2.9170733905360735,0.04207705249043445
421,5000,1000000,16,1e-08,5e-07,0,tsinfer,per site,breaking polytomies,rooted,RF,1.9605651741141106,0.037492233234463865
422,5000,1000000,16,1e-08,5e-07,0,tsinfer,per site,breaking polytomies,rooted,wRF,65601.01819069608,630.0315750961485
423,5000,1000000,16,1e-08,5e-07,0,tsinfer,per site,breaking polytomies,unrooted,RF,1.8063075402501472,0.03712179350699453
424,5000,1000000,16,1e-08,5e-07,0,tsinfer,per site,breaking polytomies,unrooted,SPR,0.7152608572213236,0.014637306341667242
425,5000,1000000,16,1e-08,5e-07,0,tsinfer,per site,breaking polytomies,unrooted,path,4.548391624602041,0.07659428902325979
426,5000,1000000,16,1e-08,5e-07,0,tsinfer,per site,breaking polytomies,unrooted,wRF,65600.52669791454,630.0341196742231
427,5000,1000000,16,1e-08,5e-07,EmpiricalErrorPlatinum1000G,ARGweaver,per site,,rooted,KC,3.7721709976868327,0.15132645918491003
428,5000,1000000,16,1e-08,5e-07,EmpiricalErrorPlatinum1000G,ARGweaver,per site,,rooted,RF,2.20178924,0.3379644016814339
429,5000,1000000,16,1e-08,5e-07,EmpiricalErrorPlatinum1000G,ARGweaver,per site,,rooted,wRF,20138.302455843565,502.32628634178946
430,5000,1000000,16,1e-08,5e-07,EmpiricalErrorPlatinum1000G,ARGweaver,per site,,unrooted,RF,1.8066034000000002,0.34795260401104633
431,5000,1000000,16,1e-08,5e-07,EmpiricalErrorPlatinum1000G,ARGweaver,per site,,unrooted,SPR,0.6780197400000001,0.10717103685278312
432,5000,1000000,16,1e-08,5e-07,EmpiricalErrorPlatinum1000G,ARGweaver,per site,,unrooted,path,4.131870379593149,0.582077989214953
433,5000,1000000,16,1e-08,5e-07,EmpiricalErrorPlatinum1000G,ARGweaver,per site,,unrooted,wRF,19788.538585642942,501.5982670140649
434,5000,1000000,16,1e-08,5e-07,EmpiricalErrorPlatinum1000G,RentPlus,per site,,rooted,KC,8.808194339895339,0.030148926025636603
435,5000,1000000,16,1e-08,5e-07,EmpiricalErrorPlatinum1000G,RentPlus,per site,,rooted,RF,6.878897439999999,0.05853108264884156
436,5000,1000000,16,1e-08,5e-07,EmpiricalErrorPlatinum1000G,RentPlus,per site,,unrooted,RF,5.944030750000001,0.06157392646405526
437,5000,1000000,16,1e-08,5e-07,EmpiricalErrorPlatinum1000G,RentPlus,per site,,unrooted,SPR,1.9174274850000008,0.018297097504466453
438,5000,1000000,16,1e-08,5e-07,EmpiricalErrorPlatinum1000G,RentPlus,per site,,unrooted,path,10.973262137264465,0.07371683681208638
439,5000,1000000,16,1e-08,5e-07,EmpiricalErrorPlatinum1000G,fastARG,per site,,rooted,KC,15.069085573492242,0.07730477722643297
440,5000,1000000,16,1e-08,5e-07,EmpiricalErrorPlatinum1000G,fastARG,per site,,rooted,RF,13.312492194526126,0.0793575748474207
441,5000,1000000,16,1e-08,5e-07,EmpiricalErrorPlatinum1000G,fastARG,per site,,rooted,wRF,132822.83005139965,1675.096101836109
442,5000,1000000,16,1e-08,5e-07,EmpiricalErrorPlatinum1000G,fastARG,per site,,unrooted,RF,10.752221759748732,0.07682340716099686
443,5000,1000000,16,1e-08,5e-07,EmpiricalErrorPlatinum1000G,fastARG,per site,,unrooted,SPR,3.158668400036997,0.02025970783596754
444,5000,1000000,16,1e-08,5e-07,EmpiricalErrorPlatinum1000G,fastARG,per site,,unrooted,path,16.221689248099494,0.08645667778511618
445,5000,1000000,16,1e-08,5e-07,EmpiricalErrorPlatinum1000G,fastARG,per site,,unrooted,wRF,132614.6105343084,1674.1551385860632
446,5000,1000000,16,1e-08,5e-07,EmpiricalErrorPlatinum1000G,tsinfer,per site,,rooted,KC,5.8329814557876345,0.03471248624797417
447,5000,1000000,16,1e-08,5e-07,EmpiricalErrorPlatinum1000G,tsinfer,per site,,rooted,RF,5.405587221287388,0.05327858667632668
448,5000,1000000,16,1e-08,5e-07,EmpiricalErrorPlatinum1000G,tsinfer,per site,,rooted,wRF,65600.219202429,630.0408994861655
449,5000,1000000,16,1e-08,5e-07,EmpiricalErrorPlatinum1000G,tsinfer,per site,,unrooted,RF,5.039921379096617,0.053332698721211734
450,5000,1000000,16,1e-08,5e-07,EmpiricalErrorPlatinum1000G,tsinfer,per site,,unrooted,SPR,1.3527863074831399,0.017306201071908202
451,5000,1000000,16,1e-08,5e-07,EmpiricalErrorPlatinum1000G,tsinfer,per site,,unrooted,path,10.73717512412693,0.08116410461695604
452,5000,1000000,16,1e-08,5e-07,EmpiricalErrorPlatinum1000G,tsinfer,per site,,unrooted,wRF,65599.43475081492,630.0430281285855
453,5000,1000000,16,1e-08,5e-07,EmpiricalErrorPlatinum1000G,tsinfer,per site,breaking polytomies,rooted,KC,6.122573976005947,0.036193351278936595
454,5000,1000000,16,1e-08,5e-07,EmpiricalErrorPlatinum1000G,tsinfer,per site,breaking polytomies,rooted,RF,5.907523883227423,0.06159971498305653
455,5000,1000000,16,1e-08,5e-07,EmpiricalErrorPlatinum1000G,tsinfer,per site,breaking polytomies,rooted,wRF,65600.21920242898,630.0408994861657
456,5000,1000000,16,1e-08,5e-07,EmpiricalErrorPlatinum1000G,tsinfer,per site,breaking polytomies,unrooted,RF,5.511030038294404,0.061664706053821614
457,5000,1000000,16,1e-08,5e-07,EmpiricalErrorPlatinum1000G,tsinfer,per site,breaking polytomies,unrooted,SPR,1.824737476378644,0.018479686424998802
458,5000,1000000,16,1e-08,5e-07,EmpiricalErrorPlatinum1000G,tsinfer,per site,breaking polytomies,unrooted,path,10.102338144397471,0.07489476245755203
459,5000,1000000,16,1e-08,5e-07,EmpiricalErrorPlatinum1000G,tsinfer,per site,breaking polytomies,unrooted,wRF,65599.43475081492,630.0430281285855
