Unnamed: 0,sample_size,Ne,length,recombination_rate,mutation_rate,error_rate,replicate,seed,aw_burnin_iters,aw_n_out_samples,aw_iter_out_freq,tsinfer_biforce_reps,ARGweaver_cputime,ARGweaver_memory,RentPlus_cputime,RentPlus_memory,fastARG_cputime,fastARG_memory,tsinfer_cputime,tsinfer_memory,ARGweaver_iterations,ARGweaver_stats_file,RentPls_RFrooted,RentPls_RFunrooted,RentPls_wRFrooted,RentPls_wRFunrooted,RentPls_SPRunrooted,RentPls_pathunrooted,RentPls_KCrooted,tsipoly_RFrooted,tsipoly_RFunrooted,tsipoly_wRFrooted,tsipoly_wRFunrooted,tsipoly_SPRunrooted,tsipoly_pathunrooted,tsipoly_KCrooted,Aweaver_RFrooted,Aweaver_RFunrooted,Aweaver_wRFrooted,Aweaver_wRFunrooted,Aweaver_SPRunrooted,Aweaver_pathunrooted,Aweaver_KCrooted,fastARG_RFrooted,fastARG_RFunrooted,fastARG_wRFrooted,fastARG_wRFunrooted,fastARG_SPRunrooted,fastARG_pathunrooted,fastARG_KCrooted,tsibiny_RFrooted,tsibiny_RFunrooted,tsibiny_wRFrooted,tsibiny_wRFunrooted,tsibiny_SPRunrooted,tsibiny_pathunrooted,tsibiny_KCrooted,RentPlus_crecords,fastARG_crecords,tsinfer_crecords,ARGweaver_crecords
0,10,5000,5000,2.5e-08,1.5e-08,0.0,0,224899943,5,10,1,20,1.72,17616896.0,,,0.0,2056192.0,0.2,31760384.0,"0,1,2,3,4,5,6,7,8,9",data/raw__NOBACKUP__/metrics_by_mutation_rate/simulations/aweaver+msprime-n10_Ne5000.0_l5000_rho0.000000025_mu0.000000015-gs224899943_ms224899943err0.0+ws224899943.stats,,,,,,,,,,,,,18.550635135366402,,12.51288,10.85828,47220.75800476968,47210.187016609685,3.06354,12.180593564546204,,10.7168,9.284,10988.228507000002,10987.870307000001,2.3618,9.329328481868703,,,,,,,18.550635135366402,,,9.0,4.0,18.3
1,10,5000,5000,2.5e-08,1.5e-08,0.01,0,224899943,5,10,1,20,1.79,17416192.0,,,0.0,2068480.0,0.19,31739904.0,"0,1,2,3,4,5,6,7,8,9",data/raw__NOBACKUP__/metrics_by_mutation_rate/simulations/aweaver+msprime-n10_Ne5000.0_l5000_rho0.000000025_mu0.000000015-gs224899943_ms224899943err0.01+ws224899943.stats,,,,,,,,,,,,,18.550635135366402,,12.51288,10.85828,47220.75800476968,47210.187016609685,3.06354,12.180593564546204,,10.7168,9.284,10988.228507000002,10987.870307000001,2.3618,9.329328481868703,,,,,,,18.550635135366402,,,9.0,4.0,18.3
2,10,5000,5000,2.5e-08,1.5e-08,0.1,0,224899943,5,10,1,20,2.0,18345984.0,,,0.0,2064384.0,0.16,31744000.0,"0,1,2,3,4,5,6,7,8,9",data/raw__NOBACKUP__/metrics_by_mutation_rate/simulations/aweaver+msprime-n10_Ne5000.0_l5000_rho0.000000025_mu0.000000015-gs224899943_ms224899943err0.1+ws224899943.stats,,,,,,,,,,,,,19.7560596751205,,14.061879999999999,12.3072,52999.751653978834,52872.03895287524,2.7963999999999998,14.80568010857047,,13.842,12.4092,10990.215507,10989.857307,3.2046,13.144656900890798,,,,,,,19.7560596751205,,,9.0,4.0,21.4
3,20,5000,5000,2.5e-08,1.5e-08,0.0,0,1149664692,5,10,1,20,3.45,26476544.0,0.63,48050176.0,0.0,1970176.0,0.21,31772672.0,"0,1,2,3,4,5,6,7,8,9",data/raw__NOBACKUP__/metrics_by_mutation_rate/simulations/aweaver+msprime-n20_Ne5000.0_l5000_rho0.000000025_mu0.000000015-gs1149664692_ms1149664692err0.0+ws1149664692.stats,26.2912,24.5768,,,5.8072,27.43840841008523,,,,,,,60.42905447665112,,28.00068,26.243560000000002,62220.21989462942,61923.38280662942,6.5560599999999996,31.564406688993547,,30.7864,26.5768,16228.832014399999,16227.779614399999,7.0644,31.35058740761226,,,,,,,60.42905447665112,,,19.0,8.0,37.4
4,20,5000,5000,2.5e-08,1.5e-08,0.01,0,1149664692,5,10,1,20,3.55,26357760.0,0.5800000000000001,49152000.0,0.0,2064384.0,0.18000000000000002,31875072.0,"0,1,2,3,4,5,6,7,8,9",data/raw__NOBACKUP__/metrics_by_mutation_rate/simulations/aweaver+msprime-n20_Ne5000.0_l5000_rho0.000000025_mu0.000000015-gs1149664692_ms1149664692err0.01+ws1149664692.stats,25.587,23.2602,,,5.4055,27.068705558568404,,,,,,,59.845418698684,,27.24272,25.63236,72988.20601654518,72570.45727881382,6.01504,34.63899380782583,,26.620748832608,24.564574416304,16222.735336202037,16222.370623410188,6.195487208152,32.26131523339203,,,,,,,59.845418698684,,,22.0,10.0,37.0
5,20,5000,5000,2.5e-08,1.5e-08,0.1,0,1149664692,5,10,1,20,3.21,26365952.0,0.59,47808512.0,0.0,2121728.0,0.2,31858688.0,"0,1,2,3,4,5,6,7,8,9",data/raw__NOBACKUP__/metrics_by_mutation_rate/simulations/aweaver+msprime-n20_Ne5000.0_l5000_rho0.000000025_mu0.000000015-gs1149664692_ms1149664692err0.1+ws1149664692.stats,28.5728,26.4596,,,6.8528,28.69910823074955,,,,,,,61.08540298842125,,29.511239999999997,27.34436,49379.34432926302,47351.656793334696,6.787640000000001,38.29641628146632,,32.538479075392,30.538479075391997,16226.827839259127,16226.742813630346,8.49035237463,40.8712682254359,,,,,,,61.08540298842125,,,31.0,15.0,40.3
6,10,5000,5000,2.5e-08,5.9716075583e-08,0.0,0,374463919,5,10,1,20,1.89,15474688.0,0.53,48508928.0,0.0,2080768.0,0.2,31772672.0,"0,1,2,3,4,5,6,7,8,9",data/raw__NOBACKUP__/metrics_by_mutation_rate/simulations/aweaver+msprime-n10_Ne5000.0_l5000_rho0.000000025_mu0.000000059716-gs374463919_ms374463919err0.0+ws374463919.stats,9.4344,8.7304,,,2.0,10.644103328129919,,,,,,,17.329085882964595,,11.082640000000001,10.42376,42447.18215725054,41939.67994313294,2.68144,11.63605831354638,,12.25,10.7304,12822.9032956,12822.523395600001,2.1826,12.216101119886348,,,,,,,17.329085882964595,,,9.0,4.0,20.0
7,10,5000,5000,2.5e-08,5.9716075583e-08,0.01,0,374463919,5,10,1,20,1.42,17403904.0,0.5,49352704.0,0.0,2101248.0,0.22,31830016.0,"0,1,2,3,4,5,6,7,8,9",data/raw__NOBACKUP__/metrics_by_mutation_rate/simulations/aweaver+msprime-n10_Ne5000.0_l5000_rho0.000000025_mu0.000000059716-gs374463919_ms374463919err0.01+ws374463919.stats,11.4344,10.7304,,,2.1826,12.701299720292408,,,,,,,14.472371412450308,,10.82512,10.1304,30791.580979804283,30706.97563061932,2.8316,11.3116707774608,,10.25,8.7304,12821.9945956,12821.6146956,2.1826,10.62383607614877,,,,,,,14.472371412450308,,,9.0,5.0,17.1
8,10,5000,5000,2.5e-08,5.9716075583e-08,0.1,0,374463919,5,10,1,20,2.06,19877888.0,0.41,43208704.0,0.0,2097152.0,0.19,31703040.0,"0,1,2,3,4,5,6,7,8,9",data/raw__NOBACKUP__/metrics_by_mutation_rate/simulations/aweaver+msprime-n10_Ne5000.0_l5000_rho0.000000025_mu0.000000059716-gs374463919_ms374463919err0.1+ws374463919.stats,10.0758,8.7304,,,2.4557,9.808625556006039,,,,,,,12.283342588680492,,9.67084,8.79448,27678.12083725208,27385.80695767636,2.75962,10.57904342945506,,9.782774013474,8.7304,12824.767879358422,12824.401979358421,3.0,9.743197984381114,,,,,,,12.283342588680492,,,12.0,11.0,17.6
9,20,5000,5000,2.5e-08,5.9716075583e-08,0.0,0,1749090056,5,10,1,20,3.22,24203264.0,1.09,64036864.0,0.0,2064384.0,0.16,31948800.0,"0,1,2,3,4,5,6,7,8,9",data/raw__NOBACKUP__/metrics_by_mutation_rate/simulations/aweaver+msprime-n20_Ne5000.0_l5000_rho0.000000025_mu0.000000059716-gs1749090056_ms1749090056err0.0+ws1749090056.stats,22.3338,21.447,,,5.1524,32.573600800373654,,,,,,,56.27350074271851,,25.189799999999998,24.103199999999998,51920.3178836044,51605.85472392441,6.1635800000000005,35.20287370940933,,25.462,23.668747277514,18044.127783150085,18044.057469969463,6.4903980494889995,37.779445197261424,,,,,,,56.27350074271851,,,25.0,15.0,36.5
10,20,5000,5000,2.5e-08,5.9716075583e-08,0.01,0,1749090056,5,10,1,20,3.01,23871488.0,1.16,67063808.0,0.0,2076672.0,0.22,31797248.0,"0,1,2,3,4,5,6,7,8,9",data/raw__NOBACKUP__/metrics_by_mutation_rate/simulations/aweaver+msprime-n20_Ne5000.0_l5000_rho0.000000025_mu0.000000059716-gs1749090056_ms1749090056err0.01+ws1749090056.stats,27.4944,26.2568,,,6.54,38.08887010405992,,,,,,,56.74181788022424,,27.35392,25.43704,66255.76916062014,65977.93495439869,6.44894,40.18376078538838,,26.083634293663,24.26438088964,18039.010306734133,18038.336065393116,5.3508,44.16762197473483,,,,,,,56.74181788022424,,,36.0,27.0,43.1
11,20,5000,5000,2.5e-08,5.9716075583e-08,0.1,0,1749090056,5,10,1,20,3.46,15278080.0,1.2,66838528.0,0.0,2072576.0,0.21,31936512.0,"0,1,2,3,4,5,6,7,8,9",data/raw__NOBACKUP__/metrics_by_mutation_rate/simulations/aweaver+msprime-n20_Ne5000.0_l5000_rho0.000000025_mu0.000000059716-gs1749090056_ms1749090056err0.1+ws1749090056.stats,27.0378,25.9836,,,6.3914,38.87146596758193,,,,,,,54.806548922782476,,26.576240000000002,25.24224,63702.71632519686,63670.27058643462,6.07556,39.35787938931114,,27.687255754308,25.687255754308,18038.457908494198,18038.435577832686,6.390061323026,46.37751989427818,,,,,,,54.806548922782476,,,39.0,27.0,64.3
12,10,5000,5000,2.5e-08,2.37733978869e-07,0.0,0,1144839924,5,10,1,20,2.72,18763776.0,1.44,75231232.0,0.0,2076672.0,0.22,32186368.0,"0,1,2,3,4,5,6,7,8,9",data/raw__NOBACKUP__/metrics_by_mutation_rate/simulations/aweaver+msprime-n10_Ne5000.0_l5000_rho0.000000025_mu0.000000237734-gs1144839924_ms1144839924err0.0+ws1144839924.stats,3.8158,2.701,,,1.0063,5.260663809819894,,3.719636890614999,3.0274884998396763,15341.396214024666,15340.242847397227,1.0,6.8246192530779055,,2.5166399999999998,2.2938,51933.92353716244,51594.9186845876,0.7863800000000001,4.837495596820945,,4.8985478166858,2.8985478166858,15592.028725145405,15591.528725145405,0.9694135350249,5.366537124038274,,3.719636890614999,3.0274884998396763,15341.396214024666,15340.242847397227,1.0,6.8246192530779055,,,15.0,18.0,26.3
13,10,5000,5000,2.5e-08,2.37733978869e-07,0.01,0,1144839924,5,10,1,20,2.16,17694720.0,1.94,84697088.0,0.0,2019328.0,0.24,32198656.0,"0,1,2,3,4,5,6,7,8,9",data/raw__NOBACKUP__/metrics_by_mutation_rate/simulations/aweaver+msprime-n10_Ne5000.0_l5000_rho0.000000025_mu0.000000237734-gs1144839924_ms1144839924err0.01+ws1144839924.stats,3.9706,2.8558,,,1.0837,5.3261098056860074,,3.792593767607109,3.1004453768317863,15342.213395860424,15341.060029232984,1.0364784384960548,6.850117222358877,,1.11644,0.9406399999999999,47292.92113270126,47250.87602148222,0.3847,2.020005079055704,,5.018020023493801,3.0180200234938,15583.490408179445,15582.990408179445,0.9992815867269,5.547611695108263,,3.792593767607109,3.1004453768317863,15342.213395860424,15341.060029232984,1.0364784384960548,6.850117222358877,,,23.0,24.0,22.3
14,10,5000,5000,2.5e-08,2.37733978869e-07,0.1,0,1144839924,5,10,1,20,2.36,12136448.0,1.27,69095424.0,0.0,2011136.0,0.24,32137216.0,"0,1,2,3,4,5,6,7,8,9",data/raw__NOBACKUP__/metrics_by_mutation_rate/simulations/aweaver+msprime-n10_Ne5000.0_l5000_rho0.000000025_mu0.000000237734-gs1144839924_ms1144839924err0.1+ws1144839924.stats,6.3484,5.3496,,,1.4391,7.586958812642059,,5.397510249698032,4.276715758062426,15102.476886705179,15100.334139309536,1.4674020888363004,7.899221540708342,,3.9507199999999996,3.2629599999999996,51124.43539480326,50681.77440890506,1.07186,6.036473007604132,,7.8730542307065905,5.8730542307065905,15556.732666150374,15556.314636057687,1.554147847070195,7.983004728836138,,5.397510249698032,4.276715758062426,15102.476886705179,15100.334139309536,1.4674020888363004,7.899221540708342,,,52.0,60.0,37.7
15,20,5000,5000,2.5e-08,2.37733978869e-07,0.0,0,462568971,5,10,1,20,2.8,18178048.0,2.48,104763392.0,0.0,2080768.0,0.25,32206848.0,"0,1,2,3,4,5,6,7,8,9",data/raw__NOBACKUP__/metrics_by_mutation_rate/simulations/aweaver+msprime-n20_Ne5000.0_l5000_rho0.000000025_mu0.000000237734-gs462568971_ms462568971err0.0+ws462568971.stats,5.231,3.8822,,,1.7067,10.725116836461826,,,,,,,16.88393873543455,,9.85416,9.290719999999999,66389.9883323538,65697.7493327538,3.66948,15.835314241455333,,7.785817334492,4.219784418152001,17151.94644472899,17149.297995207915,1.7421805334650002,11.24126055498028,,,,,,,16.88393873543455,,,34.0,30.0,47.6
16,20,5000,5000,2.5e-08,2.37733978869e-07,0.01,0,462568971,5,10,1,20,3.64,22310912.0,2.06,93491200.0,0.0,2072576.0,0.23,32075776.0,"0,1,2,3,4,5,6,7,8,9",data/raw__NOBACKUP__/metrics_by_mutation_rate/simulations/aweaver+msprime-n20_Ne5000.0_l5000_rho0.000000025_mu0.000000237734-gs462568971_ms462568971err0.01+ws462568971.stats,11.4898,10.4092,,,3.581,16.6343330127217,,,,,,,19.379194525844156,,12.269839999999999,11.18192,69854.49472672484,69391.58810955132,3.5751399999999998,15.56034864529467,,22.02620597552,19.532111510684,17122.939355256596,17121.82972272151,5.532760809702999,25.754761618977252,,,,,,,19.379194525844156,,,96.0,64.0,51.0
17,20,5000,5000,2.5e-08,2.37733978869e-07,0.1,0,462568971,5,10,1,20,6.800000000000002,14663680.0,2.42,105947136.0,0.0,2064384.0,0.23,32411648.0,"0,1,2,3,4,5,6,7,8,9",data/raw__NOBACKUP__/metrics_by_mutation_rate/simulations/aweaver+msprime-n20_Ne5000.0_l5000_rho0.000000025_mu0.000000237734-gs462568971_ms462568971err0.1+ws462568971.stats,22.7258,21.2086,,,6.0473,27.20769828313383,,,,,,,26.452814890350222,,22.70964,20.48676,93223.57982452426,92418.41441180426,5.65668,24.81833413666932,,30.0961404095578,27.226944460235803,17107.55340741889,17090.329941197757,6.809494333396301,34.377324075057636,,,,,,,26.452814890350222,,,245.0,210.0,125.0
18,10,5000,5000,2.5e-08,9.464360167200001e-07,0.0,0,163868758,5,10,1,20,1.54,11444224.0,4.44,192741376.0,0.0,2072576.0,0.52,41672704.0,"0,1,2,3,4,5,6,7,8,9",data/raw__NOBACKUP__/metrics_by_mutation_rate/simulations/aweaver+msprime-n10_Ne5000.0_l5000_rho0.000000025_mu0.000000946436-gs163868758_ms163868758err0.0+ws163868758.stats,6.7642,5.493,,,1.7465,7.700004177815055,,,,,,,10.04987562112089,,3.8457999999999997,3.4,46143.17322324114,46019.34891206722,1.2,5.554396408341693,,11.2384,6.0,18618.232952399998,18616.923352399997,2.0,8.06225774829855,,,,,,,10.04987562112089,,,9.0,10.0,26.0
19,10,5000,5000,2.5e-08,9.464360167200001e-07,0.01,0,163868758,5,10,1,20,1.52,12050432.0,3.16,132288512.0,0.0,2056192.0,0.55,41299968.0,"0,1,2,3,4,5,6,7,8,9",data/raw__NOBACKUP__/metrics_by_mutation_rate/simulations/aweaver+msprime-n10_Ne5000.0_l5000_rho0.000000025_mu0.000000946436-gs163868758_ms163868758err0.01+ws163868758.stats,8.3206,7.4072,,,2.3308,9.696687238706447,,9.431989349900437,9.091232764487836,12804.753200901017,12804.753200901017,2.795140203168683,9.829680561869441,,6.267,5.402559999999999,44802.48650384124,44118.71625608124,2.0006399999999998,8.004444672774778,,9.16315185946,7.5992201500480006,18582.898152129164,18581.583483408973,2.3363382720090002,9.424898183986436,,9.431989349900437,9.091232764487836,12804.753200901017,12804.753200901017,2.795140203168683,9.829680561869441,,,73.0,80.0,22.9
20,10,5000,5000,2.5e-08,9.464360167200001e-07,0.1,0,163868758,5,10,1,20,1.88,10309632.0,3.13,113979392.0,0.0,2031616.0,0.52,42655744.0,"0,1,2,3,4,5,6,7,8,9",data/raw__NOBACKUP__/metrics_by_mutation_rate/simulations/aweaver+msprime-n10_Ne5000.0_l5000_rho0.000000025_mu0.000000946436-gs163868758_ms163868758err0.1+ws163868758.stats,9.698,8.7978,,,2.5068,10.630378839689392,,10.387439104168706,9.387085418575962,13054.171026518421,13050.691839548042,2.283246456202034,11.050017260126475,,9.10812,8.47588,58956.4828037217,58555.522306169056,2.4002600000000003,10.730784394100771,,11.958098784427078,9.722179279409279,18315.483870322154,18313.862268571185,2.620093896265,10.441153149699474,,10.387439104168706,9.387085418575962,13054.171026518421,13050.691839548042,2.283246456202034,11.050017260126475,,,549.0,652.0,77.3
21,20,5000,5000,2.5e-08,9.464360167200001e-07,0.0,0,1628326614,5,10,1,20,3.15,23089152.0,8.61,266076160.0,0.0,2080768.0,0.33,35024896.0,"0,1,2,3,4,5,6,7,8,9",data/raw__NOBACKUP__/metrics_by_mutation_rate/simulations/aweaver+msprime-n20_Ne5000.0_l5000_rho0.000000025_mu0.000000946436-gs1628326614_ms1628326614err0.0+ws1628326614.stats,6.3608,4.3606,,,1.5179,12.907275068771938,,,,,,,13.203951550562651,,5.090120000000001,4.95932,31077.3201041497,31007.828797532897,2.18012,13.862434189100634,,9.540069897072,5.800451228302,13403.168837786432,13401.135323222861,2.888007577889,13.35581765954842,,,,,,,13.203951550562651,,,30.0,32.0,35.7
22,20,5000,5000,2.5e-08,9.464360167200001e-07,0.01,0,1628326614,5,10,1,20,3.45,25403392.0,7.45,230072320.0,0.0,2129920.0,0.33,34521088.0,"0,1,2,3,4,5,6,7,8,9",data/raw__NOBACKUP__/metrics_by_mutation_rate/simulations/aweaver+msprime-n20_Ne5000.0_l5000_rho0.000000025_mu0.000000946436-gs1628326614_ms1628326614err0.01+ws1628326614.stats,9.9104,8.0006,,,2.6377,17.341377580972296,,,,,,,15.967129181970662,,5.89936,5.75488,34918.00979870794,34863.89808784202,1.51668,16.30220463114091,,13.2110974259568,10.6072402992148,13398.686885116722,13397.640820575027,3.5261154926377,21.167595218142964,,,,,,,15.967129181970662,,,56.0,54.0,39.7
23,20,5000,5000,2.5e-08,9.464360167200001e-07,0.1,0,1628326614,5,10,1,20,3.88,14090240.0,6.24,239771648.0,0.0,2093056.0,0.34,34725888.0,"0,1,2,3,4,5,6,7,8,9",data/raw__NOBACKUP__/metrics_by_mutation_rate/simulations/aweaver+msprime-n20_Ne5000.0_l5000_rho0.000000025_mu0.000000946436-gs1628326614_ms1628326614err0.1+ws1628326614.stats,19.6058,18.3856,,,4.9398,25.7355007721224,,,,,,,27.736186496836517,,16.18392,15.8242,50817.65764960302,50658.15253928862,4.19102,24.79750816299787,,26.278552149150357,24.06040178005876,12983.287992465326,12982.479717718237,5.89862324377028,30.683188302869116,,,,,,,27.736186496836517,,,466.0,453.0,96.5
24,10,5000,5000,2.5e-08,3.76782964726e-06,0.0,0,1426778250,5,10,1,20,2.27,13811712.0,17.25,675274752.0,0.0,2048000.0,5.35,126861312.0,"0,1,2,3,4,5,6,7,8,9",data/raw__NOBACKUP__/metrics_by_mutation_rate/simulations/aweaver+msprime-n10_Ne5000.0_l5000_rho0.000000025_mu0.00000376783-gs1426778250_ms1426778250err0.0+ws1426778250.stats,1.1964,0.076,,,0.0342,0.16636084973422585,,0.20370339980159996,0.1718754717416,16312.444517401917,16312.350217401916,0.07620654265080001,0.3851759565647019,,0.11343999999999999,0.06720000000000001,41191.120482918144,41089.948354163345,0.02868,0.14668736837692456,,2.231713241846,0.19723831915540005,16900.434232384072,16899.0003136534,0.0888879663577,0.4359016513922121,,0.20370339980159996,0.1718754717416,16312.444517401917,16312.350217401916,0.07620654265080001,0.3851759565647019,,,18.0,23.0,23.2
25,10,5000,5000,2.5e-08,3.76782964726e-06,0.01,0,1426778250,5,10,1,20,2.45,16240640.0,10.05,322007040.0,0.01,2134016.0,5.05,126431232.0,"0,1,2,3,4,5,6,7,8,9",data/raw__NOBACKUP__/metrics_by_mutation_rate/simulations/aweaver+msprime-n10_Ne5000.0_l5000_rho0.000000025_mu0.00000376783-gs1426778250_ms1426778250err0.01+ws1426778250.stats,3.4538,2.3872,,,0.7826,3.994227490213438,,2.131027728671026,2.025371063526179,16732.03814735433,16730.473475916267,0.6352770540387743,3.671837168221183,,0.68812,0.6606799999999999,39901.76931562036,39891.59852705636,0.31946,1.418130266510462,,7.1812347791098,4.607316650537201,16618.643490963022,16615.87530285536,1.6414464857412001,6.347389576119629,,2.131027728671026,2.025371063526179,16732.03814735433,16730.473475916267,0.6352770540387743,3.671837168221183,,,369.0,249.0,23.8
26,10,5000,5000,2.5e-08,3.76782964726e-06,0.1,0,1426778250,5,10,1,20,2.44,15130624.0,8.719999999999999,279506944.0,0.05,2146304.0,5.56,132571136.0,"0,1,2,3,4,5,6,7,8,9",data/raw__NOBACKUP__/metrics_by_mutation_rate/simulations/aweaver+msprime-n10_Ne5000.0_l5000_rho0.000000025_mu0.00000376783-gs1426778250_ms1426778250err0.1+ws1426778250.stats,8.5834,7.3918,,,2.123,9.054909959453598,,9.96630482774849,8.948732837324696,16152.249904509048,16142.516702407102,2.4436973375941675,9.912313112538945,,2.43872,2.40776,46837.55265978986,46815.12825069114,1.0898400000000001,4.905078849619224,,12.826503967546403,10.419761369339522,16487.84330078263,16486.640735043125,2.8176874090771005,11.88308234826789,,9.96630482774849,8.948732837324696,16152.249904509048,16142.516702407102,2.4436973375941675,9.912313112538945,,,1447.0,1644.0,35.3
27,20,5000,5000,2.5e-08,3.76782964726e-06,0.0,0,1463717240,5,10,1,20,5.25,23457792.0,17.28,710254592.0,0.0,2207744.0,10.19,165863424.0,"0,1,2,3,4,5,6,7,8,9",data/raw__NOBACKUP__/metrics_by_mutation_rate/simulations/aweaver+msprime-n20_Ne5000.0_l5000_rho0.000000025_mu0.00000376783-gs1463717240_ms1463717240err0.0+ws1463717240.stats,1.3528,0.3584,,,0.1709,1.7428782865091992,,1.5672307157696486,1.5580393697564918,14717.25389079683,14716.801217005679,0.7744240118716673,5.870496740494685,,3.1718800000000003,3.1668399999999997,35058.61614276152,35053.178357161516,1.5775000000000001,8.092968270043757,,2.4493301769318,0.18086730012180005,16192.723658371753,16191.32993420282,0.08599281727390003,0.8520002513391605,,1.5672307157696486,1.5580393697564918,14717.25389079683,14716.801217005679,0.7744240118716673,5.870496740494685,,,31.0,26.0,36.7
28,20,5000,5000,2.5e-08,3.76782964726e-06,0.01,0,1463717240,5,10,1,20,4.5,25014272.0,16.0,583118848.0,0.02,2117632.0,9.78,165425152.0,"0,1,2,3,4,5,6,7,8,9",data/raw__NOBACKUP__/metrics_by_mutation_rate/simulations/aweaver+msprime-n20_Ne5000.0_l5000_rho0.000000025_mu0.00000376783-gs1463717240_ms1463717240err0.01+ws1463717240.stats,8.6936,7.9488,,,2.9698,14.807229163460454,,7.747963576220209,7.591648285420512,15340.127007913425,15339.73154864277,2.7450182019120293,13.354917778061461,,3.71972,3.7169600000000003,33084.0702065972,33081.5325733172,1.81998,8.770419768394799,,11.4907578152336,8.8731818421794,15815.305276365905,15813.107780198976,2.4406513161778998,17.006523797570104,,7.747963576220209,7.591648285420512,15340.127007913425,15339.73154864277,2.7450182019120293,13.354917778061461,,,523.0,268.0,34.5
29,20,5000,5000,2.5e-08,3.76782964726e-06,0.1,0,1463717240,5,10,1,20,6.17,18620416.0,12.87,470249472.0,0.1,2117632.0,10.29,167653376.0,"0,1,2,3,4,5,6,7,8,9",data/raw__NOBACKUP__/metrics_by_mutation_rate/simulations/aweaver+msprime-n20_Ne5000.0_l5000_rho0.000000025_mu0.00000376783-gs1463717240_ms1463717240err0.1+ws1463717240.stats,19.0134,18.223,,,5.1074,26.898357973412413,,22.192897408981135,21.15630264573288,15342.22657082451,15341.730297430851,5.472408789572189,25.657171837477673,,7.44608,7.44064,49510.20885421433,49505.05414897434,3.29552,12.890485642322961,,24.55358652192154,22.791087415157662,18089.10848429536,18088.521008585572,5.758743788132069,26.984048945228324,,22.192897408981135,21.15630264573288,15342.22657082451,15341.730297430851,5.472408789572189,25.657171837477673,,,2303.0,2615.0,63.8
30,10,5000,5000,2.5e-08,1.5e-08,0.0,1,222915916,5,10,1,20,1.67,15454208.0,,,0.0,2101248.0,0.22,31780864.0,"0,1,2,3,4,5,6,7,8,9",data/raw__NOBACKUP__/metrics_by_mutation_rate/simulations/aweaver+msprime-n10_Ne5000.0_l5000_rho0.000000025_mu0.000000015-gs222915916_ms222915916err0.0+ws222915916.stats,,,,,,,,,,,,,17.8945918606118,,14.66164,12.76804,58977.997119814296,58558.4786649875,3.0034199999999998,14.299229871726217,,14.3768,10.8836,9831.9871052,9831.1138052,2.6188,12.097328611892786,,,,,,,17.8945918606118,,,9.0,3.0,22.3
31,10,5000,5000,2.5e-08,1.5e-08,0.01,1,222915916,5,10,1,20,1.6999999999999995,15540224.0,,,0.0,2043904.0,0.22,31858688.0,"0,1,2,3,4,5,6,7,8,9",data/raw__NOBACKUP__/metrics_by_mutation_rate/simulations/aweaver+msprime-n10_Ne5000.0_l5000_rho0.000000025_mu0.000000015-gs222915916_ms222915916err0.01+ws222915916.stats,,,,,,,,,,,,,17.8945918606118,,14.66164,12.76804,58977.997119814296,58558.4786649875,3.0034199999999998,14.299229871726217,,14.3768,10.8836,9831.9871052,9831.1138052,2.6188,12.097328611892786,,,,,,,17.8945918606118,,,9.0,3.0,22.3
32,10,5000,5000,2.5e-08,1.5e-08,0.1,1,222915916,5,10,1,20,1.7000000000000002,15384576.0,,,0.0,2064384.0,0.22,31862784.0,"0,1,2,3,4,5,6,7,8,9",data/raw__NOBACKUP__/metrics_by_mutation_rate/simulations/aweaver+msprime-n10_Ne5000.0_l5000_rho0.000000025_mu0.000000015-gs222915916_ms222915916err0.1+ws222915916.stats,,,,,,,,,,,,,17.8945918606118,,14.66164,12.76804,58977.997119814296,58558.4786649875,3.0034199999999998,14.299229871726217,,14.3768,10.8836,9831.9871052,9831.1138052,2.6188,12.097328611892786,,,,,,,17.8945918606118,,,9.0,3.0,22.3
33,20,5000,5000,2.5e-08,1.5e-08,0.0,1,685744793,5,10,1,20,3.21,21327872.0,,,0.0,2056192.0,0.23,31744000.0,"0,1,2,3,4,5,6,7,8,9",data/raw__NOBACKUP__/metrics_by_mutation_rate/simulations/aweaver+msprime-n20_Ne5000.0_l5000_rho0.000000025_mu0.000000015-gs685744793_ms685744793err0.0+ws685744793.stats,,,,,,,,,,,,,72.54573137680113,,34.0,32.0,51424.87700721178,51424.87700721178,7.42638,43.33254051316872,,33.8656,32.0,15824.561350800002,15824.094950800001,6.8068,51.8781703151431,,,,,,,72.54573137680113,,,19.0,2.0,30.6
34,20,5000,5000,2.5e-08,1.5e-08,0.01,1,685744793,5,10,1,20,3.2,21417984.0,,,0.0,2105344.0,0.23,31592448.0,"0,1,2,3,4,5,6,7,8,9",data/raw__NOBACKUP__/metrics_by_mutation_rate/simulations/aweaver+msprime-n20_Ne5000.0_l5000_rho0.000000025_mu0.000000015-gs685744793_ms685744793err0.01+ws685744793.stats,,,,,,,,,,,,,72.54573137680113,,34.0,32.0,51424.87700721178,51424.87700721178,7.42638,43.33254051316872,,33.8656,32.0,15824.561350800002,15824.094950800001,6.8068,51.8781703151431,,,,,,,72.54573137680113,,,19.0,2.0,30.6
35,20,5000,5000,2.5e-08,1.5e-08,0.1,1,685744793,5,10,1,20,3.16,22048768.0,,,0.0,2072576.0,0.22,31850496.0,"0,1,2,3,4,5,6,7,8,9",data/raw__NOBACKUP__/metrics_by_mutation_rate/simulations/aweaver+msprime-n20_Ne5000.0_l5000_rho0.000000025_mu0.000000015-gs685744793_ms685744793err0.1+ws685744793.stats,,,,,,,,,,,,,74.99528280651073,,35.14632,33.21552,57534.30590724844,57524.846756448445,7.65284,44.27698319306997,,35.8656,34.0,15828.061350799999,15827.594950800001,8.375,43.52956896169186,,,,,,,74.99528280651073,,,19.0,1.0,29.1
36,10,5000,5000,2.5e-08,5.9716075583e-08,0.0,1,580067373,5,10,1,20,1.53,18358272.0,0.49,47095808.0,0.0,2027520.0,0.24,31780864.0,"0,1,2,3,4,5,6,7,8,9",data/raw__NOBACKUP__/metrics_by_mutation_rate/simulations/aweaver+msprime-n10_Ne5000.0_l5000_rho0.000000025_mu0.000000059716-gs580067373_ms580067373err0.0+ws580067373.stats,8.2384,8.0,,,2.0,10.517589550341548,,,,,,,12.688762316573005,,7.30612,7.20664,48875.720397493875,48849.2755798394,2.25666,9.665776452976404,,10.0,8.0,10873.7037296,10873.203729599998,2.0,10.517589550341548,,,,,,,12.688762316573005,,,9.0,6.0,18.2
37,10,5000,5000,2.5e-08,5.9716075583e-08,0.01,1,580067373,5,10,1,20,1.56,18370560.0,0.5700000000000001,54280192.0,0.0,1961984.0,0.22,31592448.0,"0,1,2,3,4,5,6,7,8,9",data/raw__NOBACKUP__/metrics_by_mutation_rate/simulations/aweaver+msprime-n10_Ne5000.0_l5000_rho0.000000025_mu0.000000059716-gs580067373_ms580067373err0.01+ws580067373.stats,8.2384,8.0,,,2.0,10.517589550341548,,,,,,,12.688762316573005,,7.30612,7.20664,48875.720397493875,48849.2755798394,2.25666,9.665776452976404,,10.0,8.0,10873.7037296,10873.203729599998,2.0,10.517589550341548,,,,,,,12.688762316573005,,,9.0,6.0,18.2
38,10,5000,5000,2.5e-08,5.9716075583e-08,0.1,1,580067373,5,10,1,20,1.93,18268160.0,0.5700000000000001,53219328.0,0.0,2064384.0,0.22,31866880.0,"0,1,2,3,4,5,6,7,8,9",data/raw__NOBACKUP__/metrics_by_mutation_rate/simulations/aweaver+msprime-n10_Ne5000.0_l5000_rho0.000000025_mu0.000000059716-gs580067373_ms580067373err0.1+ws580067373.stats,9.8376,8.5584,,,1.742,12.19654142217599,,,,,,,15.326801983577466,,9.67268,9.09784,51453.77349960344,51173.01389823644,2.3621600000000003,12.315654146315952,,8.178515956692001,8.089257978346001,10871.063867442981,10871.063867442981,2.852971010827,11.617033453690885,,,,,,,15.326801983577466,,,16.0,10.0,28.5
39,20,5000,5000,2.5e-08,5.9716075583e-08,0.0,1,1448334526,5,10,1,20,2.38,19963904.0,0.8400000000000001,55160832.0,0.0,2072576.0,0.22,31858688.0,"0,1,2,3,4,5,6,7,8,9",data/raw__NOBACKUP__/metrics_by_mutation_rate/simulations/aweaver+msprime-n20_Ne5000.0_l5000_rho0.000000025_mu0.000000059716-gs1448334526_ms1448334526err0.0+ws1448334526.stats,23.708,22.2488,,,6.2055,28.57448640478947,,,,,,,47.41045595844588,,27.957440000000002,26.07036,53377.93539503186,53057.4857845741,6.42406,34.30298989069749,,21.531755789976,18.741355789975998,14123.225172547493,14122.461850442482,5.0136,28.507561552356485,,,,,,,47.41045595844588,,,23.0,10.0,44.5
40,20,5000,5000,2.5e-08,5.9716075583e-08,0.01,1,1448334526,5,10,1,20,3.68,20512768.0,1.21,73695232.0,0.0,2101248.0,0.21,31879168.0,"0,1,2,3,4,5,6,7,8,9",data/raw__NOBACKUP__/metrics_by_mutation_rate/simulations/aweaver+msprime-n20_Ne5000.0_l5000_rho0.000000025_mu0.000000059716-gs1448334526_ms1448334526err0.01+ws1448334526.stats,24.4028,22.8606,,,5.9969,29.369111495021045,,,,,,,48.028661488317624,,24.839959999999998,22.977159999999998,45074.58175574322,44945.34375053138,5.32036,33.24500656142932,,25.91748221071,23.12708221071,14131.33221913403,14130.43701913403,5.664883143077,30.893713153027818,,,,,,,48.028661488317624,,,30.0,12.0,43.5
41,20,5000,5000,2.5e-08,5.9716075583e-08,0.1,1,1448334526,5,10,1,20,3.2299999999999995,17293312.0,0.91,57835520.0,0.0,2076672.0,0.23,31850496.0,"0,1,2,3,4,5,6,7,8,9",data/raw__NOBACKUP__/metrics_by_mutation_rate/simulations/aweaver+msprime-n20_Ne5000.0_l5000_rho0.000000025_mu0.000000059716-gs1448334526_ms1448334526err0.1+ws1448334526.stats,26.5434,24.9238,,,6.7208,33.32222428607432,,,,,,,48.02761860222499,,26.2854,24.656,55202.17080055812,54999.73795423812,6.26926,35.06010971326894,,23.386407985964,21.613207985964,14114.365498871794,14112.945178777712,5.811517760408,31.28006887054685,,,,,,,48.02761860222499,,,34.0,18.0,59.4
42,10,5000,5000,2.5e-08,2.37733978869e-07,0.0,1,1433644590,5,10,1,20,2.1,13107200.0,1.56,68444160.0,0.0,2056192.0,0.23,32165888.0,"0,1,2,3,4,5,6,7,8,9",data/raw__NOBACKUP__/metrics_by_mutation_rate/simulations/aweaver+msprime-n10_Ne5000.0_l5000_rho0.000000025_mu0.000000237734-gs1433644590_ms1433644590err0.0+ws1433644590.stats,4.0154,2.7818,,,1.286,5.330026495284559,,3.429752151995103,2.0948422223318586,12634.36132252088,12634.36132252088,1.0053788113815818,5.3747940116476665,,4.65848,3.30756,52660.83128028602,50364.59535769194,1.25486,5.552911790985675,,4.92094982841,2.59717764192,12574.943769951024,12573.857503575236,1.1361605650839999,4.892029349398396,,3.429752151995103,2.0948422223318586,12634.36132252088,12634.36132252088,1.0053788113815818,5.3747940116476665,,,19.0,19.0,31.8
43,10,5000,5000,2.5e-08,2.37733978869e-07,0.01,1,1433644590,5,10,1,20,2.08,13082624.0,1.36,66805760.0,0.0,2068480.0,0.24,32043008.0,"0,1,2,3,4,5,6,7,8,9",data/raw__NOBACKUP__/metrics_by_mutation_rate/simulations/aweaver+msprime-n10_Ne5000.0_l5000_rho0.000000025_mu0.000000237734-gs1433644590_ms1433644590err0.01+ws1433644590.stats,4.0154,2.7818,,,1.286,5.330026495284559,,3.429752151995103,2.0948422223318586,12634.36132252088,12634.36132252088,1.0053788113815818,5.3747940116476665,,4.65848,3.30756,52660.83128028602,50364.59535769194,1.25486,5.552911790985675,,4.92094982841,2.59717764192,12574.943769951024,12573.857503575236,1.1361605650839999,4.892029349398396,,3.429752151995103,2.0948422223318586,12634.36132252088,12634.36132252088,1.0053788113815818,5.3747940116476665,,,19.0,19.0,31.8
44,10,5000,5000,2.5e-08,2.37733978869e-07,0.1,1,1433644590,5,10,1,20,1.61,15200256.0,1.29,68702208.0,0.0,2080768.0,0.23,32145408.0,"0,1,2,3,4,5,6,7,8,9",data/raw__NOBACKUP__/metrics_by_mutation_rate/simulations/aweaver+msprime-n10_Ne5000.0_l5000_rho0.000000025_mu0.000000237734-gs1433644590_ms1433644590err0.1+ws1433644590.stats,6.0932,4.526,,,1.5647,7.114797507934741,,4.708582664443407,3.7219889283765117,12704.821982707568,12704.704093758863,0.9960867679363242,5.508510096536271,,6.25068,4.759,51511.35065219972,49701.245080557725,1.61626,7.162353981980347,,7.077313193736002,5.723789224643,12533.872608066154,12533.194135772224,1.513297620918,7.929858788053709,,4.708582664443407,3.7219889283765117,12704.821982707568,12704.704093758863,0.9960867679363242,5.508510096536271,,,66.0,61.0,45.3
45,20,5000,5000,2.5e-08,2.37733978869e-07,0.0,1,1052968589,5,10,1,20,3.14,24145920.0,2.12,92454912.0,0.0,2023424.0,0.22,32096256.0,"0,1,2,3,4,5,6,7,8,9",data/raw__NOBACKUP__/metrics_by_mutation_rate/simulations/aweaver+msprime-n20_Ne5000.0_l5000_rho0.000000025_mu0.000000237734-gs1052968589_ms1052968589err0.0+ws1052968589.stats,13.9138,13.8388,,,3.691,31.818515754986613,,,,,,,42.12817884612871,,20.7432,20.65844,43053.81922084072,42892.22034493012,5.72114,31.483904664141882,,27.8864,20.3432,20179.825804000004,20177.940004,5.9432,32.72682929890086,,,,,,,42.12817884612871,,,19.0,12.0,34.8
46,20,5000,5000,2.5e-08,2.37733978869e-07,0.01,1,1052968589,5,10,1,20,3.2300000000000004,22708224.0,2.08,91168768.0,0.0,2031616.0,0.24,32165888.0,"0,1,2,3,4,5,6,7,8,9",data/raw__NOBACKUP__/metrics_by_mutation_rate/simulations/aweaver+msprime-n20_Ne5000.0_l5000_rho0.000000025_mu0.000000237734-gs1052968589_ms1052968589err0.01+ws1052968589.stats,18.0534,17.7738,,,4.8331,32.47449841774024,,,,,,,43.83857030066851,,20.89264,20.7118,51492.495177779274,50971.725074256,5.353759999999999,34.86613026474415,,21.067144171456,20.048416768024,20168.063645067745,20168.063645067745,5.2284,35.25884613712538,,,,,,,43.83857030066851,,,32.0,29.0,33.9
47,20,5000,5000,2.5e-08,2.37733978869e-07,0.1,1,1052968589,5,10,1,20,4.15,19845120.0,1.79,83460096.0,0.0,2125824.0,0.22,32165888.0,"0,1,2,3,4,5,6,7,8,9",data/raw__NOBACKUP__/metrics_by_mutation_rate/simulations/aweaver+msprime-n20_Ne5000.0_l5000_rho0.000000025_mu0.000000237734-gs1052968589_ms1052968589err0.1+ws1052968589.stats,27.2724,26.9186,,,6.4736,35.884380671721594,,,,,,,41.64591755972105,,24.712200000000003,24.36488,60256.05888860593,59360.93407313444,5.86748,36.78361918931231,,29.924484620656997,28.632103982522402,20093.806779613078,20090.935896833416,6.9207178092139,42.38436139580602,,,,,,,41.64591755972105,,,117.0,111.0,60.3
48,10,5000,5000,2.5e-08,9.464360167200001e-07,0.0,1,703416221,5,10,1,20,2.34,13262848.0,4.3,173133824.0,0.0,2076672.0,0.39,36302848.0,"0,1,2,3,4,5,6,7,8,9",data/raw__NOBACKUP__/metrics_by_mutation_rate/simulations/aweaver+msprime-n10_Ne5000.0_l5000_rho0.000000025_mu0.000000946436-gs703416221_ms703416221err0.0+ws703416221.stats,4.021,3.3366,,,1.0691,5.268387280388191,,1.3606453860927996,1.3448587799879996,19172.49568862021,19172.435068540486,0.4899604903539999,2.6857029219665196,,2.05832,1.35784,49443.524983029056,49151.25929570906,0.5505,2.7773442208804924,,6.781258779990001,1.34485877999,19281.64464571928,19278.6082654741,0.4899604903539999,2.6857029219676214,,1.3606453860927996,1.3448587799879996,19172.49568862021,19172.435068540486,0.4899604903539999,2.6857029219665196,,,18.0,18.0,27.6
49,10,5000,5000,2.5e-08,9.464360167200001e-07,0.01,1,703416221,5,10,1,20,1.33,11862016.0,3.42,143925248.0,0.0,2056192.0,0.4,36003840.0,"0,1,2,3,4,5,6,7,8,9",data/raw__NOBACKUP__/metrics_by_mutation_rate/simulations/aweaver+msprime-n10_Ne5000.0_l5000_rho0.000000025_mu0.000000946436-gs703416221_ms703416221err0.01+ws703416221.stats,4.13,3.6696,,,0.9719,5.157585305056987,,2.2911762355607146,2.1496152373614517,20199.444500975143,20199.146254800202,0.6719165027394299,3.7372558225913823,,1.5006,1.1952,48125.63171956418,48030.36960645038,0.3958,2.068105399654352,,3.981385547051999,2.447780867747399,19248.119593845382,19247.246386525618,0.7918565556516999,4.058502462686208,,2.2911762355607146,2.1496152373614517,20199.444500975143,20199.146254800202,0.6719165027394299,3.7372558225913823,,,52.0,54.0,32.5
50,10,5000,5000,2.5e-08,9.464360167200001e-07,0.1,1,703416221,5,10,1,20,1.7000000000000002,15642624.0,3.23,129179648.0,0.0,2035712.0,0.37,36364288.0,"0,1,2,3,4,5,6,7,8,9",data/raw__NOBACKUP__/metrics_by_mutation_rate/simulations/aweaver+msprime-n10_Ne5000.0_l5000_rho0.000000025_mu0.000000946436-gs703416221_ms703416221err0.1+ws703416221.stats,6.7666,6.2648,,,1.8309,8.474050929736578,,7.84784914937096,7.490583697446196,22257.067405680144,22256.497414195423,1.9125521412745992,9.235682164887214,,2.69276,2.19928,50872.40614475684,50736.51941002044,0.69268,3.823983454121579,,10.2142395064164,8.0366583114792,19106.119094082118,19103.360228898662,2.0285644301764,10.285537877773164,,7.84784914937096,7.490583697446196,22257.067405680144,22256.497414195423,1.9125521412745992,9.235682164887214,,,200.0,251.0,33.6
51,20,5000,5000,2.5e-08,9.464360167200001e-07,0.0,1,7174965,5,10,1,20,3.0700000000000003,16060416.0,8.58,327458816.0,0.0,2002944.0,0.46,40439808.0,"0,1,2,3,4,5,6,7,8,9",data/raw__NOBACKUP__/metrics_by_mutation_rate/simulations/aweaver+msprime-n20_Ne5000.0_l5000_rho0.000000025_mu0.000000946436-gs7174965_ms7174965err0.0+ws7174965.stats,2.9978,0.591,,,0.2193,2.2666808525402344,,,,,,,9.087147699928561,,4.58428,3.10796,45645.0675808002,44280.3745376002,1.42598,9.110301072812586,,7.309794441761999,0.5059269091839996,14775.655264766034,14764.422803229467,0.23322650232100023,2.3056444965923344,,,,,,,9.087147699928561,,,32.0,30.0,40.0
52,20,5000,5000,2.5e-08,9.464360167200001e-07,0.01,1,7174965,5,10,1,20,4.0,18038784.0,6.6400000000000015,230023168.0,0.0,2056192.0,0.46,39686144.0,"0,1,2,3,4,5,6,7,8,9",data/raw__NOBACKUP__/metrics_by_mutation_rate/simulations/aweaver+msprime-n20_Ne5000.0_l5000_rho0.000000025_mu0.000000946436-gs7174965_ms7174965err0.01+ws7174965.stats,8.8268,6.6874,,,1.8494,16.63925789254028,,14.0,12.0,14191.841182163662,14191.841182163662,1.9503746081676097,12.859246007180856,,11.42224,9.11264,46659.99743123748,45364.82587731748,3.21352,17.45221999578859,,12.793374565597201,10.4718548304776,14667.67032496344,14665.959276480316,2.9787024792718,18.025283818791568,,14.0,12.0,14191.841182163662,14191.841182163662,1.9503746081676097,12.859246007180856,,,113.0,92.0,43.2
53,20,5000,5000,2.5e-08,9.464360167200001e-07,0.1,1,7174965,5,10,1,20,4.49,15990784.0,7.31,274661376.0,0.01,2097152.0,0.47,40304640.0,"0,1,2,3,4,5,6,7,8,9",data/raw__NOBACKUP__/metrics_by_mutation_rate/simulations/aweaver+msprime-n20_Ne5000.0_l5000_rho0.000000025_mu0.000000946436-gs7174965_ms7174965err0.1+ws7174965.stats,20.1002,18.462,,,4.9019,27.02514832518582,,21.59114153984339,20.760835003165838,14713.641804015691,14713.641804015691,5.339183915406821,27.223836673212592,,14.137440000000002,12.71804,64451.846354926456,63350.98861518758,3.71554,17.910459766290284,,25.49886855372484,23.18991907558224,14297.619566852436,14292.852676718283,5.925667892646301,31.420170817659383,,21.59114153984339,20.760835003165838,14713.641804015691,14713.641804015691,5.339183915406821,27.223836673212592,,,726.0,699.0,95.7
54,10,5000,5000,2.5e-08,3.76782964726e-06,0.0,1,1873790241,5,10,1,20,2.8600000000000003,13582336.0,14.59,662069248.0,0.0,2134016.0,10.56,165515264.0,"0,1,2,3,4,5,6,7,8,9",data/raw__NOBACKUP__/metrics_by_mutation_rate/simulations/aweaver+msprime-n10_Ne5000.0_l5000_rho0.000000025_mu0.00000376783-gs1873790241_ms1873790241err0.0+ws1873790241.stats,2.0714,0.2044,,,0.1022,0.5045851973334635,,0.22638876322399992,0.21539438161199997,14340.486667761019,14340.181573671285,0.10769719080599999,0.5258669964029917,,0.81824,0.1946,42588.16378914996,42489.65080794996,0.0973,0.47792945779170665,,0.898994381612,0.21539438161199997,15296.094334488507,15295.923434488508,0.10769719080599999,0.5258669964029917,,0.22638876322399992,0.21539438161199997,14340.486667761019,14340.181573671285,0.10769719080599999,0.5258669964029917,,,12.0,12.0,15.9
55,10,5000,5000,2.5e-08,3.76782964726e-06,0.01,1,1873790241,5,10,1,20,3.0700000000000003,13647872.0,11.01,373014528.0,0.01,2150400.0,10.95,165015552.0,"0,1,2,3,4,5,6,7,8,9",data/raw__NOBACKUP__/metrics_by_mutation_rate/simulations/aweaver+msprime-n10_Ne5000.0_l5000_rho0.000000025_mu0.00000376783-gs1873790241_ms1873790241err0.01+ws1873790241.stats,3.6572,2.2504,,,0.9306,3.780952223641176,,2.7984872167881365,2.6252299236179613,14628.121508491015,14618.390290225469,1.1096551973438449,4.69945286292111,,0.9033199999999999,0.20812,43720.8598281078,43617.8051125078,0.10406,0.5127390530432543,,8.558129126585419,5.731334983081219,15167.980894040847,15166.412240518192,1.7848951509878,7.59967610501107,,2.7984872167881365,2.6252299236179613,14628.121508491015,14618.390290225469,1.1096551973438449,4.69945286292111,,,343.0,197.0,15.5
56,10,5000,5000,2.5e-08,3.76782964726e-06,0.1,1,1873790241,5,10,1,20,2.77,14102528.0,7.8,272637952.0,0.06,2121728.0,10.19,161140736.0,"0,1,2,3,4,5,6,7,8,9",data/raw__NOBACKUP__/metrics_by_mutation_rate/simulations/aweaver+msprime-n10_Ne5000.0_l5000_rho0.000000025_mu0.00000376783-gs1873790241_ms1873790241err0.1+ws1873790241.stats,6.7516,5.6204,,,1.7384,7.555697001821596,,7.6367442808859,6.7444483442379815,14913.218174997337,14839.654636386296,1.9217597796469874,8.755345644324208,,0.42304,0.41824000000000006,50883.97343874554,50792.38230781074,0.12336,0.7399285485306777,,10.150897662189477,8.06085942922614,15079.117093135876,15077.912912068612,2.17393567799784,9.6764466433424,,7.6367442808859,6.7444483442379815,14913.218174997337,14839.654636386296,1.9217597796469874,8.755345644324208,,,1337.0,1643.0,18.1
57,20,5000,5000,2.5e-08,3.76782964726e-06,0.0,1,376297092,5,10,1,20,3.91,27877376.0,16.66,696201216.0,0.0,2211840.0,14.25,200015872.0,"0,1,2,3,4,5,6,7,8,9",data/raw__NOBACKUP__/metrics_by_mutation_rate/simulations/aweaver+msprime-n20_Ne5000.0_l5000_rho0.000000025_mu0.00000376783-gs376297092_ms376297092err0.0+ws376297092.stats,1.454,0.1906,,,0.0953,0.9091040589503491,,0.027896738928000014,0.006321479748000093,14985.050093132479,14983.718930211824,0.0031607398740000465,0.030151536712903014,,2.03792,2.01152,40706.51560042016,40645.60154120336,1.0006,6.460994340889267,,2.6125386648859994,0.0063214797459997495,16393.05728748567,16391.762126745798,0.0031607398729998747,0.03015153670336199,,0.027896738928000014,0.006321479748000093,14985.050093132479,14983.718930211824,0.0031607398740000465,0.030151536712903014,,,25.0,30.0,30.5
58,20,5000,5000,2.5e-08,3.76782964726e-06,0.01,1,376297092,5,10,1,20,3.28,21340160.0,10.66,562614272.0,0.04,2199552.0,14.74,200060928.0,"0,1,2,3,4,5,6,7,8,9",data/raw__NOBACKUP__/metrics_by_mutation_rate/simulations/aweaver+msprime-n20_Ne5000.0_l5000_rho0.000000025_mu0.00000376783-gs376297092_ms376297092err0.01+ws376297092.stats,8.245,7.6604,,,2.5868,15.94947854520608,,6.337548282170091,6.181146397056607,14687.355390089353,14686.916659753833,1.855453241976603,14.942072128442351,,1.29448,1.25976,41044.28241932766,40916.45261787782,0.6258,4.456700662378003,,15.434402519861804,13.722258231500804,15579.177897824926,15578.08896622375,4.2414281432374,21.85502143102187,,6.337548282170091,6.181146397056607,14687.355390089353,14686.916659753833,1.855453241976603,14.942072128442351,,,944.0,553.0,41.9
59,20,5000,5000,2.5e-08,3.76782964726e-06,0.1,1,376297092,5,10,1,20,4.67,26869760.0,9.239999999999998,504745984.0,0.17,2220032.0,15.17,197988352.0,"0,1,2,3,4,5,6,7,8,9",data/raw__NOBACKUP__/metrics_by_mutation_rate/simulations/aweaver+msprime-n20_Ne5000.0_l5000_rho0.000000025_mu0.00000376783-gs376297092_ms376297092err0.1+ws376297092.stats,22.3472,21.4076,,,5.7472,29.84856200532532,,24.93649980886076,23.67252362015381,15886.916287418282,15863.253930058598,5.940041856286953,30.250892014089775,,4.21376,4.18388,66358.98348413107,66308.15213858482,1.93462,8.963096060583737,,28.95603794280297,27.01652936914517,20440.743068044303,20440.382730059657,6.765787111502999,33.33618505962915,,24.93649980886076,23.67252362015381,15886.916287418282,15863.253930058598,5.940041856286953,30.250892014089775,,,4174.0,4588.0,42.6
