Unnamed: 0,replicate,sample_size,Ne,length,recombination_rate,mutation_rate,error_rate,edges,n_trees,seed,sites,ts_filesize,vcf_filesize,vcfgz_filesize,tsinfer_completed,tsinfer_ts_filesize,tsinfer_cputime,tsinfer_max_polytomy,tsinfer_edges,tsinfer_memory,tsinfer_mean_polytomy,tsinfer_var_polytomy
0,0,5000,5000,50000000,5e-09,5e-09,0,166607,41816,808716224,44962,5191225,450935470,15889781,True,4595543.0,1195.87,13312.0,145716.0,3260375040.0,5.809584562634559,7086.253591255529
1,0,10000,5000,50000000,5e-09,5e-09,0,193821,46148,1137898847,49215,6063810,985760335,31417504,True,5442327.0,2432.8399999999997,14128.0,173532.0,5369315328.0,5.995232337191225,6921.139103197878
2,0,15000,5000,50000000,5e-09,5e-09,0,208693,47337,716355064,50674,6545687,1521745124,47333098,True,5903833.0,3686.17,14750.0,189088.0,6038597632.0,6.123514362511739,7074.017452515346
3,0,20000,5000,50000000,5e-09,5e-09,0,224816,48850,309401769,51791,7089009,2073219545,62848578,True,6401586.0,4989.42,14632.0,206464.0,7086714880.0,6.34824585677828,6616.602458796117
4,0,25000,5000,50000000,5e-09,5e-09,0,240684,50266,429519779,53430,7601914,2673151715,79282473,True,6927747.0,5932.6900000000005,15139.0,223412.0,8230318080.0,6.488122204797584,6693.132300690649
5,0,30000,5000,50000000,5e-09,5e-09,0,252866,50931,1927017078,54282,8036527,3258621150,95016981,True,7214759.0,7934.610000000001,15238.0,232490.0,9483632640.0,6.557141245487364,6590.525784968316
6,0,35000,5000,50000000,5e-09,5e-09,0,267695,52091,1088278859,54948,8574006,3848105676,108456922,True,7689258.0,9377.86,15175.0,247650.0,10619170816.0,6.706656556355955,6282.716581915681
7,0,40000,5000,50000000,5e-09,5e-09,0,276896,51832,567844019,55166,8891292,4415056969,123189371,True,7949925.0,9573.51,15232.0,256234.0,11320434688.0,6.8557591973244145,6258.042953788166
8,0,45000,5000,50000000,5e-09,5e-09,0,292818,53292,872000538,56927,9412839,5125282191,141265249,True,8513722.0,11322.76,15843.0,272943.0,13299859456.0,7.017431546471268,6510.001238755918
9,0,50000,5000,5000000,5e-09,5e-09,0,120005,5245,1492239008,5525,3952781,552892639,14477444,True,3163804.0,527.9699999999999,1618.0,106198.0,1579425792.0,16.08086008479709,1818.6106633426286
10,0,50000,5000,10000000,5e-09,5e-09,0,141857,10967,499387851,11669,4657256,1167464565,32655552,True,3785892.0,1545.16,3591.0,125911.0,3123601408.0,11.569512083065332,1659.8790925396636
11,0,50000,5000,15000000,5e-09,5e-09,0,161708,16232,1389054605,17233,5271659,1724025954,48637489,True,4375604.0,2778.2,5081.0,143817.0,4002963456.0,9.943100110619469,2055.0558746813495
12,0,50000,5000,20000000,5e-09,5e-09,0,182365,21631,1972686173,22686,5924701,2269484215,59783265,True,5029001.0,3474.9900000000002,6350.0,163946.0,5439307776.0,8.917378297525156,2353.969948198746
13,0,50000,5000,25000000,5e-09,5e-09,0,201254,26653,1953129429,28688,6521960,2869858507,81532036,True,5605823.0,5338.599999999999,8212.0,182242.0,7001751552.0,8.283350756783783,3197.3371024672615
14,0,50000,5000,30000000,5e-09,5e-09,0,222379,32171,287794401,34296,7180168,3430821182,94034279,True,6232898.0,6752.09,9570.0,202330.0,8099250176.0,7.90042951971886,3680.557832693295
15,0,50000,5000,35000000,5e-09,5e-09,0,241999,37323,1662864346,40261,7795043,4027493757,110107979,True,6835455.0,8285.21,11120.0,221563.0,9729064960.0,7.5453957226535895,4295.589582056318
16,0,50000,5000,40000000,5e-09,5e-09,0,262935,42871,392300528,46294,8512433,4630968905,128463888,True,7514030.0,9878.130000000001,12812.0,242640.0,11757993984.0,7.34338115126203,5041.677682872034
17,0,50000,5000,45000000,5e-09,5e-09,0,284975,48570,1125918068,51883,9231835,5190030466,142167531,True,8209461.0,10276.04,14700.0,263162.0,12586967040.0,7.169845248474281,5951.2267105689025
18,0,50000,5000,50000000,5e-09,5e-09,0,304904,53879,265820473,56884,9846268,5690276062,160725616,True,8774856.0,13135.58,16076.0,281551.0,14599016448.0,7.110951154215285,6589.554366610586
19,0,50000,5000,55000000,5e-09,5e-09,0,327979,59894,1046743283,63554,10572895,6357469505,179083415,True,9510075.0,16132.7,17871.0,305265.0,16469278720.0,7.000366913568922,7379.258834456151
20,0,50000,5000,60000000,5e-09,5e-09,0,342791,63770,1350418526,68077,11068947,6809900748,182506328,True,9969739.0,16044.07,18782.0,318753.0,17672495104.0,6.879016768457173,7662.864746703587
21,0,50000,5000,65000000,5e-09,5e-09,0,364941,69669,466871037,74251,11764749,7427479687,203965381,True,10629231.0,18901.57,20637.0,339861.0,19532029952.0,6.82945502773089,8606.89389086127
22,0,50000,5000,70000000,5e-09,5e-09,0,385465,75125,1916939455,80182,12415343,8020751493,219835098,True,11305311.0,21317.86,22093.0,361813.0,20998373376.0,6.805857567435386,9229.24068424727
23,0,50000,5000,75000000,5e-09,5e-09,0,404463,80050,929397077,85098,13003074,8512494276,232166939,True,11812882.0,22976.78,23499.0,377799.0,22743789568.0,6.718337660490095,9863.606817053818
24,0,50000,5000,80000000,5e-09,5e-09,0,426582,85931,462359148,91425,13701274,9145378098,251956545,True,12560810.0,25220.61,25757.0,402242.0,25410232320.0,6.703809873004233,11099.507451569334
25,0,50000,5000,85000000,5e-09,5e-09,0,444351,90649,418086302,96561,14262963,9659126846,266326304,True,13106880.0,27945.45,26676.0,419709.0,26192908288.0,6.680817534979227,11370.200464053158
26,0,50000,5000,90000000,5e-09,5e-09,0,466745,96313,316767138,101930,14947943,10196182357,275958053,True,13788499.0,30095.75,28347.0,440112.0,28059877376.0,6.662004450297443,12206.057065185816
27,0,50000,5000,95000000,5e-09,5e-09,0,488209,102183,570841540,108446,15632898,10847971572,300689370,True,14427649.0,29558.68,30440.0,460003.0,30981345280.0,6.601650401836969,13336.107204509239
28,0,50000,5000,100000000,5e-09,5e-09,0,506208,106812,358116354,113637,16200197,11367222303,315022534,True,15019406.0,33977.27,31756.0,479104.0,31732465664.0,6.589698095041607,13909.198037052105
29,0,55000,5000,50000000,5e-09,5e-09,0,316046,54096,1974001566,57388,10223816,6314595466,171377231,True,9110765.0,14300.93,16326.0,292654.0,15516352512.0,7.187513814868482,6612.589565341835
30,0,60000,5000,50000000,5e-09,5e-09,0,328976,54855,1553621901,57676,10640443,6923069073,183572752,True,9469207.0,16181.02,16139.0,305015.0,16729980928.0,7.39860767476835,6392.073028673181
31,0,65000,5000,50000000,5e-09,5e-09,0,339436,54940,667719760,58486,10999836,7605177185,203048495,True,9754151.0,18031.09,16385.0,313920.0,17457356800.0,7.442389758179232,6442.501161856622
32,0,70000,5000,50000000,5e-09,5e-09,0,349469,54977,667699277,59005,11349876,8262737184,221417822,True,10030914.0,18520.190000000002,16472.0,322788.0,18761314304.0,7.533151298746762,6414.260943279427
33,0,75000,5000,50000000,5e-09,5e-09,0,362885,55924,134906351,59388,11781295,8910273263,238667756,True,10360438.0,20763.13,16645.0,333933.0,20173168640.0,7.707272601380201,6486.949577362921
34,0,80000,5000,50000000,5e-09,5e-09,0,371878,55549,1294647786,59185,12086356,9471692223,245514452,True,10603849.0,21909.14,16140.0,341990.0,20975153152.0,7.796243103998541,6031.117102559239
35,0,85000,5000,50000000,5e-09,5e-09,0,387319,57024,906262299,60051,12582430,10210812288,271309332,True,11040222.0,24106.059999999998,16834.0,356916.0,22598402048.0,7.948069300316216,6412.163561608881
36,0,90000,5000,50000000,5e-09,5e-09,0,390877,55387,960426798,59035,12727667,10628437845,277815243,True,11144349.0,23552.56,16240.0,358189.0,23059021824.0,8.074048193314248,6059.525409726235
37,0,95000,5000,50000000,5e-09,5e-09,0,406579,56814,1489521078,59751,13277470,11354873163,296779559,True,11644353.0,26646.04,16953.0,375525.0,24651636736.0,8.186187953698253,6382.935338187765
38,0,100000,5000,50000000,5e-09,5e-09,0,417059,56970,1573457715,60448,13641282,12091828752,312864556,True,11852249.0,27310.579999999998,16268.0,381716.0,26225094656.0,8.332409246687476,5905.258563925508
39,1,5000,5000,50000000,5e-09,5e-09,0,166651,41877,745819123,45684,5205763,458176291,15862119,True,4607110.0,1202.76,13034.0,145562.0,3303235584.0,5.711225330560678,6686.341374757051
40,1,10000,5000,50000000,5e-09,5e-09,0,192457,45729,621137568,49069,6026581,982836525,31040832,True,5411509.0,2427.32,14036.0,172411.0,5348716544.0,5.98275383440905,6861.690277904634
41,1,15000,5000,50000000,5e-09,5e-09,0,213002,48441,1917583319,51820,6676127,1556158127,47671888,True,6009464.0,3868.32,14707.0,192471.0,6134296576.0,6.135316056230276,6923.761645575254
42,1,20000,5000,50000000,5e-09,5e-09,0,227551,49483,171685554,52941,7178475,2119252640,64086915,True,6507852.0,4746.639999999999,15193.0,208737.0,7213674496.0,6.287637809506597,6984.495522216911
43,1,25000,5000,50000000,5e-09,5e-09,0,238813,49810,1809123449,53095,7547383,2656392287,78238561,True,6816882.0,6348.58,14944.0,219308.0,8165249024.0,6.475566185372191,6632.1250931886025
44,1,30000,5000,50000000,5e-09,5e-09,0,254314,51248,1429992420,54486,8078333,3270866665,92758716,True,7289775.0,6791.91,14884.0,233886.0,9508458496.0,6.565958283035288,6259.477956290221
45,1,35000,5000,50000000,5e-09,5e-09,0,265404,51440,1313836049,55321,8520460,3874225981,111464949,True,7668360.0,9698.84,15784.0,246544.0,10661584896.0,6.674897119341564,6789.920028281598
46,1,40000,5000,50000000,5e-09,5e-09,0,279257,52379,1698419317,55649,8961074,4453710659,125597666,True,8044458.0,10804.94,15723.0,259533.0,11381809152.0,6.8305347931361196,6555.774866131514
47,1,45000,5000,50000000,5e-09,5e-09,0,291636,53014,745911278,56434,9372546,5080898480,141448923,True,8424851.0,10995.599999999999,16107.0,269781.0,12767399936.0,6.978117482734539,6767.453699785064
48,1,50000,5000,5000000,5e-09,5e-09,0,120855,5482,669270988,5826,3979480,583000975,16059505,True,3126189.0,641.41,1702.0,104498.0,1635315712.0,16.26681195516812,1924.6022235848134
49,1,50000,5000,10000000,5e-09,5e-09,0,141688,10959,1782501257,11391,4648085,1139656783,30661129,True,3748356.0,1541.75,3296.0,124517.0,3078455296.0,11.421482296826271,1457.9752603968154
50,1,50000,5000,15000000,5e-09,5e-09,0,161946,16308,1554950652,17295,5279772,1730227886,47705795,True,4345875.0,2596.98,5012.0,142508.0,4014088192.0,9.771530444322545,1982.7527934339332
51,1,50000,5000,20000000,5e-09,5e-09,0,180971,21283,1619036622,22507,5885961,2251579549,63101110,True,5045947.0,3948.98,6416.0,164774.0,5412835328.0,8.986365619546248,2435.999159653408
52,1,50000,5000,25000000,5e-09,5e-09,0,201456,26618,1876823513,28472,6522404,2848251985,77950481,True,5612321.0,5189.29,8030.0,182599.0,6973845504.0,8.24188670728955,3032.2750949733986
53,1,50000,5000,30000000,5e-09,5e-09,0,219693,31492,966701046,33915,7104937,3392710173,92187065,True,6174475.0,7054.81,9301.0,200184.0,8040189952.0,7.797148866557607,3469.789964606101
54,1,50000,5000,35000000,5e-09,5e-09,0,242459,37601,1711364921,40341,7809955,4035496334,112763848,True,6837960.0,7199.08,11175.0,221603.0,9738305536.0,7.541108010617301,4337.707848687238
55,1,50000,5000,40000000,5e-09,5e-09,0,261137,42372,971403451,45144,8380949,4515935781,120965047,True,7356613.0,9256.460000000001,12314.0,238484.0,11587756032.0,7.37769528228925,4767.952535755563
56,1,50000,5000,45000000,5e-09,5e-09,0,284768,48589,2081809961,51694,9223698,5171125483,143163012,True,8193637.0,11028.69,14384.0,262766.0,12553736192.0,7.224999312601391,5755.87780336619
57,1,50000,5000,50000000,5e-09,5e-09,0,301585,53014,957315746,56721,9755739,5673971193,155407674,True,8709483.0,12626.92,15893.0,279004.0,14581841920.0,7.031528012298697,6425.180462170332
58,1,50000,5000,55000000,5e-09,5e-09,0,325428,59274,1547756102,62651,10489408,6267143754,173597873,True,9411773.0,15940.84,17539.0,302191.0,15448272896.0,7.0595477269541655,7245.2246697389155
59,1,50000,5000,60000000,5e-09,5e-09,0,342911,63854,761133735,67573,11064911,6759486293,184707367,True,9894108.0,15820.7,18583.0,316231.0,17056505856.0,6.900388408833028,7586.10561824837
60,1,50000,5000,65000000,5e-09,5e-09,0,362551,69133,1407249052,73323,11687295,7334653208,201159660,True,10582125.0,18852.46,20412.0,338766.0,19369852928.0,6.873054839822273,8502.456221553139
61,1,50000,5000,70000000,5e-09,5e-09,0,388678,75984,2079985360,80730,12508710,8075567706,223083330,True,11368710.0,19407.170000000002,22840.0,363796.0,22100140032.0,6.771951378418123,9757.07777547583
62,1,50000,5000,75000000,5e-09,5e-09,0,406780,80647,1918293545,85542,13070906,8556907121,236796371,True,11885397.0,22205.78,23651.0,380411.0,22803701760.0,6.765628612588258,9994.180010561771
63,1,50000,5000,80000000,5e-09,5e-09,0,425638,85710,935864672,91009,13671208,9103765806,252218284,True,12494247.0,24971.59,25621.0,400071.0,24614252544.0,6.740535440500059,11104.43738725563
64,1,50000,5000,85000000,5e-09,5e-09,0,448967,91899,1999782678,97497,14401367,9752753990,270118411,True,13226661.0,28073.01,27100.0,423658.0,26325487616.0,6.673671276897388,11611.412333798116
65,1,50000,5000,90000000,5e-09,5e-09,0,465822,96244,1929248278,101323,14914465,10135465016,279393877,True,13690413.0,30141.75,28702.0,436779.0,27959574528.0,6.664108510573373,12611.043488890486
66,1,50000,5000,95000000,5e-09,5e-09,0,489320,102477,1233609913,108913,15668520,10894684955,303671858,True,14490943.0,31453.280000000002,30659.0,462147.0,31032229888.0,6.613248046707307,13490.460608668303
67,1,50000,5000,100000000,5e-09,5e-09,0,506418,107016,937208081,113568,16203581,11360319788,317950313,True,14941643.0,33540.829999999994,31966.0,476258.0,31715303424.0,6.609553680470745,14220.836005096678
68,1,55000,5000,50000000,5e-09,5e-09,0,315105,53927,436316771,57259,10194438,6300402012,174077726,True,9055384.0,14591.97,15849.0,290680.0,15492153344.0,7.226351771286513,6311.336583396454
69,1,60000,5000,50000000,5e-09,5e-09,0,326621,54205,1043535189,57597,10577289,6913586628,186426455,True,9460028.0,15105.140000000001,16156.0,304706.0,16712646656.0,7.394699800999854,6408.237358696222
70,1,65000,5000,50000000,5e-09,5e-09,0,337957,54566,2141643238,57765,10949983,7511426673,199795615,True,9716401.0,17816.190000000002,16184.0,313029.0,17332228096.0,7.49572567706712,6351.336833098665
71,1,70000,5000,50000000,5e-09,5e-09,0,348739,54753,408301653,58273,11316179,8160235832,212862195,True,10017949.0,18473.23,16411.0,322840.0,18537234432.0,7.576625205350856,6399.438214473235
72,1,75000,5000,50000000,5e-09,5e-09,0,361449,55462,987405515,58888,11735586,8835258827,233254375,True,10386691.0,20682.18,16543.0,335338.0,20041674752.0,7.746673442986509,6411.06574618776
73,1,80000,5000,50000000,5e-09,5e-09,0,372741,55801,736191869,59620,12118258,9541305218,250202768,True,10750632.0,22256.379999999997,16681.0,347429.0,21103091712.0,7.830621168409665,6367.368466419053
74,1,85000,5000,50000000,5e-09,5e-09,0,385602,56524,1183110416,59632,12528085,10139570486,270286315,True,10954160.0,23257.079999999998,16823.0,353814.0,22436614144.0,7.9186678901546514,6437.656731924371
75,1,90000,5000,50000000,5e-09,5e-09,0,395406,56548,2042431147,59806,12863331,10767240072,279050177,True,11317612.0,23854.64,16765.0,364376.0,23351349248.0,8.09202958093673,6352.714531289093
76,1,95000,5000,50000000,5e-09,5e-09,0,406878,56684,668340639,59490,13281170,11305276423,283618624,True,11616367.0,25919.18,16357.0,374784.0,24563318784.0,8.279043053745388,6031.535115159271
77,1,100000,5000,50000000,5e-09,5e-09,0,414126,56185,1134470917,59395,13544880,11881198477,303302249,True,11840890.0,27342.57,16362.0,382011.0,25851748352.0,8.359834558823529,5991.0166369124045
78,2,5000,5000,50000000,5e-09,5e-09,0,167847,42221,806389049,45390,5253379,455227582,16131721,True,4629228.0,1203.8899999999999,13191.0,146662.0,3289759744.0,5.7464932215343625,6838.07381126649
79,2,10000,5000,50000000,5e-09,5e-09,0,192451,45820,2014329324,49322,6028004,987903576,31577893,True,5366579.0,2530.0,13982.0,170493.0,5358198784.0,5.97529176742719,6876.68424563474
80,2,15000,5000,50000000,5e-09,5e-09,0,208447,47244,1100405605,50558,6537669,1518261723,46871275,True,5908401.0,3580.37,14497.0,189401.0,6015377408.0,6.160584179026802,6864.873412565319
81,2,20000,5000,50000000,5e-09,5e-09,0,228293,49745,1188110358,53705,7212209,2149834434,65357173,True,6566621.0,5189.93,15450.0,210490.0,7285489664.0,6.270181709859994,7142.966918435853
82,2,25000,5000,50000000,5e-09,5e-09,0,243421,50978,827040674,53960,7680405,2699666719,79429397,True,6954917.0,6758.240000000001,15397.0,224099.0,8296439808.0,6.473856020337416,6886.266071750012
83,2,30000,5000,50000000,5e-09,5e-09,0,253757,51040,132976241,54736,8066612,3285874101,95260419,True,7302587.0,7195.63,15419.0,234221.0,9540300800.0,6.567250806112435,6707.176810568949
84,2,35000,5000,50000000,5e-09,5e-09,0,267876,52113,1571704117,54994,8579221,3851326323,109560972,True,7678221.0,9280.140000000001,15522.0,247214.0,10615123968.0,6.718136855263873,6593.329705838979
85,2,40000,5000,50000000,5e-09,5e-09,0,278027,52075,1409280518,55707,8929911,4458352275,124326698,True,7941419.0,10045.58,15852.0,255514.0,11387670528.0,6.833021340321976,6770.5298546624845
86,2,45000,5000,50000000,5e-09,5e-09,0,289996,52661,613877172,56485,9330093,5085489471,144213693,True,8413369.0,11526.62,16000.0,269246.0,13251117056.0,6.943445857080228,6655.6913370494
87,2,50000,5000,5000000,5e-09,5e-09,0,119172,5067,1316869889,5660,3933640,566396314,15342655,True,3099109.0,636.67,1762.0,103517.0,1602256896.0,16.478350843680357,1926.1177261564376
88,2,50000,5000,10000000,5e-09,5e-09,0,140464,10614,1727042129,11371,4616482,1137656370,30725669,True,3718347.0,1420.52,3074.0,123326.0,3071963136.0,11.453008915304606,1339.5750578112134
89,2,50000,5000,15000000,5e-09,5e-09,0,160306,15861,604673986,16622,5225878,1662908851,44945951,True,4297606.0,1943.77,4813.0,141056.0,3891228672.0,9.84271858209476,1882.0735111076717
90,2,50000,5000,20000000,5e-09,5e-09,0,182499,21726,1323776935,23097,5936280,2310595963,64560775,True,5051956.0,3607.04,6720.0,164546.0,5502881792.0,8.862282544299026,2605.754987691376
91,2,50000,5000,25000000,5e-09,5e-09,0,202081,26814,867917738,28275,6535558,2828546676,77193077,True,5600878.0,5167.65,8193.0,182333.0,6939480064.0,8.30598578717201,3179.2801427417808
92,2,50000,5000,30000000,5e-09,5e-09,0,223670,32560,1621749006,34596,7220023,3460829643,94901784,True,6276274.0,6861.15,9642.0,203809.0,8148254720.0,7.880330974751575,3694.3504088608
93,2,50000,5000,35000000,5e-09,5e-09,0,243689,37832,413100871,40114,7839161,4012789897,111575547,True,6926454.0,7968.5599999999995,11290.0,225327.0,9705725952.0,7.635097587422066,4404.933971466487
94,2,50000,5000,40000000,5e-09,5e-09,0,263339,42920,942118229,45845,8516446,4586056038,126061016,True,7507980.0,10849.52,12570.0,242713.0,11690659840.0,7.354270823864497,4861.0535365126625
95,2,50000,5000,45000000,5e-09,5e-09,0,282982,48152,1051453534,50574,9157511,5059093213,139106769,True,8021866.0,11092.61,14277.0,259435.0,12382093312.0,7.259562917984162,5770.135833852108
96,2,50000,5000,50000000,5e-09,5e-09,0,303414,53566,1631696659,56675,9803577,5669369826,158541043,True,8745066.0,13791.42,15703.0,280509.0,14570418176.0,7.092515802781289,6298.159607703605
97,2,50000,5000,55000000,5e-09,5e-09,0,326484,59570,165798952,63417,10530610,6343765462,177497984,True,9464522.0,15810.67,17780.0,303562.0,16456458240.0,6.9784367816091954,7324.631902843704
98,2,50000,5000,60000000,5e-09,5e-09,0,344721,64417,263541056,68332,11124193,6835407860,190047865,True,9986223.0,17254.109999999997,19016.0,319267.0,17706430464.0,6.902025639362691,7868.293144393229
99,2,50000,5000,65000000,5e-09,5e-09,0,363688,69380,1640504192,73789,11723457,7381266254,204319029,True,10699296.0,18706.74,20850.0,343018.0,19447943168.0,6.9020483721678945,8798.729308452566
100,2,50000,5000,70000000,5e-09,5e-09,0,384425,74709,1905147405,80094,12383174,8011948996,219058971,True,11313785.0,19887.31,22357.0,362186.0,20990656512.0,6.8021259812943695,9435.128482878317
101,2,50000,5000,75000000,5e-09,5e-09,0,404380,79976,476754817,84643,12992403,8466981320,230972704,True,11752038.0,22384.29,23427.0,375733.0,22665359360.0,6.70520736669284,9838.572262839785
102,2,50000,5000,80000000,5e-09,5e-09,0,424154,85255,1389695619,90117,13612962,9014540081,250863337,True,12409143.0,24852.38,25029.0,397357.0,24547622912.0,6.726086294158471,10648.462168498942
103,2,50000,5000,85000000,5e-09,5e-09,0,449472,92037,687209714,97203,14407518,9723345332,267953676,True,13159726.0,28178.059999999998,26878.0,421278.0,26286964736.0,6.6700126662444585,11479.908587776914
104,2,50000,5000,90000000,5e-09,5e-09,0,467177,96530,338142864,103000,14979342,10303213074,281867345,True,13864751.0,30169.46,28289.0,442155.0,29015638016.0,6.611070408636235,12005.745714978386
105,2,50000,5000,95000000,5e-09,5e-09,0,486144,101648,558402106,108239,15573594,10827265344,296947515,True,14433196.0,23108.08,29873.0,460434.0,30939516928.0,6.626952028670534,12883.935865076228
106,2,50000,5000,100000000,5e-09,5e-09,0,511343,108234,1332904594,114737,16354303,11477253550,320022339,True,15097148.0,34103.14,31896.0,481321.0,32766156800.0,6.58261761487965,13952.0591754238
107,2,55000,5000,50000000,5e-09,5e-09,0,314539,53740,1467228203,56838,10171728,6254080017,170387377,True,9062150.0,13648.48,15974.0,291240.0,15417155584.0,7.242614145031334,6410.425023783973
108,2,60000,5000,50000000,5e-09,5e-09,0,326928,54303,691689745,57176,10577730,6863054512,181076064,True,9414224.0,17468.17,16141.0,303195.0,16636788736.0,7.383114985632884,6419.1481871117485
109,2,65000,5000,50000000,5e-09,5e-09,0,339624,55110,1930685648,58440,11007165,7599196082,202324034,True,9753375.0,16359.49,16095.0,313992.0,17452294144.0,7.4822351959966635,6251.90959147715
110,2,70000,5000,50000000,5e-09,5e-09,0,352454,55679,867599895,58792,11423720,8232911194,215387699,True,10100993.0,19149.06,16506.0,325794.0,18696110080.0,7.627335299901672,6459.480449578682
111,2,75000,5000,50000000,5e-09,5e-09,0,360533,55233,519647712,57879,11692399,8683879439,229274063,True,10288204.0,19318.24,16179.0,332264.0,19774414848.0,7.785551936640345,6223.501402894397
112,2,80000,5000,50000000,5e-09,5e-09,0,373859,56083,373959427,58922,12134638,9429604655,247816735,True,10657040.0,20814.2,16507.0,344356.0,20889120768.0,7.877115930094245,6330.736615124359
113,2,85000,5000,50000000,5e-09,5e-09,0,385121,56368,1021907544,59579,12513858,10130558653,258124579,True,10978527.0,23602.760000000002,16511.0,354852.0,22406111232.0,7.953826153225445,6212.861363739536
114,2,90000,5000,50000000,5e-09,5e-09,0,398368,57335,855615444,60551,13002073,10901361588,288784645,True,11443473.0,26190.550000000003,16774.0,368731.0,23592087552.0,8.094016155939942,6292.271716761878
115,2,95000,5000,50000000,5e-09,5e-09,0,407097,56901,646993230,60483,13306146,11493974746,296462738,True,11660320.0,27107.13,16557.0,375689.0,24921935872.0,8.2001309614755,6097.3631779813195
116,2,100000,5000,50000000,5e-09,5e-09,0,419550,57472,1874578921,61180,13718851,12238249391,316396641,True,11975566.0,28499.26,17225.0,385881.0,26530357248.0,8.275735609505018,6484.528735250677
117,3,5000,5000,50000000,5e-09,5e-09,0,167725,42105,867755091,45429,5250823,455619016,16083427,True,4629395.0,1095.94,13214.0,146650.0,3289436160.0,5.750980392156863,6868.739479430988
118,3,10000,5000,50000000,5e-09,5e-09,0,194523,46327,1043206958,49456,6085301,990587039,31955475,True,5440334.0,1885.44,14239.0,173290.0,5378969600.0,5.989354716068157,7033.353980619104
119,3,15000,5000,50000000,5e-09,5e-09,0,209453,47414,1180919019,50887,6569093,1528140960,46347250,True,5971569.0,3419.39,14772.0,191676.0,6042361856.0,6.180704243518638,7064.526806830237
120,3,20000,5000,50000000,5e-09,5e-09,0,224289,48828,949267129,51930,7080462,2078783709,64829656,True,6370893.0,4873.45,14758.0,205121.0,7102136320.0,6.3131636453171645,6737.8114727127195
121,3,25000,5000,50000000,5e-09,5e-09,0,242292,50713,1191216436,54669,7664065,2735137427,81208112,True,6996983.0,5344.900000000001,15511.0,225214.0,8969601024.0,6.440205890763512,6917.617199614458
122,3,30000,5000,50000000,5e-09,5e-09,0,253157,50953,1730570449,53971,8039256,3239952020,93653949,True,7231455.0,7848.97,14999.0,233438.0,8840118272.0,6.614098713662379,6417.1969180166625
123,3,35000,5000,50000000,5e-09,5e-09,0,263916,51143,1484771445,54137,8460489,3791312109,108559443,True,7584123.0,7846.150000000001,15086.0,244181.0,10490695680.0,6.746449687793557,6332.102728871771
124,3,40000,5000,50000000,5e-09,5e-09,0,279970,52607,1842957449,55127,8970688,4411935369,121545826,True,8013122.0,9531.82,15498.0,258804.0,11313762304.0,6.9121307622456065,6466.114013947112
125,3,45000,5000,50000000,5e-09,5e-09,0,291666,52972,551747662,56437,9375520,5081168551,141284549,True,8473667.0,11586.01,15785.0,271732.0,13241675776.0,7.023495050272687,6495.885953190811
126,3,50000,5000,5000000,5e-09,5e-09,0,119679,5176,388089359,5524,3944461,552792577,15476212,True,3101968.0,621.3199999999999,1844.0,103671.0,1577410560.0,16.133053221288517,2017.7860627911296
127,3,50000,5000,10000000,5e-09,5e-09,0,141926,11036,1611820752,11598,4657681,1160362537,32318135,True,3751694.0,1426.47,3407.0,124543.0,3112341504.0,11.479675546133285,1564.4057303399318
128,3,50000,5000,15000000,5e-09,5e-09,0,160726,16017,352041423,17093,5244571,1710022152,49366970,True,4327975.0,2467.3599999999997,5199.0,141876.0,3986657280.0,9.67182493694185,2092.906276177411
129,3,50000,5000,20000000,5e-09,5e-09,0,181226,21339,738394621,22696,5895949,2270484817,63589732,True,4991950.0,3903.33,6608.0,162444.0,5439070208.0,8.859776383965094,2548.769920102709
130,3,50000,5000,25000000,5e-09,5e-09,0,202311,26937,1242561699,28574,6547046,2858455077,78869578,True,5616038.0,4964.46,8055.0,182683.0,6986121216.0,8.246050374650176,3061.779623517549
131,3,50000,5000,30000000,5e-09,5e-09,0,223762,32501,1363062594,34155,7214245,3416716917,94136165,True,6222907.0,6562.89,9781.0,202015.0,8073555968.0,7.884742984270716,3836.531152025002
132,3,50000,5000,35000000,5e-09,5e-09,0,242605,37465,838408480,39640,7799663,3965376089,110380907,True,6795296.0,7481.74,11195.0,220433.0,9630158848.0,7.570854512982552,4390.945419258817
133,3,50000,5000,40000000,5e-09,5e-09,0,261612,42516,1107978778,45652,8402602,4566750736,125987566,True,7420791.0,9723.82,12542.0,240640.0,11663699968.0,7.366906474820144,4889.536066918698
134,3,50000,5000,45000000,5e-09,5e-09,0,283256,48159,35962310,51310,9177830,5132714355,143071089,True,8237072.0,11524.769999999999,14342.0,264727.0,12500856832.0,7.252993232691306,5705.374280404652
135,3,50000,5000,50000000,5e-09,5e-09,0,303489,53593,1071088445,57378,9818559,5739690437,160337584,True,8811193.0,13239.74,15909.0,282639.0,14665355264.0,7.117039760280009,6434.116284319849
136,3,50000,5000,55000000,5e-09,5e-09,0,325135,59177,328303119,62632,10481207,6265242675,171509410,True,9394526.0,14773.72,17718.0,301384.0,15454023680.0,6.97955119149626,7327.111992397166
137,3,50000,5000,60000000,5e-09,5e-09,0,342315,63697,720241436,67651,11050262,6767288454,183136522,True,9958296.0,16154.22,18789.0,318661.0,17599098880.0,6.9101376992301855,7707.1513739699785
138,3,50000,5000,65000000,5e-09,5e-09,0,364358,69520,1140946554,73909,11742670,7393269887,202856542,True,10678224.0,18981.78,20698.0,342025.0,19473633280.0,6.85613198091649,8636.227928862349
139,3,50000,5000,70000000,5e-09,5e-09,0,388483,75837,446498299,79635,12483756,7966035888,220112943,True,11337124.0,20802.89,22521.0,363404.0,20930359296.0,6.811313328210223,9554.966571538156
140,3,50000,5000,75000000,5e-09,5e-09,0,407168,80837,1797859436,85625,13084621,8565209409,239394713,True,11923903.0,22650.14,24206.0,381766.0,22819643392.0,6.74140914709518,10392.53348394049
141,3,50000,5000,80000000,5e-09,5e-09,0,424456,85378,1078932329,90536,13629401,9056452386,249825971,True,12445029.0,25359.699999999997,25346.0,398453.0,24559497216.0,6.725058650778916,10886.048966318778
142,3,50000,5000,85000000,5e-09,5e-09,0,448177,91505,1878513457,96527,14361360,9655725841,262548808,True,13125270.0,27774.38,26996.0,420465.0,26169692160.0,6.690721321388222,11639.071063755748
143,3,50000,5000,90000000,5e-09,5e-09,0,469831,97213,869803459,102190,15032855,10222189777,280259091,True,13819135.0,29620.05,28504.0,441106.0,28095029248.0,6.660918412032073,12311.001780694658
144,3,50000,5000,95000000,5e-09,5e-09,0,488534,102128,1120544004,107690,15626517,10772349416,292341256,True,14357898.0,21933.27,29749.0,457781.0,30859485184.0,6.583934992089746,12767.242034451116
145,3,50000,5000,100000000,5e-09,5e-09,0,510939,107983,1553548340,114003,16329874,11403832512,310746626,True,15072626.0,33870.68,31884.0,480902.0,31792623616.0,6.592756086861153,13975.369302647461
146,3,55000,5000,50000000,5e-09,5e-09,0,315126,53937,562152092,57391,10195943,6314925312,171756451,True,9053700.0,14461.949999999999,15960.0,290507.0,15505453056.0,7.213264140636639,6389.411512993397
147,3,60000,5000,50000000,5e-09,5e-09,0,329599,55107,344666240,58705,10673116,7046578567,191687863,True,9491029.0,15158.050000000001,16537.0,305034.0,16914337792.0,7.311983124385742,6627.12943259669
148,3,65000,5000,50000000,5e-09,5e-09,0,338319,54757,1697490028,58180,10967278,7565388628,205941229,True,9711851.0,17867.26,16339.0,312542.0,17407574016.0,7.471004446144285,6456.1761564371845
149,3,70000,5000,50000000,5e-09,5e-09,0,350878,55326,1098177596,58972,11384763,8258116604,222099176,True,10109964.0,19302.27,16552.0,325938.0,18757820416.0,7.580306060747011,6451.429559588173
150,3,75000,5000,50000000,5e-09,5e-09,0,362161,55701,1128170998,58272,11743021,8742840838,231076093,True,10293765.0,20574.84,16346.0,332241.0,19866464256.0,7.794876005912301,6362.374905588995
151,3,80000,5000,50000000,5e-09,5e-09,0,371281,55346,1544128412,58921,12065144,9429444586,247150969,True,10597118.0,21808.570000000003,16723.0,342007.0,20901318656.0,7.855006890215893,6520.148958624206
152,3,85000,5000,50000000,5e-09,5e-09,0,384403,56180,1803384465,59721,12497728,10154702789,261052781,True,10977824.0,23758.46,16694.0,354791.0,22423064576.0,7.985931978301483,6377.8048080556055
153,3,90000,5000,50000000,5e-09,5e-09,0,392964,55879,1803535825,58869,12780652,10598553251,277214760,True,11182815.0,23866.329999999998,16494.0,359907.0,23001038848.0,8.149698836103438,6275.18122686913
154,3,95000,5000,50000000,5e-09,5e-09,0,404821,56430,251715352,59996,13236763,11401430795,296965799,True,11551329.0,26091.449999999997,16334.0,371784.0,24735109120.0,8.182046259820858,5983.961665383013
155,3,100000,5000,50000000,5e-09,5e-09,0,418839,57426,1605647102,61051,13697865,12212446011,317769739,True,11927813.0,28190.96,16762.0,384060.0,26485596160.0,8.237741838616962,6147.988693523676
156,4,5000,5000,50000000,5e-09,5e-09,0,166586,41852,1548111398,45148,5193434,452800842,15694704,True,4574677.0,1194.71,13075.0,144717.0,3255693312.0,5.761715172990405,6828.078626639741
157,4,10000,5000,50000000,5e-09,5e-09,0,192561,45843,1625717908,48768,6021464,976807638,31599112,True,5397729.0,2512.4700000000003,14070.0,172048.0,5337665536.0,5.9685006591271765,6893.165593512747
158,4,15000,5000,50000000,5e-09,5e-09,0,208409,47279,1580435434,50688,6539298,1522165388,46734185,True,5915723.0,3624.4500000000003,14452.0,189591.0,6027399168.0,6.1541532768526634,6809.15015827858
159,4,20000,5000,50000000,5e-09,5e-09,0,223453,48485,1749185856,51828,7054196,2074700302,62825544,True,6377539.0,4670.2,14687.0,205478.0,7079215104.0,6.332532051282051,6681.393182296804
160,4,25000,5000,50000000,5e-09,5e-09,0,238823,49832,1058407015,53675,7556867,2685408774,79942437,True,6880910.0,6024.71,15269.0,221360.0,8247406592.0,6.4427498690261364,6823.272276878526
161,4,30000,5000,50000000,5e-09,5e-09,0,254127,51267,1815527224,54532,8074014,3273628427,96316660,True,7251837.0,7413.53,15367.0,233813.0,9522954240.0,6.583129205732466,6691.522758426109
162,4,35000,5000,50000000,5e-09,5e-09,0,265748,51524,380918527,54816,8519415,3838861521,108370256,True,7649430.0,8259.43,15516.0,246226.0,10581725184.0,6.7236285191556755,6619.965862326053
163,4,40000,5000,50000000,5e-09,5e-09,0,276833,51842,311164745,55261,8891005,4422659331,124463991,True,7943163.0,10567.17,15632.0,255891.0,11336409088.0,6.844567485154871,6587.759208839037
164,4,45000,5000,50000000,5e-09,5e-09,0,291978,53215,218758568,56672,9388215,5102324686,145195104,True,8452183.0,12279.4,16011.0,270644.0,13265707008.0,6.96011315417256,6648.056554854111
165,4,50000,5000,5000000,5e-09,5e-09,0,120934,5489,370538883,5779,3980240,578299709,16647140,True,3072895.0,720.43,1844.0,102339.0,1631309824.0,16.24686458167963,1935.0755874861864
166,4,50000,5000,10000000,5e-09,5e-09,0,141071,10791,1953713083,11578,4635925,1158361994,31671009,True,3767205.0,1670.24,3419.0,125188.0,3107213312.0,11.496739829185417,1544.9758595154685
167,4,50000,5000,15000000,5e-09,5e-09,0,159520,15688,1436677127,16686,5206517,1669310855,44871101,True,4343681.0,2825.31,4722.0,142842.0,3900973056.0,9.826098919997248,1796.2568878083346
168,4,50000,5000,20000000,5e-09,5e-09,0,181273,21345,700466639,22525,5894752,2253380167,62113056,True,5016507.0,4034.7200000000003,6423.0,163533.0,5412229120.0,8.87994135534318,2415.43709547875
169,4,50000,5000,25000000,5e-09,5e-09,0,203948,27334,241837109,29016,6596113,2902667795,80001493,True,5661931.0,5524.08,8115.0,184196.0,7050555392.0,8.244013785078101,3074.574212811339
170,4,50000,5000,30000000,5e-09,5e-09,0,222828,32318,788832551,33964,7185944,3397611359,94129724,True,6211503.0,6045.66,9495.0,201797.0,8049184768.0,7.9827920408244,3670.425472310525
171,4,50000,5000,35000000,5e-09,5e-09,0,240309,36886,1829461025,39773,7743000,3978679606,112315439,True,6790532.0,8098.37,11435.0,220169.0,9655922688.0,7.577923865904867,4584.940217538638
172,4,50000,5000,40000000,5e-09,5e-09,0,260704,42208,1738357430,44826,8363514,4484126423,121118154,True,7367618.0,10032.939999999999,12444.0,239164.0,10731778048.0,7.407668958681781,4872.074901231674
173,4,50000,5000,45000000,5e-09,5e-09,0,285001,48630,510588602,52222,9239139,5223940848,145505387,True,8229620.0,11267.65,14801.0,263749.0,12642414592.0,7.188579994548923,6038.560812619725
174,4,50000,5000,50000000,5e-09,5e-09,0,305546,54069,604723176,57447,9874994,5746592083,157568514,True,8812942.0,13406.720000000001,15890.0,282597.0,14690484224.0,7.081034353153424,6385.414466283342
175,4,50000,5000,55000000,5e-09,5e-09,0,322875,58603,1307161656,62282,10417599,6230232702,171805439,True,9333131.0,15696.64,17021.0,299331.0,15399579648.0,7.018640967923466,6850.956766564213
176,4,50000,5000,60000000,5e-09,5e-09,0,341209,63409,1621544200,67485,11017858,6750683893,183400852,True,9954005.0,18158.74,18742.0,318650.0,17036988416.0,6.9309407286568785,7692.2700975924645
177,4,50000,5000,65000000,5e-09,5e-09,0,363885,69317,1023808787,74025,11732621,7404873195,201479325,True,10615179.0,18313.61,20587.0,339434.0,19485782016.0,6.813754616990525,8556.034808401648
178,4,50000,5000,70000000,5e-09,5e-09,0,380524,73720,1498526577,78568,12252637,7859305129,214498577,True,11100713.0,19935.6,21844.0,355025.0,20155858944.0,6.8021573774260915,9190.009523826553
179,4,50000,5000,75000000,5e-09,5e-09,0,404888,80177,1009145096,85171,13015390,8519796626,233814118,True,11853480.0,24225.55,23669.0,379423.0,22753398784.0,6.762248480635905,10029.723901597456
180,4,50000,5000,80000000,5e-09,5e-09,0,428722,86459,1634564806,91258,13753866,9128673055,256336686,True,12567084.0,25221.22,25954.0,402653.0,25400643584.0,6.72523049171566,11294.286189985622
181,4,50000,5000,85000000,5e-09,5e-09,0,445774,90934,1485419168,96480,14297623,9651024215,265163905,True,13126254.0,27339.69,26645.0,420528.0,26166267904.0,6.688956401406099,11336.608225714255
182,4,50000,5000,90000000,5e-09,5e-09,0,463601,95613,1066736453,101776,14861639,10180778249,278295616,True,13781493.0,28897.25,28182.0,440015.0,28018475008.0,6.68400905348544,12105.53673430953
183,4,50000,5000,95000000,5e-09,5e-09,0,485800,101498,1843837106,107929,15560301,10796256355,299641515,True,14376339.0,32291.48,29695.0,458439.0,30909526016.0,6.617286623652189,12767.678152651448
184,4,50000,5000,100000000,5e-09,5e-09,0,507503,107344,702045715,114045,16241870,11408033767,316213341,True,15020275.0,32687.02,31546.0,478906.0,31800283136.0,6.599592095471708,13753.825259045916
185,4,55000,5000,50000000,5e-09,5e-09,0,313989,53672,23621131,57219,10164733,6296000639,173681845,True,9099788.0,14377.980000000001,15966.0,292378.0,15490846720.0,7.207819741642836,6353.052758100235
186,4,60000,5000,50000000,5e-09,5e-09,0,329687,55033,360176970,58902,10679216,7070224049,192768884,True,9528911.0,17040.58,16216.0,306349.0,16955486208.0,7.304284590257743,6340.8020485934785
187,4,65000,5000,50000000,5e-09,5e-09,0,337223,54487,1983810860,57748,10932820,7509216089,198969661,True,9624651.0,17644.620000000003,15824.0,309459.0,17323560960.0,7.467099389522959,6121.818350264643
188,4,70000,5000,50000000,5e-09,5e-09,0,352454,55736,1036619563,59319,11431881,8306705621,221080313,True,10125777.0,18965.550000000003,16550.0,326379.0,18828120064.0,7.6110955645725475,6468.86169583346
189,4,75000,5000,50000000,5e-09,5e-09,0,360310,55202,1373830417,58618,11698725,8794750999,229738538,True,10293897.0,19630.14,15983.0,331933.0,19951710208.0,7.744225654425832,6048.753696650868
190,4,80000,5000,50000000,5e-09,5e-09,0,374575,56331,2029127050,60316,12176243,9652685072,254626542,True,10757904.0,22102.24,16924.0,347188.0,21305843712.0,7.791472172351885,6523.38999908944
191,4,85000,5000,50000000,5e-09,5e-09,0,384519,56293,1962233100,59978,12506703,10198400387,265445059,True,10992442.0,23899.27,16598.0,355109.0,22560600064.0,7.941785570514828,6265.072090795723
192,4,90000,5000,50000000,5e-09,5e-09,0,394279,56221,514266202,59922,12833798,10788123400,284465417,True,11355767.0,23499.45,16881.0,365667.0,23399563264.0,8.037167285755105,6373.750756096441
193,4,95000,5000,50000000,5e-09,5e-09,0,407280,57042,1160804345,60157,13303581,11432025607,299199339,True,11609182.0,26175.29,16705.0,373890.0,24788643840.0,8.174960643694245,6218.7139663488115
194,4,100000,5000,50000000,5e-09,5e-09,0,419285,57499,103278084,60977,13708424,12197644175,319320921,True,12047723.0,25522.0,17127.0,388845.0,26466672640.0,8.307766264288004,6388.42721134415
