Unnamed: 0,replicate,sample_size,Ne,length,recombination_rate,mutation_rate,error_rate,edges,n_trees,n_sites,seed,sites,ts_filesize,vcf_filesize,vcfgz_filesize,tsinfer_completed,tsinfer_memory,tsinfer_mean_polytomy,tsinfer_edges,tsinfer_cputime,tsinfer_ts_filesize,tsinfer_var_polytomy,tsinfer_max_polytomy
0,0,5000,5000,50000000,5e-09,1e-08,0,166607,41816,89983,808716224,89983,5973441,902441106,31892310,False,,,,,,,
1,0,10000,5000,50000000,5e-09,1e-08,0,193821,46148,97885,1137898847,97885,6909653,1960561214,62550168,False,,,,,,,
2,0,15000,5000,50000000,5e-09,1e-08,0,208693,47337,101195,716355064,101195,7423545,3038829208,94545811,False,,,,,,,
3,0,20000,5000,50000000,5e-09,1e-08,0,224816,48850,104229,309401769,104229,8006429,4172248333,127128266,True,2565419008.0,5.183887317526908,273082.0,6461.34,9679320.0,8038.727532480784,20558.0
4,0,25000,5000,50000000,5e-09,1e-08,0,240684,50266,106855,429519779,106855,8536854,5345939483,158306847,False,,,,,,,
5,0,30000,5000,50000000,5e-09,1e-08,0,252866,50931,108426,1927017078,108426,8984098,6508819033,189394107,True,3535167488.0,5.320710686820472,300966.0,7279.45,10603161.0,7917.378042737209,21138.0
6,0,35000,5000,50000000,5e-09,1e-08,0,267695,52091,109756,1088278859,109756,9533197,7686243324,215866109,False,,,,,,,
7,0,40000,5000,50000000,5e-09,1e-08,0,276896,51832,110838,567844019,110838,9865360,8870418728,247828162,False,,,,,,,
8,0,45000,5000,50000000,5e-09,1e-08,0,292818,53292,113537,872000538,113537,10403635,10221811216,281536078,True,4855681024.0,5.564212910532277,343924.0,11398.21,12001047.0,8073.140715724933,22305.0
9,0,50000,5000,5000000,5e-09,1e-08,0,120005,5245,11187,1492239008,11187,4046004,1119249913,29177598,False,,,,,,,
10,0,50000,5000,10000000,5e-09,1e-08,0,141857,10967,23079,499387851,23079,4847701,2308782770,64572879,False,,,,,,,
11,0,50000,5000,15000000,5e-09,1e-08,0,161708,16232,34490,1389054605,34490,5567178,3450213509,96957559,False,,,,,,,
12,0,50000,5000,20000000,5e-09,1e-08,0,182365,21631,45270,1972686173,45270,6311491,4528526451,120530880,False,,,,,,,
13,0,50000,5000,25000000,5e-09,1e-08,0,201254,26653,56659,1953129429,56659,7001232,5667757216,158202453,False,,,,,,,
14,0,50000,5000,30000000,5e-09,1e-08,0,222379,32171,68781,287794401,68781,7783579,6880308234,187068520,False,,,,,,,
15,0,50000,5000,35000000,5e-09,1e-08,0,241999,37323,80176,1662864346,80176,8493689,8020138899,219035458,False,,,,,,,
16,0,50000,5000,40000000,5e-09,1e-08,0,262935,42871,92204,392300528,92204,9316002,9223287618,251420309,False,,,,,,,
17,0,50000,5000,45000000,5e-09,1e-08,0,284975,48570,103649,1125918068,103649,10144256,10368118440,285326908,False,,,,,,,
18,0,50000,5000,50000000,5e-09,1e-08,0,304904,53879,114146,265820473,114146,10855369,11418124418,319004511,False,,,,,,,
19,0,50000,5000,55000000,5e-09,1e-08,0,327979,59894,127544,1046743283,127544,11700557,12758312644,355017063,False,,,,,,,
20,0,50000,5000,60000000,5e-09,1e-08,0,342791,63770,135702,1350418526,135702,12286366,13574349369,364440861,False,,,,,,,
21,0,50000,5000,65000000,5e-09,1e-08,0,364941,69669,148388,466871037,148388,13099259,14843316794,408495871,False,,,,,,,
22,0,50000,5000,70000000,5e-09,1e-08,0,385465,75125,159280,1916939455,159280,13839520,15932833104,438784587,True,7761477632.0,5.493016562072382,465654.0,24852.04,16441075.0,11850.547407938999,31667.0
23,0,50000,5000,75000000,5e-09,1e-08,0,404463,80050,170214,929397077,170214,14535152,17026550054,466162649,False,,,,,,,
24,0,50000,5000,80000000,5e-09,1e-08,0,426582,85931,182959,462359148,182959,15348843,18301419839,503152557,True,9031983104.0,5.431303879310345,524186.0,24897.7,18515951.0,13154.452508959717,35604.0
25,0,50000,5000,85000000,5e-09,1e-08,0,444351,90649,193611,418086302,193611,16009678,19366927982,531524844,False,,,,,,,
26,0,50000,5000,90000000,5e-09,1e-08,0,466745,96313,204973,316767138,204973,16802298,20503457644,555896796,True,10287415296.0,5.416028025094857,576677.0,28222.01,20530867.0,15154.83034868489,40144.0
27,0,50000,5000,95000000,5e-09,1e-08,0,488209,102183,216985,570841540,216985,17586570,21705007019,599461948,False,,,,,,,
28,0,50000,5000,100000000,5e-09,1e-08,0,506208,106812,227825,358116354,227825,18255378,22789321348,632435751,False,,,,,,,
29,0,55000,5000,50000000,5e-09,1e-08,0,316046,54096,114848,1974001566,114848,11236524,12636848897,345173780,False,,,,,,,
30,0,60000,5000,50000000,5e-09,1e-08,0,328976,54855,115609,1553621901,115609,11661417,13876696070,367404890,True,6380728320.0,5.7907148234065104,376935.0,19098.38,13060302.0,7860.931312246161,22578.0
31,0,65000,5000,50000000,5e-09,1e-08,0,339436,54940,116821,667719760,116821,12028046,15190406071,405286985,False,,,,,,,
32,0,70000,5000,50000000,5e-09,1e-08,0,349469,54977,117101,667699277,117101,12374157,16397849088,437976244,True,7414087680.0,5.900633614606168,392994.0,18027.77,13743601.0,8007.029314333827,23047.0
33,0,75000,5000,50000000,5e-09,1e-08,0,362885,55924,118265,134906351,118265,12819195,17743517718,477687300,False,,,,,,,
34,0,80000,5000,50000000,5e-09,1e-08,0,371878,55549,118371,1294647786,118371,13129506,18943155210,490227288,False,,,,,,,
35,0,85000,5000,50000000,5e-09,1e-08,0,387319,57024,119827,906262299,119827,13636084,20374452475,545939994,False,,,,,,,
36,0,90000,5000,50000000,5e-09,1e-08,0,390877,55387,118525,960426798,118525,13776005,21338349684,553410837,False,,,,,,,
37,0,95000,5000,50000000,5e-09,1e-08,0,406579,56814,119694,1489521078,119694,14333890,22745768129,596848382,True,9875288064.0,6.268201353133909,441927.0,23994.050000000003,15340537.0,8001.711665895262,23687.0
38,0,100000,5000,50000000,5e-09,1e-08,0,417059,56970,121107,1573457715,121107,14710314,24225374165,625377656,False,,,,,,,
39,0,5000,5000,50000000,1e-08,1e-08,0,323211,83576,90296,745819123,90296,10135771,905580056,31481429,True,911593472.0,5.776581234859434,283763.0,1552.75,9411854.0,14721.515440405768,26873.0
40,0,10000,5000,50000000,1e-08,1e-08,0,367508,92285,98835,621137568,98835,11620619,1979588639,64187113,False,,,,,,,
41,0,15000,5000,50000000,1e-08,1e-08,0,389498,95183,102823,1917583319,102823,12343947,3087715746,95265939,False,,,,,,,
42,0,20000,5000,50000000,1e-08,1e-08,0,408799,97344,104822,171685554,104822,12963469,4195985559,128432996,False,,,,,,,
43,0,25000,5000,50000000,1e-08,1e-08,0,436594,102061,108177,1809123449,108177,13827788,5412076837,160854934,False,,,,,,,
44,0,30000,5000,50000000,1e-08,1e-08,0,449385,102521,109623,1429992420,109623,14262230,6580674027,190875310,False,,,,,,,
45,0,35000,5000,50000000,1e-08,1e-08,0,463144,103545,110496,1313836049,110496,14784092,7738063675,222093437,False,,,,,,,
46,0,40000,5000,50000000,1e-08,1e-08,0,480449,105426,112361,1698419317,112361,15346390,8992302804,257349094,False,,,,,,,
47,0,45000,5000,50000000,1e-08,1e-08,0,493356,105935,113449,745911278,113449,15780566,10213888935,284589027,False,,,,,,,
48,0,50000,5000,5000000,1e-08,1e-08,0,140116,10536,11146,669270988,11146,4604018,1115148766,31567566,False,,,,,,,
49,0,50000,5000,10000000,1e-08,1e-08,0,181056,21264,22012,1782501257,22012,5880934,2202053101,60490286,False,,,,,,,
50,0,50000,5000,15000000,1e-08,1e-08,0,223245,32455,34181,1554950652,34181,7201808,3419305114,95143598,False,,,,,,,
51,0,50000,5000,20000000,1e-08,1e-08,0,262673,42710,45635,1619036622,45635,8493968,4565037473,126305369,False,,,,,,,
52,0,50000,5000,25000000,1e-08,1e-08,0,304666,53811,56252,1876823513,56252,9829302,5627045186,155010264,False,,,,,,,
53,0,50000,5000,30000000,1e-08,1e-08,0,343499,63973,67964,966701046,67964,11086038,6798584757,184801733,False,,,,,,,
54,0,50000,5000,35000000,1e-08,1e-08,0,388184,75796,80301,1711364921,80301,12486804,8032642041,222783320,False,,,,,,,
55,0,50000,5000,40000000,1e-08,1e-08,0,427059,85990,91917,971403451,91917,13720997,9194579361,254161501,False,,,,,,,
56,0,50000,5000,45000000,1e-08,1e-08,0,466411,96284,102041,2081809961,102041,14942639,10207273078,284909359,False,,,,,,,
57,0,50000,5000,50000000,1e-08,1e-08,0,503721,106198,113007,957315746,113007,16123325,11304191041,311531798,False,,,,,,,
58,0,50000,5000,55000000,1e-08,1e-08,0,549738,118209,125324,1547756102,125324,17692302,12536248074,348053654,False,,,,,,,
59,0,50000,5000,60000000,1e-08,1e-08,0,587726,128266,135988,761133735,135988,19021169,13602957386,377787676,False,,,,,,,
60,0,50000,5000,65000000,1e-08,1e-08,0,628380,138866,147207,1407249052,147207,20312239,14725183482,401899527,False,,,,,,,
61,0,50000,5000,70000000,1e-08,1e-08,0,674277,150846,160129,2079985360,160129,21772590,16017757780,445234448,False,,,,,,,
62,0,50000,5000,75000000,1e-08,1e-08,0,715509,161503,171163,1918293545,171163,23078712,17121477396,466151813,True,8843264000.0,6.490654472706487,681324.0,28330.859999999997,22481784.0,23212.119037172888,49325.0
63,0,50000,5000,80000000,1e-08,1e-08,0,747769,170295,181540,935864672,181540,24133380,18159478690,500878039,True,9449377792.0,6.476443348950168,714682.0,29389.3,23595502.0,24350.988686232886,51802.0
64,0,50000,5000,85000000,1e-08,1e-08,0,797217,183027,194622,1999782678,194622,25690933,19468057913,538185527,True,10158866432.0,6.454299983070933,762511.0,33418.74,25156515.0,26589.482023578876,56012.0
65,0,50000,5000,90000000,1e-08,1e-08,0,837667,193674,205398,1929248278,205398,26970675,20545970218,563204082,False,,,,,,,
66,0,50000,5000,95000000,1e-08,1e-08,0,869314,202376,214778,1233609913,214778,27988359,21484242368,595467322,False,,,,,,,
67,0,50000,5000,100000000,1e-08,1e-08,0,913539,213653,225592,937208081,225592,29365821,22565955936,618833418,False,,,,,,,
68,0,55000,5000,50000000,1e-08,1e-08,0,518023,107265,114344,436316771,114344,16597928,12581394548,344169663,False,,,,,,,
69,0,60000,5000,50000000,1e-08,1e-08,0,537854,109807,116601,1043535189,116601,17435360,13995764446,372925785,True,6907523072.0,6.71918685235298,509012.0,25978.54,16617757.0,14549.51223367316,33151.0
70,0,65000,5000,50000000,1e-08,1e-08,0,546855,109322,115791,2141643238,115791,17734726,15056476217,403264486,False,,,,,,,
71,0,70000,5000,50000000,1e-08,1e-08,0,561848,110770,118009,408301653,118009,18247237,16524995060,444587297,False,,,,,,,
72,0,75000,5000,50000000,1e-08,1e-08,0,573381,111041,118322,987405515,118322,18633659,17752069212,469412322,False,,,,,,,
73,0,80000,5000,50000000,1e-08,1e-08,0,584561,111418,118984,736191869,118984,19019833,19041253229,504892361,False,,,,,,,
74,0,85000,5000,50000000,1e-08,1e-08,0,600859,113027,119403,1183110416,119403,19533984,20302360077,530555655,False,,,,,,,
75,0,90000,5000,50000000,1e-08,1e-08,0,611610,113016,119939,2042431147,119939,19903343,21592910802,558449029,False,,,,,,,
76,0,95000,5000,50000000,1e-08,1e-08,0,626953,114485,121680,668340639,121680,20511468,23123165724,596255683,False,,,,,,,
77,0,100000,5000,50000000,1e-08,1e-08,0,638829,114943,121260,1134470917,121260,20895119,24255978829,632739874,True,11390820352.0,7.197791081013532,604780.0,33063.59,19811503.0,14707.30114266361,35082.0
78,0,5000,5000,50000000,2e-08,1e-08,0,644109,168974,90890,806389049,90890,18859183,911537420,32072496,False,,,,,,,
79,0,10000,5000,50000000,2e-08,1e-08,0,704725,181613,97991,2014329324,97991,20776944,1962683884,63606521,True,1532551168.0,7.314503436131586,469379.0,7659.62,14440032.0,25784.76699274831,40638.0
80,0,15000,5000,50000000,2e-08,1e-08,0,745701,189287,101983,1100405605,101983,22113557,3062491932,94342537,True,2081710080.0,7.456286865619343,510696.0,5972.95,15707347.0,25311.28000529807,41595.0
81,0,20000,5000,50000000,2e-08,1e-08,0,782746,195974,104879,1188110358,104879,23234338,4198267239,127818108,False,,,,,,,
82,0,25000,5000,50000000,2e-08,1e-08,0,806073,199297,106698,827040674,106698,23970435,5338084306,159013832,False,,,,,,,
83,0,30000,5000,50000000,2e-08,1e-08,0,831594,203257,108829,132976241,108829,24766644,6533010682,190589013,False,,,,,,,
84,0,35000,5000,50000000,2e-08,1e-08,0,855706,206561,110050,1571704117,110050,25514412,7706831433,221975462,False,,,,,,,
85,0,40000,5000,50000000,2e-08,1e-08,0,880063,210107,112004,1409280518,112004,26275154,8963732417,250284108,False,,,,,,,
86,0,45000,5000,50000000,2e-08,1e-08,0,900275,212990,113424,613877172,113424,26917998,10211637771,284650996,True,5378101248.0,7.958188947109678,663705.0,31259.21,20426244.0,25635.973491347122,46178.0
87,0,50000,5000,5000000,2e-08,1e-08,0,181266,21358,11387,1316869889,11387,5708564,1139255442,31378781,False,,,,,,,
88,0,50000,5000,10000000,2e-08,1e-08,0,263091,42789,22840,1727042129,22840,8115805,2284876231,62542650,False,,,,,,,
89,0,50000,5000,15000000,2e-08,1e-08,0,345270,64482,34269,604673986,34269,10539961,3428107447,95487703,True,1950609408.0,9.088008586203532,279429.0,3868.44,8511220.0,7024.740294947987,14543.0
90,0,50000,5000,20000000,2e-08,1e-08,0,425605,85458,46123,1323776935,46123,12875356,4613850617,127763268,False,,,,,,,
91,0,50000,5000,25000000,2e-08,1e-08,0,503087,105822,56287,867917738,56287,15105967,5630546287,153248838,False,,,,,,,
92,0,50000,5000,30000000,2e-08,1e-08,0,590735,128701,68659,1621749006,68659,17889613,6868104640,189587582,False,,,,,,,
93,0,50000,5000,35000000,2e-08,1e-08,0,672502,150267,79694,413100871,79694,20281470,7971924888,219307874,False,,,,,,,
94,0,50000,5000,40000000,2e-08,1e-08,0,752846,171361,91358,942118229,91358,22644392,9138663316,252402197,True,4685950976.0,8.129599357595572,566942.0,29555.82,17459811.0,20136.4707717601,37404.0
95,0,50000,5000,45000000,2e-08,1e-08,0,834184,192822,102584,1051453534,102584,25027163,10261588452,285724690,True,5338423296.0,8.080677342454395,623699.0,17326.46,19191898.0,22765.9146535835,41851.0
96,0,50000,5000,50000000,2e-08,1e-08,0,914190,213920,114056,1631696659,114056,27377038,11409121229,317004486,False,,,,,,,
97,0,50000,5000,55000000,2e-08,1e-08,0,999321,236129,125659,165798952,125659,29866222,12569757579,347406133,False,,,,,,,
98,0,50000,5000,60000000,2e-08,1e-08,0,1079656,257253,137019,263541056,137019,32697405,13706087619,378633660,False,,,,,,,
99,0,50000,5000,65000000,2e-08,1e-08,0,1153127,276517,146952,1640504192,146952,34876225,14699675407,404677287,False,,,,,,,
100,0,50000,5000,70000000,2e-08,1e-08,0,1241964,299677,160218,1905147405,160218,37533756,16026659857,443996320,False,,,,,,,
101,0,50000,5000,75000000,2e-08,1e-08,0,1325555,321791,170328,476754817,170328,39986662,17037953180,471472520,False,,,,,,,
102,0,50000,5000,80000000,2e-08,1e-08,0,1400077,341105,181439,1389695619,181439,42389321,18149375300,500567219,False,,,,,,,
103,0,50000,5000,85000000,2e-08,1e-08,0,1484958,363351,193055,687209714,193055,44921529,19311312403,532123710,False,,,,,,,
104,0,50000,5000,90000000,2e-08,1e-08,0,1572983,386821,206750,338142864,206750,47570403,20681209757,568766698,False,,,,,,,
105,0,50000,5000,95000000,2e-08,1e-08,0,1655009,408045,217615,558402106,217615,50009937,21768024645,595220398,False,,,,,,,
106,0,50000,5000,100000000,2e-08,1e-08,0,1728274,427516,227166,1332904594,227166,52184118,22723401449,623040758,False,,,,,,,
107,0,55000,5000,50000000,2e-08,1e-08,0,940034,217967,116198,1467228203,116198,28184030,12785388202,349534597,False,,,,,,,
108,0,60000,5000,50000000,2e-08,1e-08,0,947972,217260,115646,691689745,115646,28591379,13881137285,376549018,False,,,,,,,
109,0,65000,5000,50000000,2e-08,1e-08,0,970585,220393,116958,1930685648,116958,29299374,15208219726,405913970,False,,,,,,,
110,0,70000,5000,50000000,2e-08,1e-08,0,978931,219918,116670,867599895,116670,29592447,16337497290,436178637,False,,,,,,,
111,0,75000,5000,50000000,2e-08,1e-08,0,996921,221750,117589,519647712,117589,30165930,17642098078,464606499,False,,,,,,,
112,0,80000,5000,50000000,2e-08,1e-08,0,1011992,223069,118274,373959427,118274,30656576,18927632842,494504571,False,,,,,,,
113,0,85000,5000,50000000,2e-08,1e-08,0,1023441,223404,118886,1021907544,118886,31049494,20214455370,519145966,False,,,,,,,
114,0,90000,5000,50000000,2e-08,1e-08,0,1034488,223706,119704,855615444,119704,31433733,21550604282,558495209,False,,,,,,,
115,0,95000,5000,50000000,2e-08,1e-08,0,1060548,227873,119952,646993230,119952,32483418,22794795842,590064602,False,,,,,,,
116,0,100000,5000,50000000,2e-08,1e-08,0,1066306,226588,119932,1874578921,119932,32709538,23990340600,612489559,False,,,,,,,
117,1,5000,5000,50000000,5e-09,1e-08,0,167725,42105,91279,867755091,91279,6047309,915438518,32230965,False,,,,,,,
118,1,10000,5000,50000000,5e-09,1e-08,0,194523,46327,99252,1043206958,99252,6950375,1987940273,64081944,True,1495658496.0,5.0150395051790975,236755.0,5463.64,8405485.0,8293.865985764398,19771.0
119,1,15000,5000,50000000,5e-09,1e-08,0,209453,47414,101028,1180919019,101028,7440571,3033814032,91306605,True,2007265280.0,5.1324236439443816,257273.0,3523.2200000000003,9025700.0,8335.56811642132,20423.0
120,1,20000,5000,50000000,5e-09,1e-08,0,224289,48828,104713,949267129,104713,8003845,4191622947,130801193,False,,,,,,,
121,1,25000,5000,50000000,5e-09,1e-08,0,242292,50713,109887,1191216436,109887,8630174,5497626419,165014927,False,,,,,,,
122,1,30000,5000,50000000,5e-09,1e-08,0,253157,50953,108609,1730570449,108609,8995172,6519804308,189454539,False,,,,,,,
123,1,35000,5000,50000000,5e-09,1e-08,0,263916,51143,108866,1484771445,108866,9418023,7623917518,218696978,False,,,,,,,
124,1,40000,5000,50000000,5e-09,1e-08,0,279970,52607,110394,1842957449,110394,9937809,8834885205,243795595,False,,,,,,,
125,1,45000,5000,50000000,5e-09,1e-08,0,291666,52972,112544,551747662,112544,10357520,10132413373,278110343,True,4865454080.0,5.58244450614965,341774.0,11698.66,11921865.0,8247.870597836683,22440.0
126,1,50000,5000,5000000,5e-09,1e-08,0,119679,5176,11009,388089359,11009,4034960,1101445029,31177704,False,,,,,,,
127,1,50000,5000,10000000,5e-09,1e-08,0,141926,11036,23227,1611820752,23227,4851640,2323586873,64302022,False,,,,,,,
128,1,50000,5000,15000000,5e-09,1e-08,0,160726,16017,34704,352041423,34704,5545970,3471619700,100210293,False,,,,,,,
129,1,50000,5000,20000000,5e-09,1e-08,0,181226,21339,45596,738394621,45596,6288034,4561136127,126965228,False,,,,,,,
130,1,50000,5000,25000000,5e-09,1e-08,0,202311,26937,56935,1242561699,56935,7032810,5695364624,156582632,False,,,,,,,
131,1,50000,5000,30000000,5e-09,1e-08,0,223762,32501,68490,1363062594,68490,7815040,6851199905,187798655,False,,,,,,,
132,1,50000,5000,35000000,5e-09,1e-08,0,242605,37465,79176,838408480,79176,8491582,7920109645,218802979,True,3630030848.0,5.905178523965624,266607.0,8987.9,9280664.0,5472.65174690487,15673.0
133,1,50000,5000,40000000,5e-09,1e-08,0,261612,42516,90738,1107978778,90738,9191820,9076645894,249892368,True,4213559296.0,5.746263093883636,292933.0,11109.050000000001,10224357.0,6182.97612525245,17713.0
134,1,50000,5000,45000000,5e-09,1e-08,0,283256,48159,102263,35962310,102263,10076011,10229479397,281065903,True,4772986880.0,5.690592236754444,324580.0,10401.609999999999,11302065.0,7191.096875272525,20215.0
135,1,50000,5000,50000000,5e-09,1e-08,0,303489,53593,114654,1071088445,114654,10828082,11468938659,316777773,False,,,,,,,
136,1,50000,5000,55000000,5e-09,1e-08,0,325135,59177,125552,328303119,125552,11590064,12559054650,343562234,False,,,,,,,
137,1,50000,5000,60000000,5e-09,1e-08,0,342315,63697,134962,720241436,134962,12261988,13500328213,363059905,False,,,,,,,
138,1,50000,5000,65000000,5e-09,1e-08,0,364358,69520,148424,1140946554,148424,13083718,14846918210,404650020,False,,,,,,,
139,1,50000,5000,70000000,5e-09,1e-08,0,388483,75837,158938,446498299,158938,13911335,15898622944,435261434,False,,,,,,,
140,1,50000,5000,75000000,5e-09,1e-08,0,407168,80837,171413,1797859436,171413,14628741,17146484640,479088861,False,,,,,,,
141,1,50000,5000,80000000,5e-09,1e-08,0,424456,85378,181364,1078932329,181364,15264193,18141874231,496788254,False,,,,,,,
142,1,50000,5000,85000000,5e-09,1e-08,0,448177,91505,192860,1878513457,192860,16095428,19291807086,524299077,False,,,,,,,
143,1,50000,5000,90000000,5e-09,1e-08,0,469831,97213,204386,869803459,204386,16872384,20444741272,557720539,False,,,,,,,
144,1,50000,5000,95000000,5e-09,1e-08,0,488534,102128,215914,1120544004,215914,17574348,21597874983,589521905,False,,,,,,,
145,1,50000,5000,100000000,5e-09,1e-08,0,510939,107983,229168,1553548340,229168,18402412,22923659550,629132336,False,,,,,,,
146,1,55000,5000,50000000,5e-09,1e-08,0,315126,53937,114236,562152092,114236,11198040,12569511151,343365762,False,,,,,,,
147,1,60000,5000,50000000,5e-09,1e-08,0,329599,55107,117066,344666240,117066,11701856,14051577887,382477273,False,,,,,,,
148,1,65000,5000,50000000,5e-09,1e-08,0,338319,54757,116639,1697490028,116639,11997512,15166741284,414341331,False,,,,,,,
149,1,70000,5000,50000000,5e-09,1e-08,0,350878,55326,117850,1098177596,117850,12422523,16502731276,443101740,True,7500677120.0,5.889265184260951,396483.0,36859.92,13853723.0,8236.676937628283,23503.0
150,1,75000,5000,50000000,5e-09,1e-08,0,362161,55701,116749,1128170998,116749,12773596,17516073699,462646376,False,,,,,,,
151,1,80000,5000,50000000,5e-09,1e-08,0,371281,55346,117990,1544128412,117990,13106174,18882184634,499873458,False,,,,,,,
152,1,85000,5000,50000000,5e-09,1e-08,0,384403,56180,119612,1803384465,119612,13553240,20337896391,527703148,True,9026494464.0,6.087281543590262,421806.0,22803.48,14710666.0,8106.987114444811,23647.0
153,1,90000,5000,50000000,5e-09,1e-08,0,392964,55879,118294,1803535825,118294,13827806,21296763239,548670928,False,,,,,,,
154,1,95000,5000,50000000,5e-09,1e-08,0,404821,56430,120314,251715352,120314,14299747,22863586605,590597435,False,,,,,,,
155,1,100000,5000,50000000,5e-09,1e-08,0,418839,57426,122211,1605647102,122211,14775768,24446205931,634835421,False,,,,,,,
156,1,5000,5000,50000000,1e-08,1e-08,0,324115,83704,90941,1548111398,90941,10169716,912048740,32009478,False,,,,,,,
157,1,10000,5000,50000000,1e-08,1e-08,0,365143,91616,98659,1625717908,98659,11553270,1976062883,63605417,True,1528016896.0,5.9608591108780935,329713.0,3158.16,10835801.0,15188.988633051456,28962.0
158,1,15000,5000,50000000,1e-08,1e-08,0,386516,94537,102509,1580435434,102509,12261252,3078286738,96660542,False,,,,,,,
159,1,20000,5000,50000000,1e-08,1e-08,0,410909,97951,104929,1749185856,104929,13020420,4200268583,127982607,True,2562433024.0,6.1764829685273925,381509.0,13453.34,12483434.0,15436.505555613909,30850.0
160,1,25000,5000,50000000,1e-08,1e-08,0,428545,99839,107096,1058407015,107096,13597727,5357996285,159368950,False,,,,,,,
161,1,30000,5000,50000000,1e-08,1e-08,0,449105,102543,108745,1815527224,108745,14239519,6527968503,187760397,False,,,,,,,
162,1,35000,5000,50000000,1e-08,1e-08,0,462272,103457,110236,380918527,110236,14758507,7719856282,222086155,False,,,,,,,
163,1,40000,5000,50000000,1e-08,1e-08,0,478708,105025,112680,311164745,112680,15307449,9017831876,255618212,False,,,,,,,
164,1,45000,5000,50000000,1e-08,1e-08,0,500098,107736,113899,218758568,113899,15967082,10254401712,283925255,False,,,,,,,
165,1,50000,5000,5000000,1e-08,1e-08,0,141805,11012,11620,370538883,11620,4655509,1162561915,33226537,False,,,,,,,
166,1,50000,5000,10000000,1e-08,1e-08,0,180407,21181,22646,1953713083,22646,5874477,2265470844,62058877,False,,,,,,,
167,1,50000,5000,15000000,1e-08,1e-08,0,221779,32044,34183,1436677127,34183,7162433,3419505316,97618831,False,,,,,,,
168,1,50000,5000,20000000,1e-08,1e-08,0,263059,42878,45619,700466639,45619,8505561,4563436493,126530334,False,,,,,,,
169,1,50000,5000,25000000,1e-08,1e-08,0,303478,53460,56608,241837109,56608,9804033,5662655727,155748637,False,,,,,,,
170,1,50000,5000,30000000,1e-08,1e-08,0,346394,64721,68639,788832551,68639,11174564,6866104360,190610099,True,3366322176.0,6.888157050596639,322104.0,16755.420000000002,10469790.0,8870.314466048812,20308.0
171,1,50000,5000,35000000,1e-08,1e-08,0,383262,74452,79315,1829461025,79315,12339438,7934013551,217791081,False,,,,,,,
172,1,50000,5000,40000000,1e-08,1e-08,0,421811,84618,91050,1738357430,91050,13567504,9107854153,252634376,False,,,,,,,
173,1,50000,5000,45000000,1e-08,1e-08,0,466354,96338,102603,510588602,102603,14948888,10263488804,285062048,True,5093212160.0,6.6599146798983435,440247.0,26820.95,14335089.0,13104.664582202571,29386.0
174,1,50000,5000,50000000,1e-08,1e-08,0,508766,107441,114339,604723176,114339,16280596,11437430150,321596958,False,,,,,,,
175,1,50000,5000,55000000,1e-08,1e-08,0,549187,118088,125677,1307161656,125677,17687781,12571558265,350000652,True,6442369024.0,6.535902804769488,521284.0,37194.06,16958372.0,16477.190120520063,36211.0
176,1,50000,5000,60000000,1e-08,1e-08,0,588275,128299,136957,1621544200,136957,19052328,13699885610,377346100,False,,,,,,,
177,1,50000,5000,65000000,1e-08,1e-08,0,633525,140156,148389,1023808787,148389,20469426,14843417128,408614824,False,,,,,,,
178,1,50000,5000,70000000,1e-08,1e-08,0,671100,150125,159497,1498526577,159497,21678453,15954538812,436210084,False,,,,,,,
179,1,50000,5000,75000000,1e-08,1e-08,0,711002,160613,170966,1009145096,170966,22956364,17101771513,471771617,False,,,,,,,
180,1,50000,5000,80000000,1e-08,1e-08,0,757427,172764,182639,1634564806,182639,24410241,18269409953,505782400,False,,,,,,,
181,1,50000,5000,85000000,1e-08,1e-08,0,793809,182363,193714,1485419168,193714,25583740,19377231710,533435021,False,,,,,,,
182,1,50000,5000,90000000,1e-08,1e-08,0,836690,193475,205172,1066736453,205172,26939698,20523363557,564392605,False,,,,,,,
183,1,50000,5000,95000000,1e-08,1e-08,0,873156,203310,215634,1843837106,215634,28107574,21569867129,592764842,False,,,,,,,
184,1,50000,5000,100000000,1e-08,1e-08,0,911001,213181,226923,702045715,226923,29322558,22699094614,628471164,False,,,,,,,
185,1,55000,5000,50000000,1e-08,1e-08,0,521692,108164,115685,23621131,115685,16716097,12728943261,344222076,True,6222798848.0,6.665506119860194,493934.0,22949.510000000002,16072995.0,14793.851583609207,33064.0
186,1,60000,5000,50000000,1e-08,1e-08,0,532021,108101,114963,360176970,114963,17249819,13799157106,366613914,False,,,,,,,
187,1,65000,5000,50000000,1e-08,1e-08,0,550993,110530,117239,1983810860,117239,17869169,15244757784,409507301,False,,,,,,,
188,1,70000,5000,50000000,1e-08,1e-08,0,560970,110461,117733,1036619563,117733,18221087,16486347162,442359347,False,,,,,,,
189,1,75000,5000,50000000,1e-08,1e-08,0,571188,110440,117466,1373830417,117466,18559864,17623644497,460368553,False,,,,,,,
190,1,80000,5000,50000000,1e-08,1e-08,0,583859,111161,118000,2029127050,118000,18981540,18883784486,496191025,False,,,,,,,
191,1,85000,5000,50000000,1e-08,1e-08,0,600845,113029,119443,1962233100,119443,19533691,20309161227,533579255,True,9607868416.0,7.071027456826935,569147.0,33847.619999999995,18669105.0,14572.786419878612,34184.0
192,1,90000,5000,50000000,1e-08,1e-08,0,609115,112412,119538,514266202,119538,19828641,21520719140,553832411,False,,,,,,,
193,1,95000,5000,50000000,1e-08,1e-08,0,621571,113085,119841,1160804345,119841,20333871,22773702864,588934130,False,,,,,,,
194,1,100000,5000,50000000,1e-08,1e-08,0,634805,113828,120116,103278084,120116,20766984,24027145857,614825861,True,11260702720.0,7.255565342245925,601334.0,40757.38,19689311.0,14038.737724519915,34036.0
195,1,5000,5000,50000000,2e-08,1e-08,0,640154,167993,90876,103946990,90876,18752590,911396429,32160315,False,,,,,,,
196,1,10000,5000,50000000,2e-08,1e-08,0,710314,182999,98341,1890565278,98341,20930757,1969694436,64159871,True,1506021376.0,7.307243873475116,473809.0,3983.68,14563923.0,25615.184699303725,40715.0
197,1,15000,5000,50000000,2e-08,1e-08,0,749881,190136,101711,1018406879,101711,22217028,3054323650,93443197,False,,,,,,,
198,1,20000,5000,50000000,2e-08,1e-08,0,776378,194418,104490,1712968345,104490,23054801,4182696080,127561435,False,,,,,,,
199,1,25000,5000,50000000,2e-08,1e-08,0,803334,198610,106721,1687233945,106721,23897387,5339235147,159100131,True,3014586368.0,7.6786381228179375,567436.0,19520.37,17534632.0,25235.253948660866,43134.0
200,1,30000,5000,50000000,2e-08,1e-08,0,842476,205933,109030,629978175,109030,25061262,6545076772,190547744,False,,,,,,,
201,1,35000,5000,50000000,2e-08,1e-08,0,859748,207964,110029,1479706967,110029,25622763,7705360736,221298101,False,,,,,,,
202,1,40000,5000,50000000,2e-08,1e-08,0,879080,209982,111612,393513210,111612,26245464,8932361096,248976140,False,,,,,,,
203,1,45000,5000,50000000,2e-08,1e-08,0,894953,211467,112451,339554417,112451,26759435,10124040720,280939764,False,,,,,,,
204,1,50000,5000,5000000,2e-08,1e-08,0,181807,21547,11595,1653114204,11595,5726707,1160061261,31825320,False,,,,,,,
205,1,50000,5000,10000000,2e-08,1e-08,0,262197,42592,22749,141095676,22749,8091349,2275773623,62981494,False,,,,,,,
206,1,50000,5000,15000000,2e-08,1e-08,0,344350,64154,34134,1123144714,34134,10512860,3414604041,94970767,False,,,,,,,
207,1,50000,5000,20000000,2e-08,1e-08,0,427516,85960,45755,124311332,45755,12920184,4577040562,126674290,False,,,,,,,
208,1,50000,5000,25000000,2e-08,1e-08,0,505425,106371,56555,1802692308,56555,15171879,5657354074,153920162,False,,,,,,,
209,1,50000,5000,30000000,2e-08,1e-08,0,588789,128338,68155,2030575854,68155,17828223,6817690466,186484681,False,,,,,,,
210,1,50000,5000,35000000,2e-08,1e-08,0,670298,149726,79539,729106162,79539,20219089,7956420261,218512638,True,4047593472.0,8.20946208684381,506688.0,12005.619999999999,15431783.0,16916.29841338531,32234.0
211,1,50000,5000,40000000,2e-08,1e-08,0,757109,172304,90921,338720125,90921,22751568,9094950421,252500009,True,4754243584.0,8.147730699096874,567465.0,14821.0,17463446.0,20001.639367077358,37252.0
212,1,50000,5000,45000000,2e-08,1e-08,0,834191,192931,102571,749956207,102571,25027103,10260288340,284120584,False,,,,,,,
213,1,50000,5000,50000000,2e-08,1e-08,0,915083,213935,114342,1345544012,114342,27406276,11437729849,313296191,False,,,,,,,
214,1,50000,5000,55000000,2e-08,1e-08,0,1000605,236617,126143,1047281846,126143,29911644,12618171664,352041412,False,,,,,,,
215,1,50000,5000,60000000,2e-08,1e-08,0,1080950,257487,137898,1368378092,137898,32746596,13794012595,384429377,False,,,,,,,
216,1,50000,5000,65000000,2e-08,1e-08,0,1162487,279054,148140,26115922,148140,35150647,14818510154,408653334,False,,,,,,,
217,1,50000,5000,70000000,2e-08,1e-08,0,1242960,300000,160572,413496058,160572,37566090,16062070305,444285890,False,,,,,,,
218,1,50000,5000,75000000,2e-08,1e-08,0,1319945,320213,170353,259118575,170353,39834828,17040453891,467867152,False,,,,,,,
219,1,50000,5000,80000000,2e-08,1e-08,0,1408728,343573,182786,1038910399,182786,42649942,18284113927,505530923,False,,,,,,,
220,1,50000,5000,85000000,2e-08,1e-08,0,1484113,363446,193400,1914211616,193400,44908248,19345822771,533382585,False,,,,,,,
221,1,50000,5000,90000000,2e-08,1e-08,0,1567735,385314,204986,1289836060,204986,47397187,20504758574,562014168,False,,,,,,,
222,1,50000,5000,95000000,2e-08,1e-08,0,1652225,407355,215634,2037770757,215634,49900589,21569867383,593080719,False,,,,,,,
223,1,50000,5000,100000000,2e-08,1e-08,0,1726124,426906,227768,123320830,227768,52138740,22783619197,627797159,False,,,,,,,
224,1,55000,5000,50000000,2e-08,1e-08,0,934805,216403,115220,880751737,115220,28021888,12677779988,346143824,False,,,,,,,
225,1,60000,5000,50000000,2e-08,1e-08,0,945395,216592,115718,253573468,115718,28527003,13889779253,374290733,True,7068696576.0,8.174617203461812,712189.0,24462.12,22001005.0,24628.966398251687,46251.0
226,1,65000,5000,50000000,2e-08,1e-08,0,967803,219507,116685,853494079,116685,29218116,15172721741,402180831,False,,,,,,,
227,1,70000,5000,50000000,2e-08,1e-08,0,981813,220638,117703,802236314,117703,29688821,16482146201,441573285,False,,,,,,,
228,1,75000,5000,50000000,2e-08,1e-08,0,1003602,223506,118545,1723020162,118545,30360370,17785525368,469153503,False,,,,,,,
229,1,80000,5000,50000000,2e-08,1e-08,0,1016410,224211,118600,797183745,118600,30780778,18979802267,495188035,True,9492332544.0,8.402781632260957,787223.0,31792.71,24269589.0,25036.491450538033,48347.0
230,1,85000,5000,50000000,2e-08,1e-08,0,1026384,224428,119067,563156618,119067,31133869,20245230523,526798387,False,,,,,,,
231,1,90000,5000,50000000,2e-08,1e-08,0,1047517,226957,120412,884922129,120412,31798171,21678064256,558773730,True,10729807872.0,8.52697785306481,815469.0,45217.47,25152797.0,24525.98859084781,48340.0
232,1,95000,5000,50000000,2e-08,1e-08,0,1059244,227385,120488,465784783,120488,32454734,22896651435,592396984,False,,,,,,,
233,1,100000,5000,50000000,2e-08,1e-08,0,1076037,229148,121842,1377494432,121842,33007908,24372395583,633713346,False,,,,,,,
234,2,5000,5000,50000000,5e-09,1e-08,0,169024,42341,91124,2128021889,91124,6075861,913883940,31384771,False,,,,,,,
235,2,10000,5000,50000000,5e-09,1e-08,0,191963,45754,97994,920241230,97994,6862527,1962744460,64031393,False,,,,,,,
236,2,15000,5000,50000000,5e-09,1e-08,0,207959,47091,100538,243680760,100538,7393865,3019100252,90762130,False,,,,,,,
237,2,20000,5000,50000000,5e-09,1e-08,0,226736,49343,105069,1585509597,105069,8069635,4205873235,129280199,False,,,,,,,
238,2,25000,5000,50000000,5e-09,1e-08,0,241381,50533,107063,1857862259,107063,8558803,5356345238,156259446,False,,,,,,,
239,2,30000,5000,50000000,5e-09,1e-08,0,252071,50620,108966,762051389,108966,8973269,6541235117,187260999,False,,,,,,,
240,2,35000,5000,50000000,5e-09,1e-08,0,267728,52060,110834,509023378,110834,9550100,7761733490,221743664,False,,,,,,,
241,2,40000,5000,50000000,5e-09,1e-08,0,279170,52420,111604,1945368301,111604,9937941,8931721366,248053391,False,,,,,,,
242,2,45000,5000,50000000,5e-09,1e-08,0,292958,53410,113434,1183358357,113434,10405756,10212538612,280966545,False,,,,,,,
243,2,50000,5000,5000000,5e-09,1e-08,0,120571,5383,11261,870377516,11261,4062025,1126652016,28630372,False,,,,,,,
244,2,50000,5000,10000000,5e-09,1e-08,0,140649,10704,23072,323693100,23072,4815764,2308082562,63138410,False,,,,,,,
245,2,50000,5000,15000000,5e-09,1e-08,0,160888,16001,34716,1925815251,34716,5549749,3472820125,95113446,False,,,,,,,
246,2,50000,5000,20000000,5e-09,1e-08,0,182329,21625,45225,1847427791,45225,6310998,4524025526,121284156,False,,,,,,,
247,2,50000,5000,25000000,5e-09,1e-08,0,202648,27034,57668,1252338530,57668,7053727,5768686037,162183427,False,,,,,,,
248,2,50000,5000,30000000,5e-09,1e-08,0,221333,31833,67997,1039792263,67997,7743496,6801885448,184226272,False,,,,,,,
249,2,50000,5000,35000000,5e-09,1e-08,0,242712,37522,79768,731749322,79768,8506630,7979327116,218563446,False,,,,,,,
250,2,50000,5000,40000000,5e-09,1e-08,0,265950,43556,91718,2023998744,91718,9387130,9174673596,250787213,True,4280537088.0,5.783192661964774,300113.0,11500.47,10431814.0,6532.7282479793375,18372.0
251,2,50000,5000,45000000,5e-09,1e-08,0,283503,48305,103492,141304491,103492,10102034,10352414956,284513906,True,4875636736.0,5.682036958965711,323467.0,10883.92,11297514.0,7178.174739161647,20177.0
252,2,50000,5000,50000000,5e-09,1e-08,0,304893,53834,115279,182062054,115279,10875145,11531456639,317108887,False,,,,,,,
253,2,50000,5000,55000000,5e-09,1e-08,0,323945,58989,126101,1052632328,126101,11568904,12613970882,344420175,False,,,,,,,
254,2,50000,5000,60000000,5e-09,1e-08,0,345599,64574,136967,1688975329,136967,12383278,13700885474,379073361,False,,,,,,,
255,2,50000,5000,65000000,5e-09,1e-08,0,365225,69733,147436,1498687296,147436,13090163,14748089943,403837005,False,,,,,,,
256,2,50000,5000,70000000,5e-09,1e-08,0,386487,75324,159279,833507701,159279,13863969,15932732748,438938743,False,,,,,,,
257,2,50000,5000,75000000,5e-09,1e-08,0,409210,81254,171808,1854526673,171808,14688467,17185996192,467057229,True,8465911808.0,5.447854572500465,498081.0,22200.93,17580108.0,12575.128486625117,33879.0
258,2,50000,5000,80000000,5e-09,1e-08,0,426513,85932,182682,134907077,182682,15342076,18273711250,506534299,False,,,,,,,
259,2,50000,5000,85000000,5e-09,1e-08,0,446595,91148,195209,292151505,195209,16093582,19526774904,542594897,False,,,,,,,
260,2,50000,5000,90000000,5e-09,1e-08,0,466430,96349,204660,389102929,204660,16788809,20472148987,557928733,False,,,,,,,
261,2,50000,5000,95000000,5e-09,1e-08,0,487230,101830,215279,186970914,215279,17529841,21534357095,594443798,True,10713366528.0,5.406026311561736,605702.0,57970.46000000001,21535110.0,16249.433793140377,42644.0
262,2,50000,5000,100000000,5e-09,1e-08,0,509282,107533,228369,1548718345,228369,18344131,22843736866,626089008,False,,,,,,,
263,2,55000,5000,50000000,5e-09,1e-08,0,316002,54082,114481,56099844,114481,11227092,12596469567,338167791,False,,,,,,,
264,2,60000,5000,50000000,5e-09,1e-08,0,329920,55150,117115,619578707,117115,11714201,14057459874,379988781,False,,,,,,,
265,2,65000,5000,50000000,5e-09,1e-08,0,340302,55205,116282,2010556972,116282,12044815,15120320477,401473723,False,,,,,,,
266,2,70000,5000,50000000,5e-09,1e-08,0,352568,55853,118210,123875873,118210,12474982,16553141166,447517306,False,,,,,,,
267,2,75000,5000,50000000,5e-09,1e-08,0,363417,56007,119538,872202149,119538,12854212,17934503830,480689607,False,,,,,,,
268,2,80000,5000,50000000,5e-09,1e-08,0,373567,55955,119555,2109236986,119555,13195104,19132629517,500793081,False,,,,,,,
269,2,85000,5000,50000000,5e-09,1e-08,0,383445,56015,118580,1389856074,118580,13510531,20162426511,525558391,False,,,,,,,
270,2,90000,5000,50000000,5e-09,1e-08,0,396230,56627,120383,1791169109,120383,13950619,21672843593,563031468,False,,,,,,,
271,2,95000,5000,50000000,5e-09,1e-08,0,405623,56478,119211,1632653383,119211,14300526,22653984900,576146139,False,,,,,,,
272,2,100000,5000,50000000,5e-09,1e-08,0,418750,57368,120922,1423617216,120922,14752025,24188369185,632856234,False,,,,,,,
273,2,5000,5000,50000000,1e-08,1e-08,0,322287,83438,90596,1232220362,90596,10117025,908588736,32078754,True,912207872.0,5.744130017558904,281336.0,2200.31,9356220.0,15244.399269822778,27307.0
274,2,10000,5000,50000000,1e-08,1e-08,0,362578,90976,97859,477946035,97859,11473411,1960040617,62913319,True,1508892672.0,5.9460745873985585,326053.0,6884.08,10724675.0,14870.48056063746,28533.0
275,2,15000,5000,50000000,1e-08,1e-08,0,391063,95490,101692,769830877,101692,12364329,3053752715,93611859,True,2069299200.0,6.1222408541802125,357796.0,5304.99,11732618.0,15592.102780728546,30161.0
276,2,20000,5000,50000000,1e-08,1e-08,0,410310,97774,104970,1209197858,104970,13003516,4201909431,128445249,True,2572840960.0,6.172310482760855,381134.0,12458.69,12474720.0,15657.559905690188,31067.0
277,2,25000,5000,50000000,1e-08,1e-08,0,428528,99716,106424,810741428,106424,13584061,5324376516,156464980,False,,,,,,,
278,2,30000,5000,50000000,1e-08,1e-08,0,445779,101635,108443,1060818179,108443,14147274,6509839907,188026110,True,3565469696.0,6.341509060754987,416783.0,9671.66,13630410.0,14889.467368031455,31248.0
279,2,35000,5000,50000000,1e-08,1e-08,0,461878,103118,109394,1262640712,109394,14736403,7660892019,215036028,False,,,,,,,
280,2,40000,5000,50000000,1e-08,1e-08,0,481332,105443,111879,1614618522,111879,15363742,8953728852,252316123,False,,,,,,,
281,2,45000,5000,50000000,1e-08,1e-08,0,491911,105757,113111,610246334,113111,15739038,10183459270,281361719,True,5137580032.0,6.5328660304591395,464134.0,14507.73,15136693.0,15030.375429409381,32637.0
282,2,50000,5000,5000000,1e-08,1e-08,0,141277,10837,11436,827904254,11436,4638043,1144156808,31362296,False,,,,,,,
283,2,50000,5000,10000000,1e-08,1e-08,0,182810,21774,22787,1385190136,22787,5938935,2279574583,64349847,False,,,,,,,
284,2,50000,5000,15000000,1e-08,1e-08,0,223030,32392,34289,885320540,34289,7199244,3430108136,96692769,True,1816944640.0,7.895620011679969,202799.0,2993.38,6511797.0,4125.301427185178,10169.0
285,2,50000,5000,20000000,1e-08,1e-08,0,266017,43688,46385,2132571212,46385,8597234,4640058492,129876376,False,,,,,,,
286,2,50000,5000,25000000,1e-08,1e-08,0,305840,54048,57149,1965390410,57149,9876299,5716770850,155684291,False,,,,,,,
287,2,50000,5000,30000000,1e-08,1e-08,0,346654,64815,68456,633775447,68456,11178145,6847798853,188150713,False,,,,,,,
288,2,50000,5000,35000000,1e-08,1e-08,0,384185,74682,79811,1653792099,79811,12372793,7983628085,220588622,True,3947671552.0,6.801640397626337,359902.0,12625.68,11694489.0,9765.2733873382,22677.0
289,2,50000,5000,40000000,1e-08,1e-08,0,423281,85012,90230,532722958,90230,13591469,9025830812,246084594,False,,,,,,,
290,2,50000,5000,45000000,1e-08,1e-08,0,470434,97266,103090,1896369221,103090,15064883,10312203150,282624514,True,5178720256.0,6.646422164940684,440917.0,14461.880000000001,14363895.0,13604.391240119703,29997.0
291,2,50000,5000,50000000,1e-08,1e-08,0,506982,107017,114134,1517302359,114134,16228204,11416923722,317472477,False,,,,,,,
292,2,50000,5000,55000000,1e-08,1e-08,0,551769,118748,125527,1655689972,125527,17821001,12556554674,347446508,True,6420647936.0,6.600937374346602,525329.0,37324.49,17186076.0,16748.04570227775,36467.0
293,2,50000,5000,60000000,1e-08,1e-08,0,590806,128933,137505,1876519378,137505,19128843,13754701397,374622440,False,,,,,,,
294,2,50000,5000,65000000,1e-08,1e-08,0,626732,138471,147340,531707344,147340,20271989,14738486985,403549765,False,,,,,,,
295,2,50000,5000,70000000,1e-08,1e-08,0,669521,149374,158945,319056063,158945,21627871,15899322735,435063127,False,,,,,,,
296,2,50000,5000,75000000,1e-08,1e-08,0,708146,159716,169913,259027667,169913,22859621,16996441146,461832804,False,,,,,,,
297,2,50000,5000,80000000,1e-08,1e-08,0,748525,170296,180660,44168271,180660,24134838,18071453132,487998552,False,,,,,,,
298,2,50000,5000,85000000,1e-08,1e-08,0,799216,183621,195553,1743485622,195553,25760793,19561184330,536297338,False,,,,,,,
299,2,50000,5000,90000000,1e-08,1e-08,0,837505,193732,205277,1807397739,205277,26962487,20533867099,561295633,False,,,,,,,
300,2,50000,5000,95000000,1e-08,1e-08,0,872387,202937,216448,1840494295,216448,28097587,21651291010,593508067,True,11392663552.0,6.436311473523523,839044.0,46946.13,27670046.0,29685.52967126678,62174.0
301,2,50000,5000,100000000,1e-08,1e-08,0,914555,213841,226467,366487876,226467,29411420,22653482014,615275625,True,12044058624.0,6.444000646118152,877660.0,41478.29,29024326.0,30687.100371466015,64615.0
302,2,55000,5000,50000000,1e-08,1e-08,0,521000,107989,114275,2077434634,114275,16673989,12573802691,341044043,False,,,,,,,
303,2,60000,5000,50000000,1e-08,1e-08,0,537344,109591,116801,114029811,116801,17422909,14019770618,380983416,False,,,,,,,
304,2,65000,5000,50000000,1e-08,1e-08,0,545836,109118,115931,1109505810,115931,17710757,15074680264,400543060,False,,,,,,,
305,2,70000,5000,50000000,1e-08,1e-08,0,563754,111231,117594,516386830,117594,18291083,16466883280,442376548,False,,,,,,,
306,2,75000,5000,50000000,1e-08,1e-08,0,575423,111604,118391,762021101,118391,18691263,17762420738,468430473,False,,,,,,,
307,2,80000,5000,50000000,1e-08,1e-08,0,585533,111576,117849,304686912,117849,19024937,18859620266,497692804,False,,,,,,,
308,2,85000,5000,50000000,1e-08,1e-08,0,599127,112554,119197,1454447023,119197,19484805,20267334704,529951821,False,,,,,,,
309,2,90000,5000,50000000,1e-08,1e-08,0,613432,113507,120274,49469603,120274,19959353,21653220490,559651599,True,10285826048.0,7.096051986267779,578754.0,27995.76,18995637.0,14555.984177645156,34388.0
310,2,95000,5000,50000000,1e-08,1e-08,0,624436,113917,120149,2035148938,120149,20418271,22832231130,596148874,False,,,,,,,
311,2,100000,5000,50000000,1e-08,1e-08,0,635137,114038,120911,583751126,120911,20791450,24186168531,620358977,True,11269066752.0,7.229910419839547,602895.0,32299.79,19750075.0,13749.370566350848,33785.0
312,2,5000,5000,50000000,2e-08,1e-08,0,641413,168228,91179,1897564363,91179,18791702,914435733,32070653,False,,,,,,,
313,2,10000,5000,50000000,2e-08,1e-08,0,707437,182210,98217,1949136799,98217,20850147,1967210395,63098304,False,,,,,,,
314,2,15000,5000,50000000,2e-08,1e-08,0,746623,189417,101488,1921962620,101488,22128430,3047627418,93736997,False,,,,,,,
315,2,20000,5000,50000000,2e-08,1e-08,0,783268,195953,104352,212456656,104352,23236577,4177172171,124747696,True,2638303232.0,7.576949889852487,543434.0,16776.129999999994,16805742.0,24988.28707807308,42288.0
316,2,25000,5000,50000000,2e-08,1e-08,0,808300,199790,106312,505389037,106312,24024814,5318773540,158060697,False,,,,,,,
317,2,30000,5000,50000000,2e-08,1e-08,0,833611,203540,108698,419750093,108698,24819059,6525147375,189327096,False,,,,,,,
318,2,35000,5000,50000000,2e-08,1e-08,0,855835,206624,110064,1284607238,110064,25516486,7707811438,218052717,False,,,,,,,
319,2,40000,5000,50000000,2e-08,1e-08,0,876868,209553,111783,345650628,111783,26184086,8946045988,254375119,True,4709474304.0,7.89595190578264,640946.0,15441.230000000001,19741706.0,25603.27256522773,45531.0
320,2,45000,5000,50000000,2e-08,1e-08,0,897742,212199,113139,1496056544,113139,26844433,10185979967,285823265,False,,,,,,,
321,2,50000,5000,5000000,2e-08,1e-08,0,181001,21215,11323,1979632242,11323,5700577,1132853656,30377789,True,778194944.0,12.52871055707051,160806.0,2239.3,4854994.0,2704.9880927276763,5320.0
322,2,50000,5000,10000000,2e-08,1e-08,0,265107,43330,22934,1169963832,22934,8170279,2294278762,63054847,False,,,,,,,
323,2,50000,5000,15000000,2e-08,1e-08,0,344256,64079,34306,255979771,34306,10512132,3431808505,92823584,False,,,,,,,
324,2,50000,5000,20000000,2e-08,1e-08,0,423197,84888,45097,1371274993,45097,12794536,4511221952,124095962,True,2294231040.0,8.686376264611836,331420.0,11006.46,10124716.0,9652.481605555964,19081.0
325,2,50000,5000,25000000,2e-08,1e-08,0,506580,106735,56355,158089622,56355,15200171,5637348472,152652553,True,2886295552.0,8.48405029206749,390699.0,8253.57,11897928.0,11329.350785757953,22747.0
326,2,50000,5000,30000000,2e-08,1e-08,0,588305,128237,68119,503610842,68119,17813928,6814089095,189042340,False,,,,,,,
327,2,50000,5000,35000000,2e-08,1e-08,0,668289,149361,79592,1749816743,79592,20166791,7961722017,220690466,True,4054544384.0,8.186758589438591,505868.0,13261.269999999999,15413169.0,16831.22087044841,32171.0
328,2,50000,5000,40000000,2e-08,1e-08,0,757713,172817,92003,1197814950,92003,22787651,9203181564,256680039,True,4766842880.0,8.116217372700042,569028.0,15099.6,17529083.0,19953.782785064148,37331.0
329,2,50000,5000,45000000,2e-08,1e-08,0,834138,192745,102696,1459247990,102696,25026163,10272792177,284495393,False,,,,,,,
330,2,50000,5000,50000000,2e-08,1e-08,0,914878,214026,113833,1053276300,113833,27390560,11386814711,313913265,False,,,,,,,
331,2,50000,5000,55000000,2e-08,1e-08,0,999368,236062,125321,178070778,125321,29858598,12535948285,345980168,False,,,,,,,
332,2,50000,5000,60000000,2e-08,1e-08,0,1073816,255642,136653,741210585,136653,32530199,13669477259,375389740,False,,,,,,,
333,2,50000,5000,65000000,2e-08,1e-08,0,1164842,279380,148438,500255557,148438,35217875,14848318389,404724274,False,,,,,,,
334,2,50000,5000,70000000,2e-08,1e-08,0,1235866,298231,159074,483285191,159074,37350631,15912227106,436021533,False,,,,,,,
335,2,50000,5000,75000000,2e-08,1e-08,0,1322235,320675,170455,983637784,170455,39899189,17050657024,468968207,False,,,,,,,
336,2,50000,5000,80000000,2e-08,1e-08,0,1405534,342833,182037,257715798,182037,42551440,18209192901,501238461,False,,,,,,,
337,2,50000,5000,85000000,2e-08,1e-08,0,1494446,366340,195819,844595542,195819,45233351,19587792201,542954488,True,10552856576.0,7.904433047275682,1089634.0,46932.82,34094768.0,44751.310987957746,78488.0
338,2,50000,5000,90000000,2e-08,1e-08,0,1573451,386637,206270,2117337328,206270,47576405,20633195614,566931645,False,,,,,,,
339,2,50000,5000,95000000,2e-08,1e-08,0,1644107,405405,215325,1341273765,215325,49675183,21538958161,593011158,False,,,,,,,
340,2,50000,5000,100000000,2e-08,1e-08,0,1736194,429465,229252,75051236,229252,52441312,22932062250,635531985,False,,,,,,,
341,2,55000,5000,50000000,2e-08,1e-08,0,935658,216583,115798,825685606,115798,28054128,12741376658,347238694,False,,,,,,,
342,2,60000,5000,50000000,2e-08,1e-08,0,941239,215382,115113,887756448,115113,28385768,13817161702,371590644,True,6995894272.0,8.153442448989008,706879.0,28900.64,21849834.0,24604.70433527228,46114.0
343,2,65000,5000,50000000,2e-08,1e-08,0,967824,219621,116816,937135891,116816,29223685,15189755783,410941025,False,,,,,,,
344,2,70000,5000,50000000,2e-08,1e-08,0,974719,218619,115987,999591617,115987,29466527,16241857276,427848318,False,,,,,,,
345,2,75000,5000,50000000,2e-08,1e-08,0,1001566,223096,118487,2001384947,118487,30306125,17776823851,469065688,False,,,,,,,
346,2,80000,5000,50000000,2e-08,1e-08,0,1012729,223338,117764,1267898568,117764,30667709,18846018343,493270864,False,,,,,,,
347,2,85000,5000,50000000,2e-08,1e-08,0,1030546,225172,119032,263977545,119032,31244279,20239279651,529968521,False,,,,,,,
348,2,90000,5000,50000000,2e-08,1e-08,0,1039167,224849,119503,1506089660,119503,31557992,21514418217,553445933,False,,,,,,,
349,2,95000,5000,50000000,2e-08,1e-08,0,1056069,226783,120726,894092948,120726,32372114,22941878433,604718693,False,,,,,,,
350,2,100000,5000,50000000,2e-08,1e-08,0,1076008,229354,121429,64761062,121429,33000291,24289783810,629524921,False,,,,,,,
351,3,5000,5000,50000000,5e-09,1e-08,0,165230,41427,90065,1319895890,90065,5939539,903263513,31467420,False,,,,,,,
352,3,10000,5000,50000000,5e-09,1e-08,0,191200,45333,97217,1368909602,97217,6828231,1947181600,62336005,False,,,,,,,
353,3,15000,5000,50000000,5e-09,1e-08,0,210741,47952,103100,876425101,103100,7508758,3096034033,96370481,True,2038419456.0,5.095884465138303,258290.0,3695.6099999999997,9142112.0,8186.416801513227,20352.0
354,3,20000,5000,50000000,5e-09,1e-08,0,224799,48842,103620,835101741,103620,7995044,4147870667,124484575,False,,,,,,,
355,3,25000,5000,50000000,5e-09,1e-08,0,241587,50464,107840,2108905383,107840,8577378,5395217132,159264487,False,,,,,,,
356,3,30000,5000,50000000,5e-09,1e-08,0,253415,50952,108836,957418436,108836,9005121,6533431197,186495847,False,,,,,,,
357,3,35000,5000,50000000,5e-09,1e-08,0,267004,51889,109885,1834884567,109885,9517059,7695276523,217639281,False,,,,,,,
358,3,40000,5000,50000000,5e-09,1e-08,0,279350,52405,111709,132967303,111709,9943986,8940123147,250333486,False,,,,,,,
359,3,45000,5000,50000000,5e-09,1e-08,0,290761,52871,112205,100942506,112205,10326212,10101892930,279995456,False,,,,,,,
360,3,50000,5000,5000000,5e-09,1e-08,0,120159,5304,11101,1045234429,11101,4048859,1110647601,29595483,False,,,,,,,
361,3,50000,5000,10000000,5e-09,1e-08,0,141654,11009,23348,2046019354,23348,4847408,2335690425,67493916,False,,,,,,,
362,3,50000,5000,15000000,5e-09,1e-08,0,160623,15937,34480,409379193,34480,5540048,3449213603,95798760,False,,,,,,,
363,3,50000,5000,20000000,5e-09,1e-08,0,180326,21106,44758,1818910571,44758,6251216,4477312545,120493283,True,2010513408.0,6.631102347829263,181606.0,7992.34,6211753.0,2812.562530653963,8683.0
364,3,50000,5000,25000000,5e-09,1e-08,0,202878,27110,57422,1406775544,57422,7057112,5744079220,163145789,False,,,,,,,
365,3,50000,5000,30000000,5e-09,1e-08,0,222213,32076,67679,417957935,67679,7761598,6770077091,185899043,False,,,,,,,
366,3,50000,5000,35000000,5e-09,1e-08,0,244188,37942,80245,1474329574,80245,8554104,8027041120,225643758,False,,,,,,,
367,3,50000,5000,40000000,5e-09,1e-08,0,260995,42397,90345,1742189501,90345,9167833,9037333712,249047599,True,4218216448.0,5.769389601195627,293385.0,8973.380000000001,10226533.0,6123.370263349589,17603.0
368,3,50000,5000,45000000,5e-09,1e-08,0,283136,48180,102288,1446561706,102288,10073716,10231980564,283206395,True,4783288320.0,5.6859375,323871.0,14442.970000000001,11284119.0,7374.162196909016,20458.0
369,3,50000,5000,50000000,5e-09,1e-08,0,304381,53741,114588,1751670350,114588,10851155,11462336508,316759234,False,,,,,,,
370,3,50000,5000,55000000,5e-09,1e-08,0,323885,58931,124964,1230975262,124964,11549031,12500237814,343423985,True,5899251712.0,5.589957233446394,379055.0,29740.07,13264617.0,8730.875177125441,24299.0
371,3,50000,5000,60000000,5e-09,1e-08,0,341238,63501,134655,1524602292,134655,12228101,13469619023,366089301,False,,,,,,,
372,3,50000,5000,65000000,5e-09,1e-08,0,365033,69689,148320,382534745,148320,13099180,14836514812,409199980,False,,,,,,,
373,3,50000,5000,70000000,5e-09,1e-08,0,384260,74655,158558,1017686885,158558,13794353,15860611662,430557501,False,,,,,,,
374,3,50000,5000,75000000,5e-09,1e-08,0,408555,81030,170771,914967947,170771,14651930,17082266282,468882704,False,,,,,,,
375,3,50000,5000,80000000,5e-09,1e-08,0,424589,85379,181745,1753610000,181745,15273889,18179983402,502653799,True,9073537024.0,5.426251211859018,520524.0,48919.87,18393139.0,13313.013666790357,35709.0
376,3,50000,5000,85000000,5e-09,1e-08,0,444864,90669,192003,1521911528,192003,15994748,19206081673,528914417,False,,,,,,,
377,3,50000,5000,90000000,5e-09,1e-08,0,464828,95857,202514,2069188940,202514,16708433,20257486774,550854260,False,,,,,,,
378,3,50000,5000,95000000,5e-09,1e-08,0,480359,100173,213171,1080516752,213171,17310839,21323496875,589563548,False,,,,,,,
379,3,50000,5000,100000000,5e-09,1e-08,0,509505,107702,229061,305406647,229061,18362197,22912956771,629820396,False,,,,,,,
380,3,55000,5000,50000000,5e-09,1e-08,0,317315,54477,116196,1137298903,116196,11291113,12785168411,346864533,False,,,,,,,
381,3,60000,5000,50000000,5e-09,1e-08,0,327724,54571,115769,1309973576,115769,11630098,13895900734,372306944,True,6388867072.0,5.77707113999109,376070.0,31228.51,13041989.0,7968.770739917102,22735.0
382,3,65000,5000,50000000,5e-09,1e-08,0,338476,54763,115805,644262334,115805,11987187,15058296336,401909578,False,,,,,,,
383,3,70000,5000,50000000,5e-09,1e-08,0,351305,55483,118912,1510721887,118912,12451951,16651441209,443722230,True,7629393920.0,5.850332724810082,397378.0,23867.940000000002,13903629.0,8097.31842180202,23408.0
384,3,75000,5000,50000000,5e-09,1e-08,0,363616,56085,118086,836335030,118086,12834864,17716662802,465108889,False,,,,,,,
385,3,80000,5000,50000000,5e-09,1e-08,0,375530,56527,120424,1037691212,120424,13260743,19271694442,504472514,False,,,,,,,
386,3,85000,5000,50000000,5e-09,1e-08,0,382799,55819,118482,1740018438,118482,13491480,20145763116,529539408,False,,,,,,,
387,3,90000,5000,50000000,5e-09,1e-08,0,394197,56102,118891,469816879,118891,13872411,21404240306,545741933,False,,,,,,,
388,3,95000,5000,50000000,5e-09,1e-08,0,407266,56988,120938,1498652570,120938,14374157,22982164529,586347541,False,,,,,,,
389,3,100000,5000,50000000,5e-09,1e-08,0,417405,56964,119978,1569996646,119978,14699745,23999541860,619265847,False,,,,,,,
390,3,5000,5000,50000000,1e-08,1e-08,0,327715,84662,91114,1961723262,91114,10262808,913783561,31991081,False,,,,,,,
391,3,10000,5000,50000000,1e-08,1e-08,0,363027,90985,97423,21769886,97423,11475696,1951307857,63854498,False,,,,,,,
392,3,15000,5000,50000000,1e-08,1e-08,0,388585,94803,101179,302517477,101179,12291630,3038348264,93407192,False,,,,,,,
393,3,20000,5000,50000000,1e-08,1e-08,0,411165,97912,104730,819504368,104730,13021559,4192303145,127349486,False,,,,,,,
394,3,25000,5000,50000000,1e-08,1e-08,0,432895,100918,106323,977700537,106323,13696643,5319324037,157326768,False,,,,,,,
395,3,30000,5000,50000000,1e-08,1e-08,0,446257,101823,108796,393105218,108796,14165997,6531030545,191998765,False,,,,,,,
396,3,35000,5000,50000000,1e-08,1e-08,0,462899,103400,109950,1362129593,109950,14769424,7699828574,220734934,False,,,,,,,
397,3,40000,5000,50000000,1e-08,1e-08,0,481858,105768,112090,808353316,112090,15382994,8970614385,251028449,False,,,,,,,
398,3,45000,5000,50000000,1e-08,1e-08,0,490322,105243,112200,1584627826,112200,15679853,10101442662,282493148,True,5163917312.0,6.5245343763679235,462061.0,14610.74,15064525.0,14992.60164816675,32544.0
399,3,50000,5000,5000000,1e-08,1e-08,0,140384,10596,11132,1398051535,11132,4610584,1113748331,29222473,False,,,,,,,
400,3,50000,5000,10000000,1e-08,1e-08,0,180988,21345,23014,1167668884,23014,5894928,2302280860,63657869,False,,,,,,,
401,3,50000,5000,15000000,1e-08,1e-08,0,223168,32327,34414,318440279,34414,7202777,3442611766,95386635,False,,,,,,,
402,3,50000,5000,20000000,1e-08,1e-08,0,262465,42711,45318,1180649912,45318,8484278,4533327902,124424851,False,,,,,,,
403,3,50000,5000,25000000,1e-08,1e-08,0,303918,53571,57162,601067038,57162,9825883,5718071281,156710921,False,,,,,,,
404,3,50000,5000,30000000,1e-08,1e-08,0,343380,63926,67978,1553482403,67978,11081514,6799985589,186049952,False,,,,,,,
405,3,50000,5000,35000000,1e-08,1e-08,0,383415,74561,79177,1466615313,79177,12340726,7920210050,216754868,True,3889209344.0,6.816810592976396,355224.0,9452.24,11557262.0,9689.554620493582,22415.0
406,3,50000,5000,40000000,1e-08,1e-08,0,426818,85909,92061,983147004,92061,13717532,9208983299,253826735,False,,,,,,,
407,3,50000,5000,45000000,1e-08,1e-08,0,470017,97308,102838,1441194868,102838,15050276,10286995903,284698539,False,,,,,,,
408,3,50000,5000,50000000,1e-08,1e-08,0,513304,108528,114774,750622702,114774,16404997,11480942448,315958367,False,,,,,,,
409,3,50000,5000,55000000,1e-08,1e-08,0,550081,118217,126012,1831347374,126012,17712897,12605067744,346137562,True,6340370432.0,6.573384977175267,522709.0,37956.73,16998145.0,16378.293106200601,36047.0
410,3,50000,5000,60000000,1e-08,1e-08,0,592361,129444,138267,1648096574,138267,19186228,13830923301,381654594,False,,,,,,,
411,3,50000,5000,65000000,1e-08,1e-08,0,630511,139463,148757,121994144,148757,20397277,14880228052,414251541,False,,,,,,,
412,3,50000,5000,70000000,1e-08,1e-08,0,676378,151403,160101,1800056757,160101,21832244,16014956446,440057342,False,,,,,,,
413,3,50000,5000,75000000,1e-08,1e-08,0,716826,161916,172224,2082154772,172224,23133242,17227608000,475611464,False,,,,,,,
414,3,50000,5000,80000000,1e-08,1e-08,0,753874,171736,182054,397640155,182054,24302981,18210893255,499620584,False,,,,,,,
415,3,50000,5000,85000000,1e-08,1e-08,0,791269,181578,193562,1867405669,193562,25512188,19362027013,532372998,False,,,,,,,
416,3,50000,5000,90000000,1e-08,1e-08,0,838051,193892,204834,538399916,204834,26971081,20489553844,563423067,False,,,,,,,
417,3,50000,5000,95000000,1e-08,1e-08,0,871829,202832,215527,627822458,215527,28067274,21559164061,586608157,True,11352518656.0,6.450844966936076,834062.0,48423.990000000005,27513797.0,28803.472642756384,60991.0
418,3,50000,5000,100000000,1e-08,1e-08,0,919088,215205,227730,305015488,227730,29552314,22779818270,622766111,False,,,,,,,
419,3,55000,5000,50000000,1e-08,1e-08,0,525156,109097,115946,1299564307,115946,16944862,12757660631,351027843,False,,,,,,,
420,3,60000,5000,50000000,1e-08,1e-08,0,535111,109049,115710,797000844,115710,17344913,13888819318,378269327,False,,,,,,,
421,3,65000,5000,50000000,1e-08,1e-08,0,548189,109636,115941,1274925568,115941,17773450,15075979955,401186197,False,,,,,,,
422,3,70000,5000,50000000,1e-08,1e-08,0,558036,109732,116697,1931486063,116697,18122734,16341277454,432015769,False,,,,,,,
423,3,75000,5000,50000000,1e-08,1e-08,0,576061,111786,117947,288415885,117947,18699163,17695808344,466097043,False,,,,,,,
424,3,80000,5000,50000000,1e-08,1e-08,0,580667,110339,117807,1343939080,117807,18891550,18852899390,495654997,False,,,,,,,
425,3,85000,5000,50000000,1e-08,1e-08,0,597816,112067,118806,501542654,118806,19441633,20200853385,528724899,True,9621544960.0,7.037601651289449,565978.0,26947.460000000003,18575315.0,14745.026737616652,34374.0
426,3,90000,5000,50000000,1e-08,1e-08,0,613552,113735,120984,56622504,120984,19972621,21781041146,559859770,False,,,,,,,
427,3,95000,5000,50000000,1e-08,1e-08,0,623265,113430,120391,113325104,120391,20389329,22878218724,589142237,False,,,,,,,
428,3,100000,5000,50000000,1e-08,1e-08,0,635970,114264,121084,1258270773,121084,20816380,24220774024,608112733,False,,,,,,,
429,3,5000,5000,50000000,2e-08,1e-08,0,641745,168395,91126,1262303824,91126,18801538,913904223,32041967,False,,,,,,,
430,3,10000,5000,50000000,2e-08,1e-08,0,706044,181974,97403,113456232,97403,20799878,1950906737,62975573,False,,,,,,,
431,3,15000,5000,50000000,2e-08,1e-08,0,750403,190277,102255,721113921,102255,22241917,3070659486,94441838,False,,,,,,,
432,3,20000,5000,50000000,2e-08,1e-08,0,781603,195792,104194,1750858897,104194,23192461,4170847366,125826424,False,,,,,,,
433,3,25000,5000,50000000,2e-08,1e-08,0,811609,200520,106866,2126216876,106866,24118647,5346489379,156159783,False,,,,,,,
434,3,30000,5000,50000000,2e-08,1e-08,0,832341,203421,108401,1804623246,108401,24782392,6507318693,188695502,True,3655081984.0,7.7645547833570205,595487.0,11712.93,18358496.0,25037.724558508897,43767.0
435,3,35000,5000,50000000,2e-08,1e-08,0,850972,205359,109580,2003700907,109580,25374650,7673917643,216906823,False,,,,,,,
436,3,40000,5000,50000000,2e-08,1e-08,0,875452,209074,110783,2052427341,110783,26129463,8866017481,249743519,True,4729544704.0,7.9283172849642956,637294.0,20629.64,19621525.0,25330.180126946285,45065.0
437,3,45000,5000,50000000,2e-08,1e-08,0,898014,212068,112354,672563919,112354,26836489,10115307525,280775768,True,5311598592.0,7.985171689872348,661827.0,36077.65,20352326.0,25200.76367336704,45640.0
438,3,50000,5000,5000000,2e-08,1e-08,0,180345,21134,11251,494788567,11251,5683419,1125651542,30155317,False,,,,,,,
439,3,50000,5000,10000000,2e-08,1e-08,0,264098,43046,23068,29197651,23068,8144442,2307682441,64544315,True,1397649408.0,9.975029297755341,221306.0,2193.6299999999997,6701377.0,4996.1938234125555,10289.0
440,3,50000,5000,15000000,2e-08,1e-08,0,343785,64077,34029,1018431317,34029,10496374,3404100601,95046315,False,,,,,,,
441,3,50000,5000,20000000,2e-08,1e-08,0,427608,86052,45518,572176778,45518,12919600,4553333731,124506742,False,,,,,,,
442,3,50000,5000,25000000,2e-08,1e-08,0,507281,107037,57512,2094702093,57512,15238222,5753081672,159750772,False,,,,,,,
443,3,50000,5000,30000000,2e-08,1e-08,0,591382,129163,68761,1482768226,68761,17910563,6878307943,191208383,False,,,,,,,
444,3,50000,5000,35000000,2e-08,1e-08,0,667747,148938,79268,707689137,79268,20148531,7929312967,218113250,True,4133142528.0,8.195391301527584,505377.0,15351.720000000001,15393257.0,17186.184359780233,32480.0
445,3,50000,5000,40000000,2e-08,1e-08,0,749865,170687,91234,955381369,91234,22564424,9126259537,250982455,True,4686008320.0,8.11320024094312,565701.0,15251.1,17425904.0,19256.145218576978,36572.0
446,3,50000,5000,45000000,2e-08,1e-08,0,832883,192359,102613,583417612,102613,24990779,10264489866,278997369,False,,,,,,,
447,3,50000,5000,50000000,2e-08,1e-08,0,912489,213551,114215,330223061,114215,27335002,11425026203,316050780,False,,,,,,,
448,3,50000,5000,55000000,2e-08,1e-08,0,994327,234721,124738,176940208,124738,29715369,12477631296,343941971,False,,,,,,,
449,3,50000,5000,60000000,2e-08,1e-08,0,1081038,257517,136968,252015228,136968,32732495,13700985717,378524015,False,,,,,,,
450,3,50000,5000,65000000,2e-08,1e-08,0,1161588,278811,149106,598541784,149106,35143996,14915137820,412591427,False,,,,,,,
451,3,50000,5000,70000000,2e-08,1e-08,0,1243658,300270,159925,1703011720,159925,37570009,15997351581,442010412,True,8492396544.0,7.972278300691294,912212.0,32781.35,28209666.0,35860.66780338542,63999.0
452,3,50000,5000,75000000,2e-08,1e-08,0,1324802,321527,169901,1122247954,169901,39961648,16995240833,464312527,False,,,,,,,
453,3,50000,5000,80000000,2e-08,1e-08,0,1402069,341903,182398,23961893,182398,42464080,18245303237,500670259,False,,,,,,,
454,3,50000,5000,85000000,2e-08,1e-08,0,1485835,363661,193323,1494777887,193323,44943343,19338120197,529389644,False,,,,,,,
455,3,50000,5000,90000000,2e-08,1e-08,0,1570541,385826,204488,1086631771,204488,47468401,20454944239,558985898,False,,,,,,,
456,3,50000,5000,95000000,2e-08,1e-08,0,1645237,405363,214232,1999174213,214232,49683918,21429627032,583317217,False,,,,,,,
457,3,50000,5000,100000000,2e-08,1e-08,0,1719526,425338,227259,893694271,227259,51951541,22732704670,620964841,False,,,,,,,
458,3,55000,5000,50000000,2e-08,1e-08,0,940525,217918,115271,1928367507,115271,28178946,12683391279,346220554,False,,,,,,,
459,3,60000,5000,50000000,2e-08,1e-08,0,948193,217170,115875,2104227101,115875,28602211,13908624253,375336707,False,,,,,,,
460,3,65000,5000,50000000,2e-08,1e-08,0,967699,219534,115828,864256287,115828,29197982,15061287105,401218830,False,,,,,,,
461,3,70000,5000,50000000,2e-08,1e-08,0,985650,221657,117256,1798862407,117256,29786911,16419554111,437364600,True,8329256960.0,8.286579657470124,752380.0,28167.8,23218384.0,24582.506362655568,47165.0
462,3,75000,5000,50000000,2e-08,1e-08,0,998328,222442,118857,1085442536,118857,30227934,17832334946,472422801,False,,,,,,,
463,3,80000,5000,50000000,2e-08,1e-08,0,1014374,223849,118563,2053453960,118563,30727709,18973881064,496349250,True,9407418368.0,8.386647852734303,778608.0,32248.469999999998,24041354.0,24443.072403716957,47555.0
464,3,85000,5000,50000000,2e-08,1e-08,0,1029788,225224,119704,764791245,119704,31235115,20353538782,533517798,False,,,,,,,
465,3,90000,5000,50000000,2e-08,1e-08,0,1044467,226303,120517,1331635077,120517,31717861,21696967014,564536808,False,,,,,,,
466,3,95000,5000,50000000,2e-08,1e-08,0,1054580,226339,119850,1574536896,119850,32316550,22775412826,587346876,False,,,,,,,
467,3,100000,5000,50000000,2e-08,1e-08,0,1078583,229729,121635,786281672,121635,33072115,24330989307,632112611,False,,,,,,,
468,4,5000,5000,50000000,5e-09,1e-08,0,169381,42518,91550,787669565,91550,6093530,918155707,31971000,False,,,,,,,
469,4,10000,5000,50000000,5e-09,1e-08,0,191600,45595,98599,474828821,98599,6864212,1974861602,63870676,False,,,,,,,
470,4,15000,5000,50000000,5e-09,1e-08,0,207351,47024,101219,1575105385,101219,7389690,3039549635,93116372,True,2021220352.0,5.094728386384175,253692.0,7265.73,8938354.0,7908.607895696386,19826.0
471,4,20000,5000,50000000,5e-09,1e-08,0,224478,48675,101973,1499842472,101973,7959580,4081943816,121917507,False,,,,,,,
472,4,25000,5000,50000000,5e-09,1e-08,0,239497,49979,106767,181238705,106767,8504023,5341536207,156754887,False,,,,,,,
473,4,30000,5000,50000000,5e-09,1e-08,0,253278,50863,108592,555536498,108592,8997892,6518784505,187999168,False,,,,,,,
474,4,35000,5000,50000000,5e-09,1e-08,0,266622,51841,110441,706682207,110441,9516810,7734211817,214521072,False,,,,,,,
475,4,40000,5000,50000000,5e-09,1e-08,0,281364,53089,113298,132806777,113298,10026316,9067290035,258375578,False,,,,,,,
476,4,45000,5000,50000000,5e-09,1e-08,0,290808,52894,112341,1816285244,112341,10329382,10114137169,282531076,False,,,,,,,
477,4,50000,5000,5000000,5e-09,1e-08,0,120202,5315,11374,585707020,11374,4054434,1137954915,31763849,False,,,,,,,
478,4,50000,5000,10000000,5e-09,1e-08,0,141249,10858,23288,1378821195,23288,4835526,2329688697,66219797,False,,,,,,,
479,4,50000,5000,15000000,5e-09,1e-08,0,160109,15819,33699,1106504883,33699,5513941,3371091613,94715655,True,1691422720.0,7.218623108157993,156442.0,5171.0700000000015,5323059.0,2180.5114508911747,6721.0
480,4,50000,5000,20000000,5e-09,1e-08,0,180316,21075,45072,620067397,45072,6255883,4508720684,123431536,True,2022027264.0,6.6582086862497745,184732.0,3916.02,6298105.0,3046.313274210551,9101.0
481,4,50000,5000,25000000,5e-09,1e-08,0,202705,27071,58326,1695624054,58326,7066492,5834504013,161923579,False,,,,,,,
482,4,50000,5000,30000000,5e-09,1e-08,0,221520,32007,68339,2048363676,68339,7753573,6836095733,184433063,False,,,,,,,
483,4,50000,5000,35000000,5e-09,1e-08,0,240434,36927,78716,2027294217,78716,8428569,7874097132,214589017,False,,,,,,,
484,4,50000,5000,40000000,5e-09,1e-08,0,261353,42448,90570,362481563,90570,9182021,9059840658,249537516,False,,,,,,,
485,4,50000,5000,45000000,5e-09,1e-08,0,283477,48325,103100,206825580,103100,10095940,10313203609,288010639,True,4883726336.0,5.678303847430098,325134.0,23285.57,11334671.0,7092.659430951808,20114.0
486,4,50000,5000,50000000,5e-09,1e-08,0,301622,53084,112910,181037371,112910,10747394,11294488761,315439087,False,,,,,,,
487,4,50000,5000,55000000,5e-09,1e-08,0,325704,59316,126055,241905223,126055,11613840,12609369352,338801482,False,,,,,,,
488,4,50000,5000,60000000,5e-09,1e-08,0,347325,65008,137639,150182384,137639,12440021,13768105415,382867320,False,,,,,,,
489,4,50000,5000,65000000,5e-09,1e-08,0,365493,69660,147823,916814842,147823,13104232,14786800859,401994374,False,,,,,,,
490,4,50000,5000,70000000,5e-09,1e-08,0,383696,74594,158748,550748910,158748,13780722,15879617009,438246459,False,,,,,,,
491,4,50000,5000,75000000,5e-09,1e-08,0,411258,81903,173106,1628256114,173106,14766978,17315833229,476757782,False,,,,,,,
492,4,50000,5000,80000000,5e-09,1e-08,0,425509,85548,181296,622886365,181296,15290012,18135071307,493338893,False,,,,,,,
493,4,50000,5000,85000000,5e-09,1e-08,0,442080,89947,190289,822466301,190289,15889594,19034632434,516061582,False,,,,,,,
494,4,50000,5000,90000000,5e-09,1e-08,0,463564,95687,204523,2131298187,204523,16712711,20458445355,566698720,False,,,,,,,
495,4,50000,5000,95000000,5e-09,1e-08,0,486000,101555,215650,1297466108,215650,17502361,21571467943,592335748,False,,,,,,,
496,4,50000,5000,100000000,5e-09,1e-08,0,507031,107097,226923,1362163825,226923,18259390,22699095210,625279232,False,,,,,,,
497,4,55000,5000,50000000,5e-09,1e-08,0,315826,54144,115683,1298901525,115683,11242523,12728722519,349433386,False,,,,,,,
498,4,60000,5000,50000000,5e-09,1e-08,0,326624,54366,115635,1030874911,115635,11601019,13879816989,380433090,True,6403555328.0,5.779395434916718,374736.0,15265.68,13003493.0,7805.325732145297,22456.0
499,4,65000,5000,50000000,5e-09,1e-08,0,342100,55834,119410,1057378658,119410,12146443,15527050463,420439793,False,,,,,,,
500,4,70000,5000,50000000,5e-09,1e-08,0,349428,54982,116744,103243913,116744,12364421,16347857894,435976985,False,,,,,,,
501,4,75000,5000,50000000,5e-09,1e-08,0,361048,55451,118603,931505629,118603,12777330,17794227142,476472302,False,,,,,,,
502,4,80000,5000,50000000,5e-09,1e-08,0,374078,56188,119858,1132519167,119858,13213802,19181118269,512990240,True,8537784320.0,6.012992844520409,415125.0,24460.260000000002,14490017.0,7944.741987679517,23366.0
503,4,85000,5000,50000000,5e-09,1e-08,0,383461,55919,118833,2099745760,118833,13514890,20205444437,519441758,True,8904962048.0,6.085889128869691,422665.0,28658.42,14718417.0,7572.424430112977,22874.0
504,4,90000,5000,50000000,5e-09,1e-08,0,393544,55940,118690,2124255822,118690,13850564,21368055167,545167156,False,,,,,,,
505,4,95000,5000,50000000,5e-09,1e-08,0,407707,57037,120643,1281804323,120643,14381634,22926106003,590374681,False,,,,,,,
506,4,100000,5000,50000000,5e-09,1e-08,0,418859,57421,121954,622936086,121954,14772303,24394798995,626017912,False,,,,,,,
507,4,5000,5000,50000000,1e-08,1e-08,0,323586,83617,90552,1364696244,90552,10150357,908147383,31709186,True,904048640.0,5.787971726855425,284965.0,1566.47,9447736.0,15191.700931000052,27330.0
508,4,10000,5000,50000000,1e-08,1e-08,0,365942,91773,97961,1767831761,97961,11562819,1962083004,63964635,False,,,,,,,
509,4,15000,5000,50000000,1e-08,1e-08,0,390999,95544,102743,94153288,102743,12382194,3085313456,95398043,False,,,,,,,
510,4,20000,5000,50000000,1e-08,1e-08,0,410938,97960,104552,1346587708,104552,13016031,4185178065,126697695,False,,,,,,,
511,4,25000,5000,50000000,1e-08,1e-08,0,429842,100200,106922,1323436963,106922,13627737,5349291359,158060131,False,,,,,,,
512,4,30000,5000,50000000,1e-08,1e-08,0,449727,102605,108957,604798592,108957,14261440,6540694521,188570162,False,,,,,,,
513,4,35000,5000,50000000,1e-08,1e-08,0,459937,102719,110075,414546107,110075,14693360,7708581543,223375005,False,,,,,,,
514,4,40000,5000,50000000,1e-08,1e-08,0,476807,104274,111194,2123359500,111194,15234006,8898909245,250474728,True,4616040448.0,6.434061022032529,446215.0,17026.32,14578910.0,14589.3912570806,31769.0
515,4,45000,5000,50000000,1e-08,1e-08,0,497097,107044,113601,384569626,113601,15885163,10227573794,283136400,False,,,,,,,
516,4,50000,5000,5000000,1e-08,1e-08,0,140891,10796,11499,2064701228,11499,4630472,1150458454,31461342,False,,,,,,,
517,4,50000,5000,10000000,1e-08,1e-08,0,180064,21075,22667,557553369,22667,5864779,2267571329,61709358,False,,,,,,,
518,4,50000,5000,15000000,1e-08,1e-08,0,224335,32636,34624,2112769142,34624,7236685,3463617422,93939661,False,,,,,,,
519,4,50000,5000,20000000,1e-08,1e-08,0,263522,42990,45440,457890700,45440,8513929,4545531501,123747821,False,,,,,,,
520,4,50000,5000,25000000,1e-08,1e-08,0,304802,53874,57377,1704968199,57377,9853187,5739577814,159424742,False,,,,,,,
521,4,50000,5000,30000000,1e-08,1e-08,0,342602,63789,68005,1407826816,68005,11063260,6802685820,187545589,False,,,,,,,
522,4,50000,5000,35000000,1e-08,1e-08,0,385043,74911,79615,189297074,79615,12392116,7964022618,219209196,False,,,,,,,
523,4,50000,5000,40000000,1e-08,1e-08,0,425749,85553,90734,1039150502,90734,13664659,9076245241,244972953,True,4488585216.0,6.709544964997307,398708.0,14982.85,12943056.0,11244.773201839254,25800.0
524,4,50000,5000,45000000,1e-08,1e-08,0,461322,94938,101153,391942469,101153,14790767,10118447812,276520639,False,,,,,,,
525,4,50000,5000,50000000,1e-08,1e-08,0,505176,106502,113439,447621704,113439,16167552,11347403642,313422911,False,,,,,,,
526,4,50000,5000,55000000,1e-08,1e-08,0,550883,118497,125829,603194574,125829,17730987,12586762418,344393603,False,,,,,,,
527,4,50000,5000,60000000,1e-08,1e-08,0,590848,129001,136877,1625557540,136877,19121457,13691883197,379041776,False,,,,,,,
528,4,50000,5000,65000000,1e-08,1e-08,0,626667,138413,147738,1594871572,147738,20274856,14778297839,408776671,False,,,,,,,
529,4,50000,5000,70000000,1e-08,1e-08,0,676368,151410,160379,2088083594,160379,21837979,16042764890,441595346,False,,,,,,,
530,4,50000,5000,75000000,1e-08,1e-08,0,713777,161320,171869,175258464,171869,23047489,17192097736,471161818,True,8969854976.0,6.485372441603896,681898.0,27661.030000000002,22512539.0,23181.702327311265,49334.0
531,4,50000,5000,80000000,1e-08,1e-08,0,754810,172137,182688,1507673913,182688,24338924,18274311727,498316435,False,,,,,,,
532,4,50000,5000,85000000,1e-08,1e-08,0,790948,181459,192082,1592400398,192082,25479099,19213984098,525947915,True,10002984960.0,6.477418688338298,752404.0,44469.229999999996,24827738.0,26359.889291045118,55299.0
533,4,50000,5000,90000000,1e-08,1e-08,0,837263,193851,205574,1435789245,205574,26961666,20563575249,562604267,False,,,,,,,
534,4,50000,5000,95000000,1e-08,1e-08,0,875845,203792,216228,1853022882,216228,28187960,21629284167,597768058,False,,,,,,,
535,4,50000,5000,100000000,1e-08,1e-08,0,914680,214087,227099,1484369869,227099,29426913,22716699302,623672265,False,,,,,,,
536,4,55000,5000,50000000,1e-08,1e-08,0,522144,108095,115184,701435997,115184,16719244,12673818825,337040948,False,,,,,,,
537,4,60000,5000,50000000,1e-08,1e-08,0,532021,108172,115644,1104735417,115644,17260551,13880897027,370975727,False,,,,,,,
538,4,65000,5000,50000000,1e-08,1e-08,0,549895,110313,116819,2046322052,116819,17833045,15190146256,406202586,False,,,,,,,
539,4,70000,5000,50000000,1e-08,1e-08,0,560048,110167,116822,1463956697,116822,18177021,16358781113,435998122,False,,,,,,,
540,4,75000,5000,50000000,1e-08,1e-08,0,573575,111205,117308,690061852,117308,18620860,17599940073,463110449,True,8505339904.0,6.9203699902499105,539429.0,30298.4,17735887.0,14638.360454874139,33723.0
541,4,80000,5000,50000000,1e-08,1e-08,0,586806,111917,119688,2132119182,119688,19088748,19153913273,502662102,True,9156390912.0,6.934383757862615,556727.0,33364.42,18301667.0,14695.648207431479,34291.0
542,4,85000,5000,50000000,1e-08,1e-08,0,597936,112256,119302,1082334454,119302,19455076,20285187406,529586416,False,,,,,,,
543,4,90000,5000,50000000,1e-08,1e-08,0,613185,113460,118945,1359821857,118945,19929543,21413961772,552360184,False,,,,,,,
544,4,95000,5000,50000000,1e-08,1e-08,0,624748,113952,121043,1095146511,121043,20444196,23002117851,589367313,False,,,,,,,
545,4,100000,5000,50000000,1e-08,1e-08,0,631401,113035,120242,1370964891,120242,20679008,24052349651,612707856,False,,,,,,,
546,4,5000,5000,50000000,2e-08,1e-08,0,639642,168004,90701,892015068,90701,18735238,909641940,31824445,True,906711040.0,7.016831597969194,407713.0,2036.31,12577379.0,24970.753799822687,38059.0
547,4,10000,5000,50000000,2e-08,1e-08,0,710445,182982,98662,1056741354,98662,20940278,1976123353,63699906,False,,,,,,,
548,4,15000,5000,50000000,2e-08,1e-08,0,746852,189499,101830,1559057698,101830,22139396,3057897366,94093889,True,2028904448.0,7.471831912622637,511021.0,17049.45,15711443.0,24951.94476019738,41265.0
549,4,20000,5000,50000000,2e-08,1e-08,0,773221,193505,103554,1302842747,103554,22957398,4145229338,125317755,True,2469175296.0,7.608497250722748,536886.0,7713.94,16612771.0,24759.881332479,41750.0
550,4,25000,5000,50000000,2e-08,1e-08,0,809139,200094,107195,488540742,107195,24060848,5362948809,161017727,False,,,,,,,
551,4,30000,5000,50000000,2e-08,1e-08,0,833072,203503,108080,162161343,108080,24794064,6488049395,189143957,False,,,,,,,
552,4,35000,5000,50000000,2e-08,1e-08,0,855916,206803,110017,248531048,110017,25517761,7704519938,220722203,False,,,,,,,
553,4,40000,5000,50000000,2e-08,1e-08,0,876190,209364,112011,1633476933,112011,26173098,8964292513,255555470,False,,,,,,,
554,4,45000,5000,50000000,2e-08,1e-08,0,900070,212629,113316,373686840,113316,26911824,10201915225,282388986,False,,,,,,,
555,4,50000,5000,5000000,2e-08,1e-08,0,182130,21589,11747,971718882,11747,5737351,1175265511,32302787,False,,,,,,,
556,4,50000,5000,10000000,2e-08,1e-08,0,263683,42869,22625,1076719932,22625,8125700,2263370103,62542613,False,,,,,,,
557,4,50000,5000,15000000,2e-08,1e-08,0,346816,64697,34571,1486921941,34571,10585913,3458316162,95464244,False,,,,,,,
558,4,50000,5000,20000000,2e-08,1e-08,0,425042,85347,45611,185653525,45611,12851816,4562636633,123002932,False,,,,,,,
559,4,50000,5000,25000000,2e-08,1e-08,0,507264,106842,56384,570230646,56384,15216693,5640249471,154215746,False,,,,,,,
560,4,50000,5000,30000000,2e-08,1e-08,0,591409,129162,68578,532805843,68578,17907206,6860002855,189754819,False,,,,,,,
561,4,50000,5000,35000000,2e-08,1e-08,0,668921,149341,79198,598834242,79198,20176281,7922310600,217521495,True,4067745792.0,8.190632356522444,504502.0,12649.35,15369369.0,16982.10984000113,32267.0
562,4,50000,5000,40000000,2e-08,1e-08,0,756669,172506,92134,1820620571,92134,22758638,9216285207,254271307,False,,,,,,,
563,4,50000,5000,45000000,2e-08,1e-08,0,837273,193637,103153,19956896,103153,25119455,10318505199,284282243,False,,,,,,,
564,4,50000,5000,50000000,2e-08,1e-08,0,921732,215599,113518,242394223,113518,27569169,11355306058,311965382,False,,,,,,,
565,4,50000,5000,55000000,2e-08,1e-08,0,1002070,236955,126180,67599211,126180,29951800,12621872599,348634110,True,6650306560.0,8.012507965997344,741806.0,24134.45,22908358.0,28145.35865367381,50984.0
566,4,50000,5000,60000000,2e-08,1e-08,0,1080827,257457,137026,1933431991,137026,32727750,13706787545,375074556,False,,,,,,,
567,4,50000,5000,65000000,2e-08,1e-08,0,1162128,278855,147946,1940299695,147946,35136383,14799104103,408686889,True,7823204352.0,7.967148291823617,850270.0,29243.05,26313919.0,33079.96831789052,59357.0
568,4,50000,5000,70000000,2e-08,1e-08,0,1243179,300072,159702,986847209,159702,37554443,15975045431,438632815,False,,,,,,,
569,4,50000,5000,75000000,2e-08,1e-08,0,1320070,320202,170946,1098166721,170946,39847999,17099771367,468653338,False,,,,,,,
570,4,50000,5000,80000000,2e-08,1e-08,0,1402520,341819,182432,1349350054,182432,42474139,18248704396,500117842,False,,,,,,,
571,4,50000,5000,85000000,2e-08,1e-08,0,1490675,365150,194557,1834736608,194557,45105087,19461556178,537745367,False,,,,,,,
572,4,50000,5000,90000000,2e-08,1e-08,0,1570390,385866,205440,2041784629,205440,47478926,20550171758,565760331,True,11055620096.0,7.950554152491077,1142757.0,45066.57,35719742.0,47006.09002517419,82141.0
573,4,50000,5000,95000000,2e-08,1e-08,0,1652624,407529,217583,14992781,217583,49942462,21764824153,599920275,False,,,,,,,
574,4,50000,5000,100000000,2e-08,1e-08,0,1729318,427905,227780,1099145440,227780,52225371,22784819806,627404024,False,,,,,,,
575,4,55000,5000,50000000,2e-08,1e-08,0,935262,216693,115291,1470574106,115291,28036593,12685591773,350023288,False,,,,,,,
576,4,60000,5000,50000000,2e-08,1e-08,0,952709,218275,116863,247511076,116863,28741397,14027212216,380902984,True,7161073664.0,8.125410418711708,720147.0,30809.36,22241332.0,25432.532501361813,47407.0
577,4,65000,5000,50000000,2e-08,1e-08,0,966832,219487,116755,173566014,116755,29195610,15181824029,406487174,False,,,,,,,
578,4,70000,5000,50000000,2e-08,1e-08,0,983248,220956,117748,1540870293,117748,29725655,16488447604,440835037,True,8416677888.0,8.236589385781782,749612.0,27908.120000000003,23160178.0,24982.889943493523,47607.0
579,4,75000,5000,50000000,2e-08,1e-08,0,1002710,223356,118423,1792792503,118423,30338701,17767221854,470078238,False,,,,,,,
580,4,80000,5000,50000000,2e-08,1e-08,0,1014592,223828,119646,4303043,119646,30753626,19147191959,500579552,False,,,,,,,
581,4,85000,5000,50000000,2e-08,1e-08,0,1021171,223065,118780,1789529206,118780,30988328,20196432475,523504669,True,10052091904.0,8.417533874187656,792696.0,50965.310000000005,24472147.0,24845.51342828088,48287.0
582,4,90000,5000,50000000,2e-08,1e-08,0,1039672,225002,119322,2074576326,119322,31569624,21481832587,555335316,False,,,,,,,
583,4,95000,5000,50000000,2e-08,1e-08,0,1060667,227942,120247,1140411656,120247,32489774,22850854532,595310538,False,,,,,,,
584,4,100000,5000,50000000,2e-08,1e-08,0,1068328,227260,120772,328377341,120772,32782166,24158364502,621924816,False,,,,,,,
